トップページ,
メニュー,
メニュー2,
プラグイン/ニュース,
プラグイン/編集履歴,
プラグイン/アーカイブ,
プラグイン/動画(Youtube),
プラグイン,
プラグイン/関連ブログ,
プラグイン/コメント,
ミクたんのテーマ,みくたんのてーま
恋スルVOC@LOID,こいするぼーかろいど
テンプレート/曲,
大好き！お兄ちゃん！,だいすき　おにいちゃん
猫になった日,ねこになったひ
Packaged,
仕方ないのよね,しかたないのよね
1枚のはね,1まいのはね
White Letter/GonGoss,
みくみくにしてあげる♪,みくみくにしてあげる
あなたの歌姫,あなたのうたひめ
宝物,たからもの
シューティング☆スター/かじゅきP,しゅーてぃんぐすたー
moon/iroha,
I Sing For You/haruno-suke,
おしえて！だぁりん,おしえて　だぁりん
恋愛ボーカロイド,れんあいぼーかろいど
BEST FRIENDS,
この想い伝えたくて～ココロノ花ビラ～,このおもいつたえたくて　こころのはなびら
この想い伝えたくて～花びら乱舞～,このおもいつたえたくて　はなびららんぶ
ハジメテノオト,はじめてのおと
celluloid,
タイムリミット,たいむりみっと
Shining Rain,
曲一覧,
砂場,
砂場/コメントログ,
このWikiの管理,
曲の追加の仕方,めると
このWikiの管理/コメントログ,
歴史,
テンプレート/作り手,
作り手一覧,
フナコシP,ふなこしP
ワンカップP,わんかっぷP
デッドボールP,でっどぼーるP
鼻毛P,はなげP
baker,
ika,
kz,
azuma,
BinoP,
くちばしP,くちばしP
ゆうゆ,
cosMo（暴走P）,
nekoyu,
目玉P,めだまP
昭和歌謡P,しょうわかよう
萌え賛美歌P,もえさんびか
ストラトスフィア,すとらとすふぃあ
うたたP,うたたP
Kouhei（K's Sound Project）,
ストロボナイツ,すとろぼないつ
またおまP,またおまP
ヤスオP,やすおP
リンク集,
タグまとめ,
初音ミクとは,
まぁしあP,まぁしあ
Re:nG,
メルト,めると
melody...,
隅っこP,すみっこ
アド・アストラ,あどあすとら
乱数P,らんすうP
リラホルン,りらほるん
文鳥P,ふみどりP
わんだらP,わんだらP
くらP,
金の聖夜霜雪に朽ちて,こがねのせいやそうせつにくちて
ネハンシカP,ねはんしかP
haruna808,
Daybreak/samfree,
忘れないで・・・,わすれないで
永久に続く五線譜,とわにつづくごせんふ
saturation,
きみの体温（ぬくもり）,きみのぬくもり
Chocolate☆Magic -ドキドキ大作戦-,
Dreaming Leaf -ユメミルコトノハ-,
月の詩,つきのうた
Happy*Happy Magic,
消えない記憶,きえないきおく
雲の遺跡,くものいせき
誰かにひとりごと,だれかにひとりごと
samfree,
はややP,はややP
初音ミクの消失,はつねみくのしょうしつ
Initiation/セセラギP,
魚に逆らうからさ！！,さかなにさからうからさ！！
Cocktail and Lovers' Night,
Dies Irae－蜥蜴の唄－,Dies Irae－とかげのうた－
ガーネットローズ,がーねっとろーず
いつかギラギラする日,いつかぎらぎらするひ
願い/アップルP,ねがい
灰雪ガス,はいせつがす
えれくとりっく・えんじぇぅ,
kihirohito,
夜祭,よまつり
GonGoss,
ミクのオルゴール,みくのおるごーる
あなたがいるから-Monitor of Love-,あなたがいるから
夕闇メロディ,ゆうやみめろでぃ
つないだ手,つないだて
らいおんP,らいおん
秦野P,はだのP
私の時間,わたしのじかん
Holy Star,
わたしのツバサ,わたしのつばさ
サウンド,さうんど
ミラクルペイント,みらくるぺいんと
ドンフライP,どんふらいP
Q&A,
つべ板本スレ　テンプレ置き場,
ファインダー,ふぁいんだー
はるか/くらP,
ぢょんP,
Promise/samfree,
初音型依存症候群,はつねがたいぞんしょうこうぐん
畳P（North-T）,たたみP
My first X'mas,
初音ミクの暴走,はつねみくのぼうそう
初音ミク,
ボーカロイド一覧,
yanagiP,
森の中の赤い川,もりのなかのあかいかわ
歌詞を乱数で生成した歌,かしをらんすうでせいせいしたうた
ハト,はと
なぜか変換できない,なぜかへんかんできない
もっと歌わせて2107,もっとうたわせて2107
さよなら/林檎,さよなら
おやすみのうた,おやすみのうた
ウタエナイウタ,うたえないうた
桜の季節,さくらのきせつ
廻り出すセカイ,まわりだすせかい
鏡音リン・レン,
片想イVOC@LOID,かたおもいVOC@LOID
流星/流星P,りゅうせい
サイハテ,さいはて
小林オニキス,こばやしおにきす
涼風P,すずかぜP
doriko,
遺作P,いさくP
トラボルタP,とらぼるたP
IGASIO,
ボカロ互助会,ぼかろごじょかい
シグナルP,しぐなるP
星空に願いを込めて ～Good Night,ほしぞらにねがいをこめて
近未来都市,きんみらいとし
ぺぺろんP,
歌に形はないけれど,うたにかたちはないけれど
白の季節,しろのきせつ
機械仕掛の詩,きかいじかけのうた
クローバー♣クラブ,くろーばーくらぶ
恋するキカイ,こいするきかい
流星P,りゅうせいP
"Fly away,Gray bird...",
ぶちぬけ！2008！,ぶちぬけ2008
Forgotten...,
輝く希望の謳,かがやくきぼうのうた
夜明けの空,よあけのそら
アンチェインド・メモリー,あんちぇいんど・めもりー
伝えたいきもち,つたえたいきもち
桜のような恋でした,さくらのような　こいでした
涙にさよなら,なみだにさよなら
きみをわすれない,きみをわすれない
金色のアリス,こんじきのありす
ソラノカナタ/ソライロP,そらのかなた
体の調子おかしいの,からだのちょうしおかしいの
Innocence/KazuP,
Little M,
あるお節介な言葉,あるおせっかいなことば
今ボクの中にある小さな勇気,いまぼくのなかにあるちいさなゆうき
電脳スキル,でんのうすきる
スマイリーxスマイリー,すまいりーすまいりー
ネギの祀り謳,ねぎのまつりうた
シンP,しんP
ちょいワルP,ちょいわるP
みくみく菌にご注意♪,みくみくきんにごちゅうい
ぴんぽんだっしゅ！,ぴんぽんだっしゅ
うたごえぐるぐる,うたごえぐるぐる
19's Sound Factory,
雪の雫,ゆきのしずく
ONPA -音波-,
サクラ咲ク,さくらさく
shu-tP,
ビー玉,びーだま
Bumpyうるし,
ぼか主,ぼかぬし
龍ノ啼ク箱庭拠リ,りゅうのなくはこにわより
あなたがくれたオト,あなたがくれたおと
弱音P,よわねP
Harmonia/作り手,
忘却心中,ぼうきゃくしんじゅう
ねぎたまP,ねぎたまP
離さんといてよ,はなさんといてよ
andromeca,
Lividus,
OSTER project,
うどんゲルゲ,うどんげるげ
KAITO,
MEIKO,
曲一覧（ページ作成順）,
曲一覧/あ行,
おてんば姫の歌♪,おてんばひめのうた
護法少女ソワカちゃん,ごほうしょうじょそわかちゃん
曲一覧/その他,
曲一覧/か行,
曲一覧/A～Z,
曲一覧/さ行,
曲一覧/た行,
曲一覧/わ行,
曲一覧/な行,
曲一覧/ら行,
曲一覧/は行,
曲一覧/や行,
曲一覧/ま行,
EX-GIRL,
KYUTARO,
まうP,
cmmz,
awk,
初音ミクさんの心境,はつねみくさんのしんきょう
迷惑なあなた,めいわくなあなた
OPA,
チイサナセカイ/OPA,ちいさなせかい
Close My Eyes,
In The Moment,
BingoBongoP,
同じように,おなじように
教えて!! 魔法のLyric,おしえて!!まほうのLyric
よつばのクローバー,よつばのくろーばー
Time&Space,
リンリンシグナル,りんりんしぐなる
アキアカネ,あきあかね
無条件幸福,むじょうけんこうふく
FortuneDiver,
ウタハコ:／／H,うたはこさいどはつね
逆襲のMeiko,ぎゃくしゅうのめいこ
PASSIONAIRE,
cokesi,
コンビニ,こんびに
リンクだけ存在する未作成ページ一覧,
White Lights,
Sound of Virginity,
DTMってなぁに？,
雪峰 ～yukimine～,ゆきみね
うたごえとどけ！にこにこどうが,うたごえとどけにこにこどうが
ごまあえP,ごまあえP
魔法少女ラジカルペイント,まほうしょうじょらじかるぺいんと
noodle,
chocolat,
落葉とワルツを,おちばとわるつを
万感吟遊,ばんかんぎんゆう
椛,もみじ
卑怯戦隊うろたんだー,ひきょうせんたい　うろたんだー
Life of Melody,
見えない涙を流すなら,みえないなみだをながすなら
SING＆SMILE,
心の詩/てつやP,こころのうた
純情系化学少女ケミカル☆リン,じゅんじょうけいかがくしょうじょけみかるりん
FAIRYLAND,
林檎/作り手,りんご
サヨナラ/そそそP,さよなら
ロザリオ,ろざりお
桜舞う日,さくらまうひ
雨宿りの二人,あまやどりのふたり
LOVELY☆VOCALOID,
GIRL meets BOY,
Voice/19's Sound Factory,
いつしか、必ず。,いつしか、かならず。
ドキドキ♪ハートチューン,どきどきはーとちゅーん
harunacute,
cappuccino,
倦怠期,けんたいき
over16bit!,
"Hello, my master.",
Overcome,
Shooting Star Prologue,
La Noël Sucrée ～おさとうノエル～,La Noël Sucrée おさとうのえる
WAY,
月花ノ姫歌/ちえP,げっかのひめうた
ジェバンニP,じぇばんにP
ピンクスパイダー,ぴんくすぱいだー
恋スルVOC@LOID -テイクゼロ-,こいするぼーかろいど　ていくぜろ
Birth/19's Sound Factory,
きょうもうたう,きょうもうたう
時計廻る午後六時,とけいまわるごごろくじ
井戸端,
晴れときどきにわか雨,はれときどきにわかあめ
LEON,
LOLA,
MIRIAM,
Sweet Ann,
PRIMA,
初音ミクの終焉 -Worst END-,はつねみくのしゅうえん
サラリーマンのうた,さらりーまんのうた
Recollection/DUNKEL,
picoP,
恋の化学反応☆,こいのかがくはんのう
Big-Al,
Crea,
Tears In Blue,
秋空,あきぞら
涙のチョコレートモンスター,なみだのちょこれーともんすたー
"hello, world/null",
みくみっくす,みくみっくす
ねがい/juraki,ねがい
夏秋冬,なつあきふゆ
コーホーP,こーほーP
不思議な幸せ,ふしぎなしあわせ
黄昏サーカス,たそがれさーかす
ネジP,ねじ
ロケット宅宙便,ろけっとたっちゅうびん
放課後ちょこかっぷ,ほうかごちょこかっぷ
ちえP,ちえP
雪灯,ゆきあかり
てつやP,てつやP
peace world,
wing/てつやP,
曲者P,くせもの
少し楽しくなる時報（Time Signal）,すこしたのしくなるじほうTime Signal
涙枯れるまで泣くほうがいいかも,なみだかれるまでなくほうがいいかも
te-tote-totte～手と手とって,te-tote-totte～てとてとって
Pteron,
ゆにめもP,ゆにめもP
リンレンラリリン,りんれんらりりん
LOVE&P,
前へ/LOVE&P,まえへ
peace of the world,
色あせる笑顔,いろあせるえがお
ハッピースマイル,はっぴーすまいる
夢みることり,ゆめみることり
Universe.,
嘘ついてるの,うそついてるの
ほんとは分かってる,ほんとはわかってる
記憶,きおく
中学生/フナコシP,ちゅうがくせい
とりのえさ,とりのえさ
wish ～靴紐を結んで～,wishくつひもをむすんで
osatohP,
黒い森,くろいもり
月の踊り子,つきのおどりこ
初音の世界,はつねのせかい
情熱P,じょうねつP
メランコリー,めらんこりー
アッ子P,あっこP
waraP,
葱ヶ原の戦い,ねぎがはらのたたかい
哀愁と情熱のロードローラー,あいしゅうとじょうねつのろーどろーらー
Clean Tears,
水鏡の庭,みずかがみのにわ
Dragoon,
すんｚりヴぇｒP,すんｚりヴぇｒP
みっくりすます,みっくりすます
UPNUSY,
MIA VOCE,
X-Plorez,
チリユクトキハ,ちりゆくときは
どこまでもツヅク色,どこまでもつづくいろ
シューティングスター/ジェバンニP,しゅーてぃんぐすたー
ドント☆クライ,どんとくらい
リンリンリンってしてくりん,りんりんりんってしてくりん
リンカーネーション,りんかーねーしょん
さよなら、ニコニコ動画,さよならにこにこどうが
御楽シミ界,おたのしみかい
妖怪少女,ようかいしょうじょ
闇の唄,やみのうた
呪いの世界,のろいのせかい
夕やみも夜明けにかわる,ゆうやみもよあけにかわる
My Brand New Love,
クリスマスですが何か？,くりすますですがなにか？
Tower of Sunz,
トライアル,とらいある
ハイブリッド,はいぶりっど
平日（くもり）,へいじつ　くもり
ヒヤリハット,ひやりはっと
なっとくP,なっとく
なっとく森の歌,なっとくもりのうた
100年後のあなたへ,100ねんごのあなたへ
Everwhite,
子猫のパヤパヤ,こねこのぱやぱや
幸せの種,しあわせのたね
Love of a Groove,
Chillyditty Of February,
それが僕らのジャスティス,それがぼくらのじゃすてぃす
cryosphere,
クリスマス中止のお知らせ,くりすますちゅうしのおしらせ
ふなむしP,ふなむし
消えゆくあなたへ,きえゆくあなたへ
Do you want my heart？,
夕暮れノスタルジック,ゆうぐれのすたるじっく
CHAIN/samfree,
朝焼けのうた,あさやけのうた
Angel Heart,
壊れた時計,こわれたとけい
10月の雨/曲者P,10がつのあめ
雪が舞い降りたら,ゆきがまいおりたら
レンxミクの電・脳☆スキル!!,れんみくのでんのうすきる
花/カラオケP,はな
電空少女,でんくうしょうじょ
君と僕/おパンクP,きみとぼく
HEART BREAKER,
那由他の彼方まで,なゆたのかなたまで
Otomania,
最終電車,さいしゅうでんしゃ
sansuiP,
あ/sansuiP,あ
ギロカクたんまとめ,
アクリル,あくりる
ユメレア,ゆめれあ
TからSへ,
恋は戦争,こいはせんそう
桜ノ雨,さくらのあめ
halyosy,
after resolution,
あかいせかい,あかいせかい
氷結のディスコ,ひょうけつのでぃすこ
Miktronica,
Frogging Dance,
君のメロディー,きみのめろでぃー
アイサツロボット,あいさつろぼっと
Machine Meiden,
バースデイ,ばーすでい
朝の時間,あさのじかん
ふゆはこたつから出ない,ふゆはこたつからでない
忘れ歌,わすれうた
優しい気持ち,やさしいきもち
初音ミクのうた,はつねみくのうた
いのちのうた/haruna808,いのちのうた
The thought to tell,
Crystal,
surely/shu-tP,
ハッピネス,はっぴねす
Oh Year!!!,
同じ月の下で,おなじつきのしたで
都市,とし
anxiety,
銀の夢,ぎんのゆめ
Snowflake/ふなむしP,
enthusiasm,
やっぱ金やんか,やっぱかねやんか
例えば僕が消え去って,たとえばぼくがきえさって
404 Not Found ～Mの歌～,
星夜の夢,せいやのゆめ
風切羽,かぜきりばね
だいじょうぶだよ,だいじょうぶだよ
Linkage,
コトバ　キモチ,ことば　きもち
SOUL FREE,
ヒンディーピープル,ひんでぃーぴーぷる
粉雪にのせて,こなゆきにのせて
歯車／油絵,はぐるま　あぶらえ
フルチン☆ブギ,ふるちんぶぎ
眠り姫/チーターガールP,ねむりひめ
チーターガールP,ちーたーがーるP
空へ,そらへ
遠き日の桜へ,とおきひのさくらへ
翼歌,つばさうた
ichiP,
桜の花びら咲くころにもう一度ここで逢いましょう,さくらのはなびらさくころにもういちどここであいましょう
Various feelings,
Morning Good Do,
トラP,とらP
ANOTHER PROMISE,
Captured,
ひとりにしないで。,ひとりにしないで。
RAINBOWロード,
I shine without you,
Existence/shu-tP,
ココロ,こころ
HMOとかの中の人,
シンゲツのモリ,しんげつのもり
ネオ☆仁義,ねおじんぎ
あわあわp,あわあわp
SPICE!,
黒うさP,くろうさP
Next Stage/そそそP,
そそそP,そそそP
カンタレラ,かんたれら
空の物語,そらのものがたり
39/Otomania,
琥珀の風,こはくのかぜ
三寒四温,さんかんしおん
Iceheart,
あの人に会える,あのひとにあえる
桜吹雪が如く,さくらふぶきがごとく
荒野の先に・・・,こうやのさきに
きっとこの場所で,きっとこのばしょで
Whisper,
嘘歌,うそうた
鏡の音,かがみのおと
ひとひら,ひとひら
BLUE OF MIND,
彩花,さいか
スターロード,すたーろーど
いつしか,いつしか
スターシップ,すたーしっぷ
0/cosMo（暴走P）,
Forgotten Words,
愛する景色に,あいするけしきに
みくのこもりうた,みくのこもりうた
ずっと、ずっと・・・,ずっと、ずっと
海の向こう,うみのむこう
穏やかに日常,おだやかににちじょう
カラクリノコイ,からくりのこい
大したことでも,たいしたことでも
ミニスカP,みにすか
Shibayan,
ばすてぃP,ばすてぃP
R☆L滑舌探求歌,R☆Lかつぜつたんきゅうか
ぶっちぎりP,ぶっちぎりP
卑屈P,ひくつP
サクラアメ,さくらあめ
画面の向こうのあなた,がめんのむこうのあなた
Cyclone,
プーチンP,ぷーちんP
いっしょにね！,いっしょにね！
レインロード,れいんろーど
裏コマンダーP,うらこまんだー
涼之介P,りょのすけP
かれは38,かれは38
ネギを食べなさいっ！,ねぎをたべなさいっ！
Snow Angel/WHETHE,
もっと　伸びろ　ぼくの　動画,もっとのびろぼくのどうが
爪櫛,つまぐし
トマ豆腐,とまとうふ
ハルヨイ,はるよい
お前、豆腐を嘗めんなよ,おまえとうふをなめんなよ
ウーロン奉行・少レン寺メインテーマ,うーろんぶぎょう・しょうれんじめいんてーま
I am,
Ash/コーホーP,
物理屋のサヨナラ,ぶつりやのさよなら
病んで☆Fairy heart,やんでふぁいありーはーと
明日へ舞う桜（はな）,あすへまうはな
ドジっ子P,どじっこ
やさしく輝く月のように,やさしくかがやくつきのように
台風と橋,たいふうとはし
Marionet,
しんぎん’ふぉーゆぅ,しんぎんふぉーゆぅ
おしまいだぜ,おしまいだぜ
ゆめをみようよ。,ゆめをみようよ
Soar,
春！桜！ニンジャ！,はるさくらにんじゃ
月歌,つきうた
daniwell,
てむてららる ちょむちょめぷ,てむてららる ちょむちょめぷ
子猫は独り遥か雪に埋もれてわたしを見つめる,こねこはひとりはるかゆきにうもれてわたしをみつめる
Celestial Symphony,
パステルライナー☆,ぱすてるらいなー
Over Flow,
Dummy Clock,
ボクとクモ,ぼくとくも
ほのぼのP,ほのぼのP
つるつるP,つるつるP
RING×RING×RING,
soda/あわあわP,
森之宮神療所☆,もりのみやしんりょうじょ
本日営業中,ほんじつえいぎょうちゅう
フライングスタート,ふらいんぐすたーと
桜月,さくらづき
Aurora/RozenkreuzP,
さくら/ぶりるP,さくら
Higher Than Clouds,
きょうも、あしたも,きょうも、あしたも
すすすす、すき、だあいすき,すすすす、すき、だあいすき
Rosario,
柏餅P,かしわもち
MAZE ～終わりのない地図～,MAZEおわりのないちず
サッドソング,さっどそんぐ
全部気のせい！,ぜんぶきのせい
のんだくれ帝国の逆襲,のんだくれていこくのぎゃくしゅう
長靴P,ながぐつP
桜吹雪/ぢょんP,さくらふぶき
みくみくちぇっく♪,みくみくちぇっく
フルスイング,ふるすいんぐ
プレゼント/KEI,ぷれぜんと
Everybody Say Hello,
JUNK/keiki,
Futures－ミライノオト－,
紅一葉,あかひとは
桜色自転車,さくらいろじてんしゃ
Glass Memories,
うさまるP,うさまる
勿忘草 -Forget Me Not-,わすれなぐさ-Forget Me Not-
ドッP,どっP
Dear/19's Sound Factory,
雨　おとなり　晴天！,あめおとなりせいてん
世界に一人のクズ野郎,せかいにひとりのくずやろう
ハッピーバースデー　パンク版,はっぴーばーすでーぱんくばん
タグまとめ/曲,
下剋上(完),げこくじょう かん
一行P,いちぎょうP
しあわせな王子,しあわせなおうじ
暗い森のサーカス,くらいもりのさーかす
マチゲリータP,まちげりーたP
ハロP,はろP
初音ミクの消失 -DEAD END-,はつねみくのしょうしつ　DEAD END
命令,めいれい
蒼P,あおP
蒼-BLUE-,あおBLUE
その他のデータベース,
作り手の追加の仕方,
フリージア　～雨上がりに誘われて～,ふりーじあ　あめあがりにさそわれて
フリージア　～Longing～,ふりーじあLonging
イケ恋歌,いけれんか
ヘタ恋歌,へたれんか
れれれP,れれれP
夕日坂,ゆうひざか
息吹,いぶき
さんきゅ！,
Hello Windows,
ちょこまじ☆ろんぐ,ちょこまじろんぐ
青空を見つけた日,あおぞらをみつけたひ
ヤンデレP,やんでれP
作り手一覧/あ行,
作り手一覧/か行,
作り手一覧/さ行,
作り手一覧/た行,
作り手一覧/な行,
作り手一覧/は行,
作り手一覧/ま行,
作り手一覧/や行,
作り手一覧/ら行,
作り手一覧/わ行,
作り手一覧/A～Z,
作り手一覧/その他,
作り手一覧（ページ更新順）,
Nostalogic (radio edit),
素直になりたい,すなおになりたい
キミドコ,きみどこ
うまくやらなきゃ！,
Möbius/∀studio,
怠慢アンソロジー,たいまんあんそろじー
たまねぎオニオン,たまねぎおにおん
中毒少女２,ちゅうどくしょうじょ２
∀studio,
なんかP,なんかP
重恋歌-Jyurenka-,じゅうれんか
激嬢想歌-Gekijyousouka-,げきじょうそうか
ピロリ菌のうた,ぴろりきんのうた
兄弟P,きょうだいP
氷葬花-Hyousouka-,ひょうそうか
2丁目ブルース～あんたあたいの何なのさ…～,2ちょうめぶるーすあんたあたいのなんなのさ
旋律王姫-Senritsuouki-,せんりつおうき
innocent summoners,
sugar chocolate waffle,
星の駅,ほしのえき
幻想論,げんそうろん
どことなくなんとなく,
オトメラブコメレンアイジジョウ,おとめらぶこめれんあいじじょう
マケナイワタシノコイノウタ,まけないわたしのこいのうた
みくみくにしてあげたい,みくみくにしてあげたい
HAL,
鬼の面,おにのめん
今宵カーニバル,こよいかーにばる
トップページ/A,
トップページ/B,
ココロ・キセキ,こころ・きせき
10のやくそく,
スイミー/底辺P,すいみー
帰り道/涼風P,かえりみち
わたしのいくところ,わたしのいくところ
season,
買い物がかり,かいものがかり
ニコニコ・ラプソディー,にこにこらぷそでぃー
ニコニコ替え唄メドレー Part 1,にこにこかえうためどれー
しあわせなねこのうた,しあわせなねこのうた
すくーる・うぉーたー・こすちゅーむ,すくーるうぉーたーこすちゅーむ
杏あめ（匿名希望の東京都在住）,あんずあめ　とくめいきぼうのとうきょうとざいじゅう
Traveler!,
ユメロケッツ,ゆめろけっつ
ソニック☆サイクラー　～恋のちゃりんこダッシュ！～,そにっくさいくらー　こいのちゃりんこだっしゅ
ちび！,ちび
一日が初音ミク,いちにちがはつねみく
にじいろ。,にじいろ
しえろP（ショタエロイドP）,しえろP
My☆Revolution,
ツンデ恋歌,つんでれんか
天使は旅立つ,てんしはたびだつ
メローイエローサブマリン,めろーいえろーさぶまりん
三月の窓,さんがつのまど
ハヤリヒット,はやりひっと
ポテンヒット,ぽてんひっと
熱情詩 -Flame Heart-,ねつじょうしFlame Heart
椿の花,つばきのはな
ミラーP,みらーP
mirror/ミラーP,
Virtual-ON,
カナリア/baker,かなりあ
宇宙電波受信P,うちゅうでんぱじゅしんP
電気羊の夢,でんきひつじのゆめ
お願い☆プロデューサー,おねがいぷろでゅーさー
桃色☆アリス,ももいろありす
Love*3,
RozenkreuzP,
オヤスミサラウンド,おやすみさらうんど
はるのはるか,
君の翼,きみのつばさ
ナナナナ,なななな
空の絵 two birds in the sky,そらのえ two birds in the sky
COCOLOの時計,COCOLOのとけい
月 ～All of you～,つきAll of you
双ツ星,ふたつぼし
音色ノ絆,ねいろのりんく
ばっちぐ,ばっちぐ
Fly～夢を追い翔けて～,
ぐるめろ,
リフレイン/harunacute,りふれいん
ジェミニ,じぇみに
もっとウタわせて,もっとうたわせて
ないと☆いぐにっしょん,ないといぐにっしょん
なんということでしょう,なんということでしょう
ニコニコ替え唄メドレー その2,にこにこかえうためどれーそのに
carol,
はごろもP,はごろも
四月は残酷な季節,しがつはざんこくなきせつ
Stargazer/骨盤P,
SET FREE,
トップページ/C,
頑張ろうよ,がんばろうよ
魔法少女 チビ声ロボ★ボイス,まほうしょうじょちびごえろぼぼいす
赤い沼の底,あかいぬまのそこ
博識であるが故、狂気,はくしきであるがゆえきょうき
曾根崎心中,そねざきしんじゅう
yashiro_P,
フキゲンワルツ,ふきげんわるつ
プラスチック・ガール,ぷらすちっくがーる
Light Song,
Dixie Flatline,
ささくれP,ささくれP
代打ミク,だいだみく
わたしのきもち,わたしのきもち
千年の独奏歌,せんねんのどくそうか
今日犬（ジャムおじさんP）,きょうけん　じゃむおじさんP
カップ焼きそばの湯切り中に排水溝に落としてしまった時のバラード,かっぷやきそばのゆぎりちゅうにはいすいこうにおとしてしまったときのばらーど
パン屋さん,ぱんやさん
再生世界,さいせいせかい
怪盗KAITO～今宵も君を求めて～,かいとうKAITOこよいもきみをもとめて
悪ノ娘,あくのむすめ
悪ノ召使,あくのめしつかい
ライバル/シグナルP,らいばる
悪ノP,あくのP
五月の窓,ごがつのまど
ひまわり/シグナルP,ひまわり
☆星のカケラ☆,ほしのかけら
☆夢のカケラ☆,ゆめのかけら
VOCALOID2,
消えないP,きえないP
花曇,はなぐもり
らぶざわP,らぶざわP
カゲフミ,かげふみ
ジュンP,じゅん
紅の花,くれないのはな
わだつみ,わだつみ
ポン酢P,ぽんずP
作り手一覧（ページ作成順）,
ここあ,ここあ
春風ららら♪,はるかぜららら
幸せなくりすます,しあわせなくりすます
tomoya,
iroha/作り手,
テンネン,てんねん
稲敷常州,いなしきじょうしゅう
KEI,
バーボンハウスへようこそ,ばーぼんはうすへようこそ
水郷古鎮,すいごうこちん
あの歌をまた,あのうたをまた
spyreP,
ロリP,ろりP
想い〜あなたとにくへ〜,おもいあなたとにくへ
マセ恋歌,ませれんか
不思議の国のアリス,ふしぎのくにのありす
歪P,ゆがみP
絵本『人柱アリス』,えほんひとばしらありす
もう嫌だ！,もういやだ
よそはよそ、うちはうち,よそはよそうちはうち
雨の中の捨てられたぬいぐるみ,あめのなかのすてられたぬいぐるみ
優しい奇跡/harunacute,やさしいきせき
プロローグ。,ぷろろーぐ
books,
ことのP,
NEUROMANCE,
かじゅきP,かじゅきP
クレーマーP,くれーまーP
轍　-わだち-,わだち
音女－オトメ－,おとめ
機材欲しいP,きざいほしいP
vanished,
朱い花,あかいはな
色の無い街,いろのないまち
LEO/harunacute,
orange/作り手,
リリス／エレクトロ,りりす　えれくとろ
キズアト,きずあと
鮭P,しゃけP
感情の波,かんじょうのなみ
はつね,
Sepia～chu chu noise～,
茜色の空に思うこと,あかねいろのそらにおもうこと
φは∞（ファイはインフィニティ）,ふぁいはいんふぃにてぃ
虚空戦士マジスパイダー,こくうせんしまじすぱいだー
ぱんつP,ぱんつP
あの双子が円周率1000桁に挑戦,あのふたごがえんしゅうりつ1000けたにちょうせん
時の歯車,ときのはぐるま
青春コンプレックス,せいしゅんこんぷれっくす
ただいま。,ただいま
空飛ぶウサギの歌,そらとぶうさぎのうた
turuturu,
∞/cosMo（暴走P）,
真夜中の中真夜中,まよなかのなかまよなか
MirrorChristmas,
メランコリア/釈P,めらんこりあ
Last Smile/鮭P,
愛の電波、最大限で伝えたいこの想い,あいのでんぱ、さいだいげんでつたえたいこのおもい
ちょむP,ちょむP
トキメキはぴねす☆,ときめきはぴねす
枕木,まくらぎ
哀撃貴鋼-Aigekikikou-,あいげききこう
だいすけP,だいすけP
虹/つるつるP,にじ
流田P,ながれたP
あほのこ☆ネギガール,あほのこ☆ねぎがーる
Haruna,
Dead Ball Project vol.1,
CD一覧,
Be mine!,
カラオケ配信曲一覧,
密林幻想,みつりんげんそう
Orange/涼風P,
白雪～sirayuki～,しらゆき
tautology,
小さな旅～ネズミ達の夢～,ちいさなたび　ねずみたちのゆめ
テンプレート/CD,
鼻炎狂騒歌,びえんきょうそうか
天国への手紙（うた）,てんごくへのうた
スーパースター鏡音リン,すーぱーすたーかがみねりん
リンの冒険,りんのぼうけん
空耳P,そらみみP
リンの冒険 CONTINUE,りんのぼうけん CONTINUE
マッドサイエンティスト,まっどさいえんてぃすと
シバションP,しばしょんP
またね,またね
ターミナル/謝謝P,たーみなる
おなかすいたうた,おなかすいたうた
ニュース,
貴方に花を 私に唄を,あなたにはなを　わたしにうたを
半透明アラバスタ,はんとうめいあらばすた
サルベージ/シバションP,さるべーじ
ごみばこ,ごみばこ
釈P,しゃくP
本日ハ晴天ナリ,ほんじつはせいてんなり
yuukiss,
アズライト,あずらいと
わたし注意報,わたしちゅういほう
テラカゾク,てらかぞく
CDの追加の仕方,
パレットP,ぱれっとP
歌に形はないけれど/CD,うたにかたちはないけれど
ガラクタ/テンネン,がらくた
ルララ♪,るらら
m@rk,
キルシュ。,きるしゅ
雨の降る日,あめのふるひ
ヽ(ヽ･∀∀･)にこP,にこP
おつかれさまのうた,
大福P,だいふくP
夕日坂/CD,ゆうひざか
0.5秒,0.5びょう
プレゼント/ヽ(ヽ･∀∀･)にこP,ぷれぜんと
ロードローラー音頭,ろーどろーらーおんど
満月のステージ,まんげつのすてーじ
俺のロードローラーだッ！,おれのろーどろーらーだっ
ドライブ！Drive Me Flat,どらいぶ　どらいぶみーふらっと
First Sound Story,
マボロシ/お抹茶P,まぼろし
お抹茶P,おまっちゃP
カランコエ/お抹茶P,からんこえ
Traveler!/CD,
教えて!! 魔法のLyric/CD,おしえてまほうのLyric
ハ☆チ☆ス☆ズ☆メ　オリジナルサウンドトラック,はちすずめ　おりじなるさうんどとらっく
メルト/CD,めると
SIGNALOID ALBUM,
Daybreak/CD,
Gloria　-閉ざされた世界の中で-,
Floating Iris,Floating Iris
謝謝P,しぇしぇP
erase or zero,
あゆP,
Deja vu ～いつか見た場所～,Deja vu ～いつかみたばしょ～
マケナイワタシノコイノウタ/CD,まけないわたしのこいのうた
ダメダメなキミ,だめだめなきみ
sugar/harunacute,
コノハナサクヤ/UPNUSY,このはなさくや
lemonade/あわあわp,
binary star,
moon/irohaCD,
celluloid/CD,
melody.../CD,
MOMENT/ぱきら,
ニジイロ＊アドベンチュア,にじいろあどべんちゅあ
ちょこあげる！,ちょこあげる！
桜歌,さくらうた
大切な宝物,たいせつなたからもの
さくらのしたで☆,さくらのしたで
REFLECTION/CD,
MIRACLE TRAX,
Trax Mint,
DEBUTANTE,
mikuringo,
CHU！して！,CHU！して！
KiLaKiLa☆ShineGets!,
じゅるP,じゅるP
乖離の刻,かいりのとき
千年の独奏歌/過去ログ,
夕焼けのうた,ゆうやけのうた
目覚めの水平線,めざめのすいへいせん
まほうはじゃどう,
はじまりだね！,はじまりだね
crystal mic,
軌道エレベータ,きどうえれべーた
dandelion,
dandelion/CD,
クリスタルP,くりすたるP
オールドラジオ,おーるどらじお
は☆あ☆と☆にキスしてっ,はあとにきすしてっ
卑屈戦隊うつなんだー,ひくつせんたいうつなんだー
タイムリミット/CD,たいむりみっと
ハツオト,はつおと
A Lonely Heart,
拝啓　お姉様,はいけいおねえさま
ポチP,ぽちP
アネモネ/m@rk,あねもね
ひとりの庭,ひとりのにわ
風に吹かれて/画伯P,かぜにふかれて
スキだなんていえない,すきだなんていえない
Dog Day Afternoon,
アヤメ/むーと,あやめ
アカネ,あかね
悪魔降臨,あくまこうりん
飽きた寝る,あきたねる
庇護祭,ひごさい
水面花,すいめんか
Ever/RozenkreuzP,
Falling Rainbow,
Dolls/RozenkreuzP,
∞-InfinitY-,
オトメラブコメレンアイジジョウ/CD,おとめらぶこめれんあいじじょう
Affairs of Life,
彩音P,さいおんP
とらいあんぐる☆Girl's Heart,とらいあんぐる☆Girl's Heart
i/涼風P,
鉄巨人,てつきょじん
目の無い私,めのないわたし
おｋ、緑は、敵だ。,おkみどりはてきだ
キャプテンミライ,きゃぷてんみらい
夢じゃないよ,ゆめじゃないよ
箱入り娘,はこいりむすめ
evening glow,
uji,
レゾナンス,れぞなんす
伝えたいけど飽きた寝る,つたえたいけどあきたねる
ユアソング,ゆあそんぐ
はちゅねの王国,はちゅねのおうこく
Ufena,
MazoP,
don't look for me,
水鏡～みずかがみ～,みずかがみ
二次元に咲く花,にじげんにさくはな
リグレットメッセージ,りぐれっとめっせーじ
水の都,みずのみやこ
toya,
ただいま/kuracci,ただいま
君恋ふる歌,きみこうるうた
ウタP,うたP
散る,ちる
卒業おめでとう…,そつぎょうおめでとう
Color/パレットP,
Schwartz,
Palette/パレットP,
Stir up!,
サクラ39,さくらさく
kiichi（なんとかP）,
Missing/samfree,
トルコ行進曲 - オワタ＼(^o^)／,とるここうしんきょくおわた
仮面舞踏会,かめんぶとうかい
カガミネット,かがみねっと
泣き桜,なきざくら
ゆりかごから墓場まで,ゆりかごからはかばまで
心の宇宙人,こころのうちゅうじん
黒蝶,こくちょう
LIMITED/takanonP,
スターゲイザー/ナタP,すたーげいざー
「沼の中」,ぬまのなか
シルク,しるく
迷いの森/とおくできこえるデンシオン,まよいのもり
冬の虫,ふゆのむし
生命の詩,せいめいのし
お兄さんは心配性,おにいさんはしんぱいしょう
闇ノ王,やみのおう
愛情狂現,あいじょうきょうげん
ファミリンコンピューター,ふぁみりんこんぴゅーたー
Rover,
猫かぶっちゃいらんない,ねこかぶっちゃいらんない
おまいのハートを舗装してあげるッ！,おまいのはーとをほそうしてあげるっ
しろいそら,しろいそら
「no title」,
delicious,
逆襲のロードローラー,ぎゃくしゅうのろーどろーらー
ニラ,にら
ロードローラーのウタ,ろーどろーらーのうた
ロードローラー一直線,ろーどろーらーいっちょくせん
Skyscraper/釣り師P,
ナタP,なたP
Skyscraper Ver'BlueSky,
千年邂逅,せんねんかいこう
空/ウタP,そら
sackP,
メコノプシス・ベトニキフォリア,めこのぷしすべとにきふぉりあ
ネルネル寝るね,ねるねるねるね
wanderer/わんだらP,
Ophelia,
コヒーレント,こひーれんと
その他,
テンプレート,
Minuscule Ecstasy,
指先,ゆびさき
恋するアプリ,こいするあぷり
Voice/パレットP,
スターダスト/sackP,すたーだすと
ノギスボールP,のぎすぼーるP
Gratitude/19's Sound Factory,
ココロ -thousands after-,こころ　thousands after
おはよう、朝だよ!,おはよう、あさだよ
ミクボサ,みくぼさ
魔法鳥女カラフルひよ子,まほうちょうじょからふるひよこ
tatmos,
幽世の宴,かくりよのうたげ
東雲スクランブル,しののめすくらんぶる
ナモナキP,なもなきP
ハイエナ達のセレナーデ,はいえなたちのせれなーで
ブラックスター,ぶらっくすたー
恋の三角関数☆,こいのさんかくかんすう
そしてあたしは五線譜を超える,そしてあたしはごせんふをこえる
RT factory,
12月はいつも,12がつはいつも
春になれ,はるになれ
以心伝心,いしんでんしん
井戸端/過去ログ,
コメント/井戸端,
消える前に,きえるまえに
ファーストキス,ふぁーすときす
未来は僕らのためにある,みらいはぼくらのためにある
温度,おんど
kiss me ぎゅっと,
アイスうめぇの人,あいすうめぇのひと
なんだかいいかんじ,
an advance,
LOVE-C＠LL B∀CK,
ヨミビトシラズ,よみびとしらず
OnChristmasDay,
すてっぷ,すてっぷ
zasikiP,
パエリア,ぱえりあ
指輪をちょうだい！,ゆびわをちょうだい
Glass of Lovin' Night,
迷子うめゑブルース feat. Meiko ～カルタ『ゑ』のテーマ,めいこうめぇぶるーす
さささP,さささP
花ぶらんこ,はなぶらんこ
マヨイガ,まよいが
Street Children,
こんぺいとうP,こんぺいとうP
ジャガボンゴ,じゃがぼんご
YOU&I,
カスミソウ,かすみそう
ホホホイ娘の血が騒ぐ,ほほほいむすめのちがさわぐ
Evocation,
釣り師P,つりし
Ray/rukkulook,
ナツノウタ,なつのうた
Asaki No'9,
あめあめ,
あたしファーム,あたしふぁーむ
雨/メガロマニア,あめ
メガロマニア,めがろまにあ
Snow-white Medium,
セピアP,せぴあP
トオイソラ,とおいそら
オアシス,おあしす
Color of tears,
subliminal,
Holy Star／サクラアメ,
ダラリ,だらり
サジタリアス,さじたりあす
No Thank You,
くるくるロックンロール,くるくるろっくんろーる
オアシスVer2.0,おあしすVer2.0
レクイエム/涼風P,れくいえむ
Night Beat -Rebirth-,
電子,でんし
Voice,
Orange,
flow/twinkle,
Hologram,
願い/涼風P,ねがい
どこまでも遠く響く愛の歌,どこまでもとおくひびくあいのうた
君と探し続けたい明日があるよ,きみとさがしつづけたいあしたがあるよ
ノラにゃんこ,のらにゃんこ
サブリミナル,さぶりみなる
鳥のうた,とりのうた
名誉会長P,めいよかいちょうP
やだ(･∀･),やだ
Letter/team-FSR,
墓参り,はかまいり
伝説のミクルンルンP,でんせつのみくるんるんP
ever/twinkle,
鋼ノ女王、檻ノ姫,はがねのじょおう、おりのひめ
For Brighter Day,
おかあさん/マチゲリータP,おかあさん
C lonely tonight,
Bitter Sweet,
夜の中、春雪,よるのなか、はるゆき
星夜の騎馬,せいやのきば
Ever,
プレゼント,
twinkle/作り手,
ガールズ･ビィ･アンビシャス!!,がーるずびぃあんびしゃす
レインコート,れいんこーと
碧ノ月,みどりのつき
アナザー：ワールドイズマイン,あなざー：わーるどいずまいん
ぐるぐる/YK_P,ぐるぐる
Winter Story,
曲一覧/殿堂入り曲一覧,
超ツマンネ,ちょうつまんね
ツマンネ,つまんね
髪結,かみゆい
1st summer,
emptiness,
メンスで☆ごめんネ！,めんすでごめんね
ダッツは冷凍,だっつはれいとう
どうか…,
恋は銭湯,こいはせんとう
ぶっちぎりにしてあげる♪,
ZUTTO -for a long time-,
アイスがメルト,あいすがめると
メービウス,めーびうす
natsuP,
何で　伸びた　ぼくの　売り上げ,なんでのびたぼくのうりあげ
いやな歌,いやなうた
ひよこかみなり,ひよこかみなり
名もなき花の種,なもなきはなのたね
CDで聞いてみて。～ニコニコ動画せれくちょん～,
マシマロ,ましまろ
NOSTALGIA/れれれP,
片想,かたおもい
つやつやP,つやつやP
秋の日,あきのひ
数がすべてじゃないけれど,かずがすべてじゃないけれど
ここ狭いP,ここせまいP
ぼっこぼこにされてるよ,ぼっこぼこにされてるよ
The Straight Song,
voyakiloid,
この手に残すもの,このてにのこすもの
月花ノ姫歌/秦野P,げっかのひめうた
月花ノ姫歌,
ブラック★ロックシューター,ぶらっくろっくしゅーたー
SUPER YOWANE MEDLEY 0222,
おさななじみ,
弱音ハクが絶望,よわねはくがぜつぼう
弱音ハクの消失,よわねはくのしょうしつ
闇の底,やみのそこ
あなたのVOYAKILOID,あなたのVOYAKILOID
フエト,ふえと
ゆっくりと,ゆっくりと
烏と兎,からすとうさぎ
stripe,
SHIKI,
忘れるわけないでしょ,わすれるわけないでしょ
CREATED,
halP,
雨ゴイ,あまごい
ぽこたんP,ぽこたんP
解雇解雇にしてあげる,かいこかいこにしてあげる
ストーカーP,すとーかーP
One Promise,
HAKOBAKO PLAYER,
僕がいる。君がいる。,ぼくがいる。きみがいる。
ロードローラーだ!!WRYYYYYYN,ろーどろーらーだWRYYYYYYN
黄金のロードローラー伝説,おうごんのろーどろーらーでんせつ
骨盤P,こつばんP
オレンジ・ティーンズ,おれんじ　てぃーんず
ほりでぃ,ほりでぃ
ロードローラー節,ろーどろーらーぶし
ロードローラー・ロボのテーマ,ろーどろーらーろぼのてーま
アゴアニキP,あごあにきP
Joker/∀studio,
外界,がいかい
ひのかみ,ひのかみ
よよP,よよP
消えるメモリー,きえるめもりー
はいぽせしす,はいぽせしす
ブライトワルト,ぶらいとわると
星空/彩音P,ほしぞら
数学ガール,すうがくがーる
サルでもわかる,さるでもわかる
ミカヅキ/テンネン,みかづき
今夜がスパンキー,こんやがすぱんきー
monophonics,
［I Love You］,
Vermilion/わんだらP,
桜ノRevolution,さくらのRevolution
虹と花滴,にじとはなしずく
青い氷の城,あおいこおりのしろ
after the end,
ワールドイズマイン/スP,わーるどいずまいん
ロザリオ～輪廻幻想譚～,ろざりおりんねげんそうたん
クロネコ知ラズ＠詠ミ人知ラズ,くろねこしらずよみびとしらず
夕闇,ゆうやみ
悪魔王ロードローラー,あくまおうろーどろーらー
ワールドイズマイン,
mist night,
ワタシラシクヲホコラシク/CD,わたしらしくをほこらしく
ワタシラシクヲホコラシク,わたしらしくをほこらしく
夢見るP,ゆめみるP
灰色の正義,はいいろのせいぎ
音力行使,おんりょくこうし
ミクとピアノとファンタジィ,みくとぴあのとふぁんたじぃ
いつも。,
Favor,
みくぶる,みくぶる
あいのうた/haruna808,あいのうた
星夜円舞曲～あたらしい贈り物～,せいやえんぶきょくあたらしいおくりもの
悪ノハッピーエンド,あくのはっぴーえんど
トゥ★ナイト,とぅないと
星空/L*aura,ほしぞら
sing a song!,
脳内グリッチ,のうないぐりっち
星空,
JUMP,
The flower of you,
追憶/ここ狭いP,ついおく
ryo,
魂のMeiko,たましいのMeiko
ワールドイズマイン/ryo,わーるどいずまいん
Lonely Snow,
BitBambi,
@rigatto!,
ほしのレクイエム,ほしのれくいえむ
あたし電波りようこちゃん,あたしでんぱりようこちゃん
ネギガナイヨ,ねぎがないよ
かえりたい,かえりたい
DYCON,
つきうさぎ,
月の鼓動,つきのこどう
眠れる森,ねむれるもり
がくっぽいど,
ちゃぁ,ちゃぁ
こねこのろっくんろーぅ,こねこのろっくんろーぅ
斜陽/骨盤P,しゃよう
message/骨盤P,
message/釣り師P,
カップラーメンP,かっぷらーめんP
想いをこめて,おもいをこめて
拝啓、井戸の底から,はいけい、いどのそこから
枯れた世界と欠けた歌,かれたせかいとかけたうた
コーヒーとチョコレート,こーひーとちょこれーと
リン廃宣言,りんぱいせんげん
message,
オワタP,おわたP
私だってVocaloid,わたしだってVocaloid
Heaven's dooR,
クレヨン社,くれよんしゃ
ソライロP,そらいろP
藤宴,とうえん
華人街雨情,かじんがいうじょう
既成事実,きせいじじつ
ココニイルカラ,ここにいるから
wintermute,
のぼり棒,のぼりぼう
夕音,ゆうおと
encore,
Little Doll,
3秒ルール,3びょうるーる
さかあがり,さかあがり
マジカル☆クリプト☆リン,まじかるくりぷとりん
おもいよとどいてよ,おもいよとどいてよ
かたほとりP,かたほとりP
Trick or Treat ?,
君の笑顔に、ありがとう,きみのえがおに、ありがとう
for my dear,
冬の魔法/挫折P,ふゆのまほう
Shallow_Grave　-浅すぎる墓穴-,
最終兵器『初音ミク』,さいしゅうへいきはつねみく
やくそく,
キミノカケラ/ノア(Noah),きみのかけら
花火色・弐,はなびいろに
汗かいちゃったね、シーザリオ,あせかいちゃったねしーざりお
ジェバンニpのすべて/CD,じぇばんにぴーのすべて
きゃしゃんP,きゃしゃんP
Wingless Angel,
ありがとう/apache,ありがとう
キミにアイに,きみにあいに
BOOOOST!,
Nak-AmiP,
逆襲のろどろら,ぎゃくしゅうのろどろら
私がもらった優しさを次は誰にわけてあげよう,わたしがもらったやさしさをつぎはだれにわけてあげよう
よーぐるとのうたを歌ってもらった,よーぐるとのうたをうたってもらった
夜祭P,よまつりP
Happy End,
牛乳飲め！,ぎゅうにゅうのめ
木枯らしの朝,こがらしのあさ
レッツゴー！,れっつごー
14歳,14さい
ベジタリアン,べじたりあん
ブライトニー,ぶらいとにー
螺旋迷宮～Spiral labyrinth～,らせんめいきゅう～Spiral labyrinth～
ウタタネ,うたたね
日々精進,ひびしょうじん
絡繰娯楽,からくりごらく
蝶のよう 花のよう,ちょうのよう　はなのよう
束子P,たわしP
ヤキイモ,やきいも
ネハンシカ,ねはんしか
ホワイト・デイ,ほわいとでい
PAPER,
アゲハ,あげは
大切な贈り物,たいせつなおくりもの
花吹雪/ウタP,はなふぶき
シリツボミ,しりつぼみ
空に届く砂の山,そらにとどくすなのやま
夢幻特攻DARIO,むげんとっこうDARIO
aka-ten,
心の小箱,こころのこばこ
シンデレラ・ロマンス,しんでれらろまんす
メロディック妹メタル,めろでぃっくいもうとめたる
ぶりるP,ぶりるP
Live in this moment,
想い,おもい
ジプシィダンス,じぷしぃだんす
祈りの歌,いのりのうた
果てしなき荒野,はてしなきこうや
嗚呼スザンナ,ああすざんな
おやすみスザンナ,おやすみすざんな
常勝将軍レンニゲウス,じょうしょうしょうぐんれんにげうす
おやすみの唄/アイス芋P,おやすみのうた
へなちょこナイト,へなちょこないと
ウタウタイ,うたうたい
letter song,
通勤快速,つうきんかいそく
いーえるP,いーえるP
イツクシ,いつくし
ソラアオイヤ,そらあおいや
ダムダム君,だむだむくん
メサイア,めさいあ
ニコちゅう,にこちゅう
-REAL-,
1LDK,
ひとつうえのおとこ,ひとつうえのおとこ
Love me らんらんるー,
Reminice,
銀世界,ぎんせかい
エッチな娘,えっちなこ
End of Rain,
サンタクロースはここにいる♪,さんたくろーすはここにいる
Wish/らぶざわP,
サイレン/ばすてぃP,さいれん
灯りのノエル,あかりののえる
ワルツの魔に吹かれて,わるつのまにふかれて
Requiem of Steel～鉄の鎮魂歌～,
シュークリームのうた,しゅーくりーむのうた
安常処順,あんじょうしょじゅん
Paralyze,
聖歌「夜食の恵みよ、喜びよ」,せいかやしょくのめぐみよよろこびよ
ぜんまい仕掛けの子守唄,ぜんまいじかけのこもりうた
ボーカロイドは電子羊の夢を見るか？,ぼーかろいどはでんしひつじのゆめをみるか？
πP,
ゼロの世界,ぜろのせかい
本を閉じれば,ほんをとじれば
恋色スケルトン,こいいろすけるとん
テストチューブプリンセス,てすとちゅーぶぷりんせす
漣/マチゲリータP,さざなみ
続・既成事実,ぞくきせいじじつ
真・既成事実,しんきせいじじつ
To you/マウスP,
ジェバンニpのすべて,じぇばんにぴーのすべて
私は人間じゃないから。,わたしはにんげんじゃないから。
stripe/CD,
よろこびのうた,よろこびのうた
エンドレス・サマー,えんどれすさまー
／hidden,
とある娼婦の恋,とあるしょうふのこい
COME TO ME TOGETHER,
エン,えん
Yの牢獄,Yのろうごく
いやしのうた,いやしのうた
Parting from the darkness,
荒廃都市,こうはいとし
パンダのうた,ぱんだのうた
刻迷宮 ～Labyrinth of Time～,ときめいきゅうLabyrinth of Time
ちぇんじざわーるど,
MIKUのX'mas,
SUPER DEADBALL BEAT,
みるくてぃー,みるくてぃー
冬の星座,ふゆのせいざ
らりる,
レッドカードP,れっどかーどP
アイシンクアンシン,あいしんくあんしん
おちんちんランド国歌,おちんちんらんどこっか
SUPER HATSUNE BEAT vol.1,
この花火が終わるまでに,このはなびがおわるまでに
方向音痴,ほうこうおんち
きょうかい,きょうかい
所P,ところP
ハ☆チ☆ス☆ズ☆メ　オリジナルサウンドトラック2,はちすずめ　おりじなるさうんどとらっく2
思春期ボーカロイド,ししゅんきぼーかろいど
イイトコドリップ,いいとこどりっぷ
世界で一番近くに居るのに,せかいでいちばんちかくにいるのに
ミクルンルン－vocaloidテーマ曲－,みくるんるんvocaloidてーまきょく
僕等の時代,ぼくらのじだい
元気元気,げんきげんき
茜色の夜明け,あかねいろのよあけ
ボーカロイドの仲間達,ぼーかろいどのなかまたち
愛のろ・お・どローラー！,あいのろおどろーらー
マガリカド,まがりかど
Tender Wind,
Powder Snow/samfree,
forever/twinkle,
かぶとがにLOVE,かぶとがにLOVE
シンクロニック,しんくろにっく
宴/なんかP,うたげ
眠れない羊の代わり,ねむれないひつじのかわり
Lunar...,
なゆたP,なゆたP
Silence/なゆたP,
（´・ω・｀）,
夜度、袖を濡らします。,よたびそでをぬらします
ねぎ・・・,ねぎ
俯いた花,うつむいたはな
グルーオン -Gluon-,ぐるーおん
Prime Drive,
無名の画家、無題の絵画,むめいのがかむだいのかいが
満つる夜半の歌,みつるよわのうた
そよぐ真昼の歌,そよぐまひるのうた
新しい世界/yusukeP,あたらしいせかい
超金欠P,ちょうきんけつP
人見頃,ひとみごろ
Silent X'mas,
わかりやすいボーカロイドのうた,わかりやすいぼーかろいどのうた
混沌,こんとん
幸福時計,こうふくどけい
パーフェクトサークル,ぱーふぇくとさーくる
白と黒の系譜,しろとくろのけいふ
通り雨/toya,とおりあめ
Misfortune,
雲のように,くものように
LiLuLiLa,
嗚呼、麗しの男子校,ああ、うるわしのだんしこう
夕闇の狭間,ゆうやみのはざま
ラムネP,らむねP
バナナP（二大迷走P（β））,ばななP
ヘタレないでよ！,へたれないでよ！
春の扉,はるのとびら
白い指輪,しろいゆびわ
白黒病棟,しろくろびょうとう
とおくできこえるデンシオン,とおくできこえるでんしおん
七夕の夜空に、君を想う,たなばたのよぞらに、きみをおもう
革命的な時間を歌に乗せて,かくめいてきなじかんをうたにのせて
ブリリアンス,ぶりりあんす
雨音色/kiichi（なんとかP）,うねしょく
そばかすの可愛い女の子,そばかすのかわいいおんなのこ
天使と悪魔の二人の双子,てんしとあくまのふたりのふたご
暫定アンサー,ざんていあんさー
セツナノヒカリ,せつなのひかり
鏡音リン応援歌,かがみねりんおうえんか
おパンクP,おぱんくP
初夏踊歌,しょかおどりうた
みえないよるに。,みえないよるに。
少年ジェット,しょうねんじぇっと
影猫と雲の夜,かげねことくものよる
ひとりよがり,ひとりよがり
夕灯ヶ丘,ゆうひがおか
シャイン！,しゃいん
道化水晶,どうけすいしょう
硝子の月,がらすのつき
freezing Cage,
方程式式恋愛論,ほうていしきしきれんあいろん
Shooting Star/shu-tP,
ぺぺろんちぃの☆ぱにっく！！,ぺぺろんちぃのぱにっく
鏡の向こうに居る君と,かがみのむこうにいるきみと
甘い日々,あまいひび
森永ミルクキャラメルのテーマ,もりながみるくきゃらめるのてーま
チョコレート・トレイン,ちょこれーととれいん
PENGUINS PROJECT,
fine.,
スP,す
硝子の瞳,がらすのひとみ
渡り鳥/渡り鳥P,わたりどり
マウスP,まうすP
タグまとめ/コメントログ,
コミュニティ一覧,
忘歌,ぼうか
Crying Air,
Dirge of wolves,
Hymn to the wolves,
マイティハート,まいてぃはーと
REBORN,
愛は戦争,あいはせんそう
セカイノカケラ,せかいのかけら
OS (おーえす),
つよがり/喜兵衛,つよがり
ぬすみはげどう？,
ウタウヨ,うたうよ
bpm -2008 mix-,
リョータイ,りょーたい
MONSTER/スP,
雨夜の月,あまよのつき
天下布武,てんかふぶ
独奏演舞,どくそうえんぶ
千秋一夜,せんしゅういちや
疾風紅衣,しっぷうべにころも
紅葉炎舞,こうようえんぶ
彷徨恋心,ほうこうこいごころ
ごほん指,ごほんゆび
サンセット/トラP,さんせっと
Silver Marmaid,
Innes,
ROADROLLER～ネギがいらない～,
"Hello, my master./CD",
雨舞う間,うまうま
プリンの歌,ぷりんのうた
ReWire,
AETA(イータ),
YouSaySo,
infl,
鏡音デビューです,かがみねでびゅーです
曲一覧/替え歌一覧,
届かなかった。。。,とどかなかった
キミユゲサイレント,きみゆげさいれんと
ろばの魔人,ろばのまじん
今日も,きょうも
つめの窓,つめのまど
今日もありがとう,きょうもありがとう
ヒーリングP,ひーりんぐP
龍ノ啼ク箱庭拠リ/CD,りゅうのなくはこにわより
アリの観察,ありのかんさつ
Abyss -深淵-,
深紅の月 Moon of The Crimson,しんくのつき　Moon of The Crimson
名を名のれ,なをなのれ
水に流してくれまいか,みずにながしてくれまいか
ロックフェスに行こう！,ろっくふぇすにいこう
ついんてーる,ついんてーる
カップ麺,かっぷめん
渦と階段,うずとかいだん
ろーどろーらーで轢いてあげる♪,ろーどろーらーでひいてあげる
ワタシ恋ゴコロ,わたしこいごころ
みんな死ねばいいのに,みんなしねばいいのに
Candy Rain,
妄想ドライブ,もうそうどらいぶ
コワネ-kowane-,こわね
誰が為に,たがために
おはようラブレター,おはようらぶれたー
消えない歌声,きえないうたごえ
ジュライセブンス・スターリィナイト,じゅらいせぶんすすたーりぃないと
カルー森遺跡,かるーもりいせき
冷たいチョコ,つめたいちょこ
花の髪飾り,はなのかみかざり
スパゲティのうた,すぱげてぃのうた
Elfina,
けっせんとうじつ！,けっせんとうじつ
ルート22,るーと22
鏡音リン・レンのうた,かがみねりんれんのうた
DON'T CALL ME ROBOT,
うそつきでもすき,うそつきでもすき
若干P,じゃっかんP
ロケットスター,ろけっとすたー
ウタトラ,うたとら
笹の葉Lovers,ささのはLovers
17/涼風P,
10分の恋,10ぷんのこい
喜兵衛,きへえ
マリオネット/クリーム市長,まりおねっと
言葉遊び,ことばあそび
凪/喜兵衛,なぎ
a day in your life,
Ark -方舟-,
道化師の夜の歌,どうけしのよるのうた
めたはあ,めたはあ
Existence/otetsu,
Existence,
驫麤～とりぷるばか～,とりぷるばか
すきすきだぁりん,すきすきだぁりん
wktk☆Dance '08,
きらめきドリーマー,きらめきどりーまー
Let's!,
白いプレゼント,しろいぷれぜんと
HIT!,
虹色の花,にじいろのはな
待ちぼうけ/めたはあ,まちぼうけ
ネギを振り上げろ！,ねぎをふりあげろ
Happy Birthday！,
ドキドキ☆百合学園,どきどきゆりがくえん
早く治して,はやくなおして
モンハンやり過ぎご用心！,もんはんやりすぎごようじん
子猫P,こねこP
白い部屋,しろいへや
しゃくとり虫のしゃく太郎,しゃくとりむしのしゃくたろう
バタフライ,ばたふらい
箱庭の少女,はこにわのしょうじょ
帰ってきた物理屋,かえってきたぶつりや
わたしょ,わたしょ
-LOST-,
青空に春色,あおぞらにはるいろ
HOPEFUL!,
the strawberry song,
さんぽ,
約束/涼風P,やくそく
後悔の沼,こうかいのぬま
らららいやー,
Seeker,
夏だ！祭りだ！ぼーかろんど！,なつだまつりだぼーかろんど
ｸﾞﾙｸﾞﾙP,ぐるぐるP
好き、嫌い、好き。,すき、きらい、すき。
出たとこトルバドゥール（吟遊詩人）,でたとことるばどぅーる
春銀杏～二輪雄花物語～,はるいちょうにりんおばなものがたり
アホ毛賛歌,あほげさんか
さだまさP,
山本ニュー,やまもとにゅー
ピエロ/マチゲリータP,ぴえろ
アドメニ母ゆーこナリキリん,あどめにははゆーこなりきりん
手タレP,てたれ
よだれP（島白）,よだれP（しまじろ）
七色グラデーション,なないろぐらでーしょん
夏音夜,なつおとや
夢一夜,ゆめいちや
ヒッキーP,ひっきーP
DEUS EX DIGITAL,
すいーとあんのうた,すいーとあんのうた
わっふ〜,わっふ〜
苅田狼藉の曲をミクリンが歌ってくれた的なCD,かりたろうぜきのきょくをみくりんがうたってくれたてきなCD
Missing/CD,
はふーP,はふーP
リバースデイ,りばーすでい
le grand bleu,
キミリサイクル,きみりさいくる
歴史/2003-2006年,
歴史/2007年,
歴史/2008年,
バルP,ばるP
Dead Ball Project vol.2,
虹の貝殻,にじのかいがら
しゅがー☆ぱーてぃくる,しゅがーぱーてぃくる
クリーム市長,くりーむしちょう
PROMINENT/CD,
あかりp,あかりp
お父さん,おとうさん
夏休み,なつやすみ
宿題,しゅくだい
ケフィアP,けふぃあP
シュタロフテノラッセ,しゅたろふてのらっせ
忘れないで,わすれないで
世界はネギに満ち溢れている,せかいはねぎにみちあふれている
ぎゅ～っ☆とね,ぎゅ～っとね
NEVER CROSS U,
Wind In Her Hair,
"Silent Blank -> ""ALTERNATE""",
浅葱色アクアレイル,あさぎいろあくあれいる
むーと,むーと
苅田狼藉,かりたろうぜき
ラザロ徴候で抱きしめて,らざろちょうこうでだきしめて
ラマーズP,らまーずP
秋の想い、春の声,あきのおもい、はるのこえ
たいよう,
サマーグラフィティ/CD,さまーぐらふぃてぃ
Dear Dawn,
こじんまりとしたぼやき,こじんまりとしたぼやき
エクスプレス,えくすぷれす
Eraser/ここ狭いP,
タイムイズモネー,たいむいずもねー
ツマンネ？,つまんね
ワンダフルワールド,わんだふるわーるど
Interlude,
午後のひととき,ごごのひととき
Burst!/CD,
赤いブランコ,あかいぶらんこ
春隠 -はるがくし-,はるがくし
蚊に刺された,かにさされた
ざ・インド,ざいんど
Raspberry on the Shortcake,
トリカゴ/釣り師P,とりかご
みちのくのいち,
たんじょうびとか,
夏ひまわり、線香花火,なつひまわり　せんこうはなび
君と僕のDays,きみとぼくのDays
戦う男たちに捧げる歌,たたかうおとこたちにささげるうた
Catch the Wind,
ミライのオト,みらいのおと
歌いながら歩こう,うたいながらあるこう
千葉都市モノレールに乗って君に会いに行こう,ちばとしものれーるにのってきみにあいにいこう
Bluesky Travelers,
トビラナナイロ,とびらなないろ
"white, little blue.",
Re-rise,
ジェイコブズ・ラダー,じぇいこぶずらだー
otetsu,
ダンシング☆サムライ,だんしんぐさむらい
インカーネイション,いんかーねいしょん
Innocent hearts,
HAPPY SUNDAY,
二度寝ブギ,にどねぶぎ
カナリア/あわあわp,かなりあ
カナリア,
サヨナラは桜色,さよならはさくらいろ
みくみくになんかしたかない,
リラエクゼ,りらえくぜ
Fire◎Flower,
今日も負けた！,きょうもまけた
Melody in the sky,
喪失モノクローム,そうしつものくろーむ
Your Eyes,
ドライブ,どらいぶ
無何有郷,むかゆうきょう
みみっく,
愛が足りない,あいがたりない
GravePost ～君の居る場所～,
ぬくもり,
早漏P,そうろうP
croak,
金月,きんげつ
夜空,よぞら
CheaP,
eKlosioN,
（*・ω・）わおーんP,わおーんP
ジンジャーP,じんじゃーP
ナイトメア/ジンジャーP,ないとめあ
春の歌,はるのうた
恋愛中毒,れんあいちゅうどく
カサブタ,かさぶた
直感れいてんしぃ,ちょっかんれいてんしぃ
恐怖ガーデン,きょうふがーでん
モノクロアクト,ものくろあくと
初音幻想,はつねげんそう
メルト Rin Len Rap Remix,めると Rin Len Rap Remix
Spring,
40㍍P,
Liberate～赤い海の夜明け～,
Shape of My Song,
UP in the Higher Skies,
斜め上P,ななめうえP
uncorrode,
imitation affect,
夕空の砂,ゆうぞらのすな
コドクノオト,こどくのおと
数学ガール～Let's prove it!～,すうがくがーるLet's prove it
ヨモツヒラサカ,よもつひらさか
Rain/チーターガールP,
なみP,なみP
supercell,
揺れるトケイめぐるセカイ,ゆれるとけいめぐるせかい
Happy End ～さよならする時が来ても～,
花冠,はなかんむり
真夏の雪と、真冬の花,まなつのゆきと　まふゆのはな
Present for you！,
MOTTO!!,
えろあきP,えろあきP
One and Only Love,
フレンチプレスでコーヒータイム,ふれんちぷれすでこーひーたいむ
白猫P,しろねこP
アロエP,あろえP
DI,
知らない街,しらないまち
逆さまレインボー,さかさまれいんぼー
飽食怪盗カガミーネ・レパン,ほうしょくかいとうかがみーねれぱん
ナヌィ・ドーナツ・ダトゥ,なぬぃどーなつだとぅ
龍の巣P,りゅうのすP
ナンデーク・アッチャ・タンダ,なんでーくあっちゃたんだ
ダッカルァハエーヨ,だっかるぁはえーよ
フンナッティテール・ダローガ,ふんなってぃてーるだろーが
BLUED,
めずらしいもの、だいすき,
春風 ～harukaze～,はるかぜ
さいたま・さいた,さいたまさいた
空の扉,そらのとびら
忘れられた街,わすれられたまち
明日の風に誘われて,あすのかぜにさそわれて
翼/えろあきP,つばさ
約束の場所へ,やくそくのばしょへ
ともだち,ともだち
Vacation,
OXYGEN,
つなぎの歌,つなぎのうた
京の夕暮れ,きょうのゆうぐれ
VACATION!,
time machine,
Driving,
ちんげ in the まんげ,ちんげ in the まんげ
虹と光と青空と,にじとひかりとあおぞらと
Sonic Venus,
ゼンシンゼンレイ,ぜんしんぜんれい
TOKYO BEAT,
アドレッセンチメートル,あどれっせんちめーとる
そろそろP,そろそろP
冷たい雨,つめたいあめ
"rain stops, good-bye",
また会える,またあえる
behind memories,
ORCA/小林オニキス,
透明なコーヒー,とうめいなこーひー
Daily Effects,
ナケナシノチカラ,なけなしのちから
ONIYAGURA the Metal -鬼櫓-,
どきどきトリュフ,どきどきとりゅふ
助けてと言ってほしかった,たすけてといってほしかった
カルナバウ,かるなばう
駆けてくひよこ,かけてくひよこ
yae,
Very 苦しみます,
リンリン動画,りんりんどうが
宇宙電波受信中α,うちゅうでんぱじゅしんちゅうα
元気を出していこう,げんきをだしていこう
Song Save the World,
Return to the origin,
歌う大地,うたうだいち
KAITOのせいろがん,
SETSUNA/SHIKI,
ねくすと☆すてっぷ,ねくすとすてっぷ
キミノモトヘ,きみのもとへ
Song of Pixie,
Warm Life,
"Fury, Melancholy and Joy",
"Last Night, Good Night",
mikuru396,
blue night tears,
ポコP,ぽこP
シーサイド/ポコP,しーさいど
雨弾凶奏-Udankyousou-,うだんきょうそう
十六夜夢想,いざよいむそう
Miktronica II,
レンレンナイト,れんれんないと
すけP,
KAITO de NIGHT,
パフォーマー行進曲,ぱふぉーまーこうしんきょく
夏色☆キャンバス,なついろきゃんばす
ナミダ/ぶりるP,なみだ
残虐ヒーリング,ざんぎゃくひーりんぐ
磯P,いそP
ケー・エー・アイ,けーえーあい
しあわせの時間,しあわせのじかん
イダルゴ,いだるご
歌う蝶の森,うたうちょうのもり
にゃっぽん！,
世界中ニコニコにしてあげる♪,せかいじゅうにこにこにしてあげる
イントロP,いんとろP
カニミソP,かにみそP
mikuringo EP,
お兄ちゃんが心配性,おにいちゃんがしんぱいしょう
VOiCE/ラヴリーP,
アセンブルハート -new a little-,あせんぶるはーと
Jupiter Pop,
秋の空,あきのそら
Mint Tea,
スニーカー,すにーかー
花火,はなび
綸音,りんね
竟,つい
fatP,
Turbotrax,
ルナ ～海の妖精～,るな ～うみのようせい～
迷いの窓・悟りの窓,まよいのまど　さとりのまど
ナイト・ブルーム,ないと・ぶるーむ
JackKnife,
愚足武者,ぐそくむしゃ
Stir up vol.2,
Tatsh MUSIC COLLECTION -I-,
Lovers,
よるかぜ,よるかぜ
みなそこ,
白灰砂の海,しらはいすなのうみ
籠,かご
My useless Master,
君を越えて,きみをこえて
happiness/otetsu,
Good-bye,
ニコニコ☆おまじない,にこにこおまじない
Cool-lazeist,
music world,
A･R･I,
なみだめ☆ロック ～ DTM板に捧ぐ ～,なみだめろっく
カーニバルP,かーにばるP
アオイエモノ,あおいえもの
オトシアナ,おとしあな
32bit lovers,
ももいろうさぎ,ももいろうさぎ
底辺P,ていへんP
サマーグラフィティ,さまーぐらふぃてぃ
銭湯イズマイン,せんとういずまいん
パスト,ぱすと
宇宙インフラストラクチャー,うちゅういんふらすとらくちゃー
ryohs_k,
D.O.P.E.,
いざっ！夏休み,いざっなつやすみ
疾風,はやて
反逆,はんぎゃく
大江戸絶唱☆茄子漢エクスタシー,おおえどぜっしょうなすおとこえくすたしー
ゆるしてあげない,
さよならをほどく,さよならをほどく
本屋は戦争,ほんやはせんそう
"NO MUSIC,NO LIFE?",
始音KAIKOの暴走,しおんかいこのぼうそう
Return to zero,
Ooze out,
夏のスキマ,なつのすきま
ハナブサキックP,はなぶさきっくP
ラヴリーP,らぶりーP
愛のかたち,あいのかたち
ある美少女戦士のテーマ,あるびしょうじょせんしのてーま
構造化されたエンサイクロペディア,こうぞうかされたえんさいくろぺでぃあ
うたうたい,
雨花,うか
面舵サイダー,おもかじさいだー
五線譜あやとり,ごせんふあやとり
限界飛行船ゲイン,げんかいひこうせんげいん
カナリアスウィート,かなりあすうぃーと
キコエテイマスカ・・・,きこえていますか
君がそばにいると信じたい,きみがそばにいるとしんじたい
君と重ねた想い,きみとかさねたおもい
電柱連立哀愁歌,でんちゅうれんりつあいしゅうか
ありがとさよなら,
Fixxxer,
白昼夢の池,はくちゅうむのいけ
はなむけ,
ひとしずく,
Blue Rose/Kouhei,
NO MORE CHAIN,
Tsumanne,
ラブネギ,らぶねぎ
ようこそ恋愛病院へ,ようこそれんあいびょういんへ
鉄分P,てつぶんP
リスタート/鉄分P,りすたーと
常恋ミルキー,じょうれんみるきー
マーガリンとトースト,まーがりんととーすと
Baroque,
罪薔薇,つみばら
知らない天気,しらないてんき
水星檸檬の樹,すいせいれもんのき
クライベイビー/鮭P,くらいべいびー
四月,しがつ
人魚幻泳,にんぎょげんえい
廃墟に降る花,はいきょにふるはな
noise/尻切れ／アリアP,
奈都魅P,なつみP
全部うそ,ぜんぶうそ
KAITOに暴走してもらった,
オトソラ,おとそら
冬のマスカレード,ふゆのますかれーど
僕らが思い描いた未来は,ぼくらがおもいえがいたみらいは
SUPER AGOANIKI BEAT,
ペヤングだばあ,ぺやんぐだばあ
_boot,
VOC@LOID NIGHT Vol.2 remix tracks,
はてな！,はてな
メルト～毘沙門天アレンジ～,めると　びしゃもんてんあれんじ
パイパンP,ぱいぱんP
にげだすうそつき,
時の排斥,ときのはいせき
命の翼-Listen to my soul-,いのちのつばさ
ブザービーター,ぶざーびーたー
総合学園クリプトンアカデミー,そうごうがくえんくりぷとんあかでみー
EDEN/クリーム市長,
運命のシルエット,うんめいのしるえっと
マリオネット/まうP,まりおねっと
マリオネット,
恋色☆マジック,こいいろまじっく
お手紙,おてがみ
New-Style,
10月の雨/子猫P,じゅうがつのあめ
10月の雨,
仕事してP,しごとしてP
サンドリヨン（Cendrillon）,さんどりよん
素直,すなお
ma10a,
Sweetiex2,
MAX VEGETABLE,
月光雨,げっこうう
vengeance,
ライムライト/バルP,らいむらいと
ファースト・ステップ,ふぁーすとすてっぷ
ホットココア～徹夜のうた～,ほっとここあ～てつやのうた～
メトロマニア,めとろまにあ
あにあに菌にご注意♪,あにあにきんにごちゅうい
SHY　～待っているから～,
DARS,
wandering girl,
夏空/パイパンP,なつぞら
さよならアストロノーツ,さよならあすとろのーつ
本当に大事なのはひとつだけ,ほんとうにだいじなのはひとつだけ
この世界を,このせかいを
37℃の雨,37℃のあめ
猫背P,ねこぜP
WORLD CHANGE,
借金ソング,しゃっきんそんぐ
ボス走らず急いで歩いてきて僕らを助けてP,ぼすはしらずいそいであるいてきてぼくらをたすけてP
野良犬疾走日和,のらいぬしっそうびより
染井吉野,そめいよしの
鳥獣戯画,ちょうじゅうぎが
Stray child's Alice,
温暖化,おんだんか
LOVE たまご,
Now/ラヴリーP,
バンバンブー！！,ばんばんぶー
おなわをちょーだいっ！,
またあえたら☆,
kal,
めいこめいこにしてあげる♥,
桜ノ雨/CD,さくらのあめ
PROMINENT,
月下行,げっかこう
ナウロマP,なうろま
Parallel Lines,
プチプチP,ぷちぷちP
Cherry's Butterfly,
ボッチ,ぼっち
All origin,
void/（*・ω・）わおーんP,
新城P,しんじょうP
バレンタイン,ばれんたいん
オリエンタル,おりえんたる
STARMELODY,
cocotuki,
刹那P,せつなP
Zero Times Us,
Moments,
アンテナ/kal,あんてな
モーニング・アフター,もーにんぐあふたー
いつか見た黄昏,いつかみたたそがれ
「ありがとう。」,ありがとう
三年後の私に…,さんねんごのわたしに…
エレクトロエレジー,えれくとろえれじー
ビールいかがっすか～？,びーるいかがっすかー
8月の花嫁,8がつのはなよめ
めざまP,
リンたんのテーマ,りんたんのてーま
レンたんのテーマ,れんたんのてーま
ワールドイズマイン　レンver.,わーるどいずまいん　れんばーじょん
ワールドイズマイン　ぼくver,わーるどいずまいん　ぼくver
MidSummer!,
トラボティック・ワールド/CD,とらぼてぃっく　わーるど
風舞う世界の果てへ,かぜまうせかいのはてへ
逢,あい
未来の歌,みらいのうた
kotaro,
星のカケラ/平沢栄司,ほしのかけら
ゴゼンP,ごぜんP
Dreamy Light,
プログラム,ぷろぐらむ
未来へ続く道,みらいへつづくみち
家路,いえじ
Tender scar,
memories/ゴゼンP,
Change/ゴゼンP,
Get Lost,
花束P,はなたばP
さよならのかわりに、花束を,さよならのかわりに、はなたばを
Azell,
Dear/Azell,
Dear,
Whenever～遠い未来に夢見る幸福,Whenever～とおいみらいにゆめみるこうふく～
ケモノガミトボク,けものがみとぼく
幸せの言葉,しあわせのことば
Special memory,
ほしのこもりうた,ほしのこもりうた
AGAINSTAR,
僕に罰を 君に光を,ぼくにばつを　きみにひかりを
灯～ともしび～,ともしび
スワン,すわん
夏の記憶,なつのきおく
カナリア/CD,かなりあ
鎚,つい
片見月,かたみづき
SING/よだれP（島白）,
promise/よだれP（島白）,
promise,
イセイサ,いせいさ
innocesura,
涙/Otomania,なみだ
もう、いらないって。,もういらないって
戦刻舞闘,せんこくぶとう
記憶の旋律,きおくのせんりつ
EDEN/奈都魅P,
EDEN,
ムにカエすモノ,むにかえすもの
天下無双,てんかむそう
巡刻回路,じゅんこくかいろ
LALAWAY - 僕らの長い帰り道 -,
Wind/CD,
Absolute BLue,
Last Drop,
空-sora-,そら
WEBデザイン,
ライバル/目玉P,らいばる
ライバル,
彼方まで虹を架けて,かなたまでにじをかけて
ぱんつのうた,
くもり空に晴れ間,くもりぞらにはれま
夜霧のベルロード,よぎりのべるろーど
LONG 4 U,
楊柳,ようりゅう
love is a mirror,
花火色,はなびいろ
ロンググッバイ,ろんぐぐっばい
End of the Ache,
天上、地上、アマノガワ,てんじょう、ちじょう、あまのがわ
チキンカツP,ちきんかつP
NERU・ACT.2,
定期便、未だ来ず。,ていきびんいまだこず
will be...,
サンデー・ラブジェット・ジュース,さんでーらぶじぇっとじゅーす
telmin,
嘘の歌姫,うそのうたひめ
Breeze,
のりP,のりP
卒業/のりP,そつぎょう
grope for...,
Love Love Nightmare,
SIGNALOID SOUNDS,
流るる時間（とき）,ながるるとき
LOLI.COM,
CLOSE 2U,
ノア(Noah),のあ
空のさかな,そらのさかな
Cradle Of Destiny,
そばにいてくれたね,そばにいてくれたね
流星ハンター,りゅうせいはんたー
ヒトツオボエ,ひとつおぼえ
ありがとうを伝えたい,ありがとうをつたえたい
チョコレート/sackP,ちょこれーと
蛍香,ほたるが
８月の雨,8がつのあめ
やさしい風,やさしいかぜ
ワールドイズマイン～毘沙門天アレンジ～,わーるどいずまいん びしゃもんてんあれんじ
ソーダアイス,そーだあいす
イキル,いきる
Happiness/らんらんP,
Happiness,
雨の歌,あめのうた
らんらんP,らんらんP
心の手紙,こころのてがみ
くっじー,くっじー
4U,
HB,
ネクストP,ねくすとP
廻 - mawari -,まわり
笑顔の涙,えがおのなみだ
ひつじ雲,ひつじぐも
僕らいつまでも君と,ぼくらいつまでもきみと
Blue feelings　～僕たちのこころ～,Blue feelings ぼくたちのこころ
椛路,もみじ
Reason/つるつるP,
ONLY TONIGHT,
目にはみえない,めにはみえない
響けこの歌空高くまで,ひびけこのうたそらたかくまで
tysP,
平P,たいらP
アイス芋P,あいすいもP
マザー,まざー
くしゃみ,
夏のはじまり,なつのはじまり
夜、雑踏,よる、ざっとう
あんこ入りパスタライス,あんこいりぱすたらいす
ふみP,ふみP
朱炎,しゅえん
チキンカツ★カレー,ちきんかつかれー
チキンカツ☆カレー,ちきんかつかれー
揚鶏☆印度汁,ちきんかつかれー
渡り鳥P,わたりどりP
ねちょぐしゃP,ねちょぐしゃP
Internal Vision,
Stingray,
Palila,
Atturpore,
鉄風P,てっぷうP
nilo,
コントロールパラメータ,こんとろーるぱらめーた
かすたまP,
胃が痛い,いがいたい
U-ske,
スターティアラ,すたーてぃあら
Transmit,
Future～涙の記憶～,
鬼魔,きま
猫と鍋,ねことなべ
猫りある,ねこりある
ミク、るんるん♪,みくるんるん
Lovely Night！,
ここで、して。,ここでして
パヤパヤ☆シャララ,ぱやぱやしゃらら
Θ,
SHININGLENS(ME-GA-NE-HA-ZU-SE),
今夜もセフセフ,こんやもせふせふ
シューティングスター/底辺P,しゅーてぃんぐすたー
シューティングスター,
チャールストン・ドリーム,ちゃーるすとんどりーむ
Re:package,
記憶ノ欠片,きおくのかけら
Sky/CD,
わたしのせいじゃない＞＜。,わたしのせいじゃない＞＜。
BRIGHT RAiN,
鏡の世界,かがみのせかい
ひらいた,
天空ノ王,てんくうのおう
おまじない/めたはあ,
マツリノアト,まつりのあと
ぬこ、待ってて,ぬこまってて
ふたりの絆,ふたりのきずな
ゼロ・ワン,ぜろわん
ねえもしもし、わすれちゃったよ、そんなこと,ねえもしもしわすれちゃったよそんなこと
僕ラノセカイ,ぼくらのせかい
私のマスターど素人,わたしのますたーどしろうと
宇宙帝国p,うちゅうていこくp
すみじゅんP,すみじゅんP
Set and Go!! －with Advanced Rhythm－,
エンドロールに拘りのあるP,えんどろーるにこだわりのあるP
伝えたい、この想い,つたえたいこのおもい
終愛,しゅうあい
ラスモア,らすもあ
DEBUTANTE II,
sparkle song,
おなかすいたのうた,
ストリークP,すとりーくP
変わる世界で,かわるせかいで
Bravery,
一輪の花,いちりんのはな
No.D,
THE ENDLESS SKY,
甘さ控えめ/CD,あまさひかえめ
レッカリサイクル,れっかりさいくる
ソレナンテP,それなんてP
rejected -拒絶-,rejectedきょぜつ
サンドスクレイパー -砂漠の特急線-,さんどすくれいぱーさばくのとっきゅうせん
there/ヽ(ヽ･∀∀･)にこP,
ミク詐欺P（右近）,みくさぎP
クォーツ・ユニット,くぉーつ・ゆにっと
きえないひとみ。,きえないひとみ。
紫陽花と向日葵,あじさいとひまわり
69/におP,
みんなも一緒にやってみようYO!,みんなもいっしょにやってみようYO
あわせ鏡,あわせかがみ
ふうせん屋,ふうせんや
ゆっくりしていってね！！！,
でんきゅう屋さん,でんきゅうやさん
Doubling our Hearts,
なんだこの階段はぁ！？,なんだこのかいだんはぁ
待ちわび屋さん,まちわびやさん
We are POP☆CANDY!,
たたき屋さん,たたきやさん
おまんじゅうがたべたいな,
ねむたいや,
てんき予報,てんきよほう
てーへんだー！てーへんだー！,
火影-HOKAGE-,ほかげ
Horizon/カニミソP,
歌であふれる世界,うたであふれるせかい
DanP,
（´・ω・｀）ﾉｼ,
ワタシノ、モノ。,わたしのもの
笑顔にさせて,えがおにさせて
エピデミク・ガール,えぴでみくがーる
しあわせなの！,
愛情狂現～KAITO ver～,あいじょうきょうげんKAITO ver
シロクロ/HAL,しろくろ
伝えたい=伝えたくない,つたえたいつたえたくない
FxxK iT,
雨音/パレットP,あまおと
紫陽花/パレットP,あじさい
初恋/TACHE,はつこい
ここにいるよ/CD,ここにいるよ
世界は我が手に,せかいはわがてに
白黒少年,しろくろしょうねん
DISKING!,
ミンナノオト,みんなのおと
クリーニングスイッチ - Cleaning Switch -,くりーにんぐすいっち
いっしょじゃない,
初音奔放曲,はつねほんぽうきょく
いい意味でね,いいいみでね
Particles,
おひめさまだっこしてネ,おひめさまだっこしてね
ハロー、ナイトライツ,はろーないとらいつ
アンチ・デジタリズム,あんち・でじたりずむ
ドラムハート,どらむはーと
なやみむようっ!!,
Hi-G,
"Shut up, Get out.",
鏡に映せば,かがみにうつせば
ゆめにも ゆにめも,ゆめにもゆにめも
牢獄P,ろうごくP
TACHE,
Kaleido＊MIXture,
初恋/牢獄P,はつこい
初恋,
ガテラルP,がてらるP
絶望の神が支配する,ぜつぼうのかみがしはいする
発狂ロストバージン,はっきょうろすとばーじん
明日へ,あすへ
胸を張れ,むねをはれ
ゑのすけP,えのすけP
がくがくにしてくれる♪,
カラオケ配信曲一覧/JOYSOUND歌手名順【あ】,
自嘲の歌,じちょうのうた
受胎告知,じゅたいこくち
屋上の美咲,おくじょうのみさき
生理,せいのことわり
調教,ちょうきょう
監禁少女の歌,かんきんしょうじょのうた
Duel,
Travel Fly,
テレキャスター・ガール,てれきゃすたーがーる
わがまま,
誤解です,ごかいです
Bittersweet Memories... II,
憎悪の欲望,ぞうおのよくぼう
カイトとミクと扉の向こう様,かいととみくととびらのむこうさま
SHUN,
COOL ZERO ONE,
MIND ERROR,
春日通り,かすがどおり
ワールドイズマイン -RIN Ver.-,わーるどいずまいんRIN Ver
終末論,しゅうまつろん
ke-ji,
緑ノ娘,みどりのむすめ
2ちゃんねるイズマイン,2ちゃんねるいずまいん
青の王子,あおのおうじ
「サイハテ」をKAITOに歌わせてみた,さいはてをかいとにうたわせてみた
サイハテ バラードver,さいはてばらーどVer
INITIATION/蒼P,
Luminous Point,
エスケイプ,えすけいぷ
Message for you,
オトメチック☆Beat!,おとめちっくBeat
純菜翔,じゅんなしょう
ソラゴト,そらごと
理-コトワリ-,ことわり
レン投P,れんとうP
躯,むくろ
Transparent/CD,
スキスキおねえちゃん！,すきすきおねえちゃん
接吻は刹那,くちづけはせつな
ブルーチェーン,ぶるーちぇーん
ジミーサムP,じみーさむP
Scene/ジミーサムP,
Four Signals,
鏡音リン的　オワタ＼(＾o＾)／,かがみねりんてきおわた
Fate/純菜翔,
ずどどんP,ずどどんP
infidel,
南条あやになれなくて,なんじょうあやになれなくて
INTERMISSION,
早口P,はやくちP
Journey,
鬼と娘,おにとむすめ
いわしP,
遊び相手は南風,あそびあいてはみなみかぜ
SoundScaper,
霧初音,きりはつね
shiningray,
デジタル・ビットレート,でじたるびっとれーと
ミクミク詐欺,みくみくさぎ
お絵かき掲示板/お絵かき掲示板ログ/1,
生きて散るだけ,いきてちるだけ
中村イネ,なかむらいね
お絵かき掲示板/お絵かき掲示板ログ/2,
もんどうむようっ！,もんどうむようっ！
鏡音レンの暴走,かがみねれんのぼうそう
RainbowDrops,
囚人P,しゅうじんP
麦チョコざぶん,むぎちょこざぶん
ダンジョン1F,だんじょん1F
普遍と夢幻,ふへんとむげん
恋のアルゴリズム,こいのあるごりずむ
Horizon/水平線P,
Horizon,
コトカラハピネス,ことからはぴねす
水色の空,みずいろのそら
風に咲く花,かぜにさくはな
ハ☆チ☆ス☆ズ☆メ　オリジナルサウンドトラック3,はちすずめ　おりじなるさうんどとらっく3
心のグラフィティ,こころのぐらふぃてぃ
CD一覧/あ行,
CD一覧/か行,
CD一覧/さ行,
CD一覧/た行,
CD一覧/な行,
CD一覧/は行,
CD一覧/ま行,
CD一覧/や行,
CD一覧/ら行,
CD一覧/わ行,
CD一覧/A～Z,
CD一覧/その他,
Link of Light,
Remember/おパンクP,
Let's Fly Sky-high,
よっこらせっくす,よっこらせっくす
RGB,
Veilside,
今日、世界が,きょうせかいが
だいじょうぶ,だいじょうぶ
yukiwo,
ナミダアメ,なみだあめ
SMILE/えろあきP,
青/ブラックモニターP,あお
Burst!,
カ・ラ・フ・ル,からふる
ぼくは　おおかみ,
君に☆スプラッシュ/今日犬（ジャムおじさんP）,きみにすぷらっしゅ
164,
Room 206,
ストロベリー,すとろべりー
pradera,
リトルハート・コライダー,りとるはーとこらいだー
におP,におP
SADISTIC VAMPIRE,
邪気眼P,じゃきがんP
バレンタインの,ばれんたいんの
バレンタインの（MEIKO帰還）,ばれんたいんの MEIKOきかん
lost one -ver.2008-,
Power of Vice!,
伝えたい、ひとこと,つたえたいひとこと
Azurehearts,
う★ま☆い★棒LOVER!,うまいぼうLOVER
はにぱわーMAXIMUM,はにぱわーまきしまむ
SUPER TOMATOFUBEAT VOL.1,
おればななP,おればななP
takanonP,
Imitator,
病める魂のバラード,やめるたましいのばらーど
Another,
オーP,おーP
黄色いコートローラー,きいろいこーとろーらー
逃亡者,とうぼうしゃ
Re：心の手紙,Re:こころのてがみ
早く帰りたい,はやくかえりたい
錦の舞,にしきのまい
おやすみ、おやすみ。,おやすみおやすみ
極楽鳥 -bird of paradise-,ごくらくちょう-bird of paradise-
カラバン,からばん
Vision/ジミーサムP,
マッコイ,まっこい
不帰ノ森（カエラズノモリ）,かえらずのもり
いつか僕がいた場所へ,いつかぼくがいたばしょへ
sad song,
置き去り月夜抄,おきざりつきよしょう
番凩,つがゐこがらし
夢幻ノ如ク,むげんのごとく
青に溶けてゆく,あおにとけてゆく
二人のポートレイト,ふたりのぽーとれいと
卑怯戦隊うろたんだー/CD,ひきょうせんたいうろたんだー
［TEST］,
Wish/19's Sound Factory,
Wish,
風の踊り子,かぜのおどりこ
ぎぜんしゃ星人,ぎぜんしゃせいじん
黒い塔の王子,くろいとうのおうじ
芙蓉,ふよう
傷心のエレジー,しょうしんのえれじー
潮風,しおかぜ
トラボティック・ワールド,とらぼてぃっくわーるど
僕みたいな君　君みたいな僕,ぼくみたいなきみきみみたいなぼく
恋するうさぎ,こいするうさぎ
Mirroring Love,
鏡の唄,かがみのうた
にちよう,
DECO*27,
モバイリ：センセーション,もばいりせんせーしょん
知らぬがパパの妄想歌,しらぬがぱぱのもうそうか
RPG,
デンパワー・アリーナ,でんぱわーありーな
Waiting in Earth,
eat me/ヒーリングP,
スターライトP,すたーらいとP
そんなカラスのセレナーデ,そんなからすのせれなーで
abandoned,
銀色,ぎんいろ
二人のRain of blossoms,ふたりのRain of blossoms
なつぐも　～On her way to his home～,
ペンギンよ、大志を抱け,ぺんぎんよたいしをいだけ
恋と夜,こいとよる
You Will Go To Wonderland,
Stay/パイパンP,
じゃむぱん,じゃむぱん
春二人～Love Song,はるふたり　Love Song
Melt Away My Pain,
みくのかんづめ,みくのかんづめ
戦唄/鉄分P,いくさうた
秋風数え唄,あきかぜかぞえうた
神様隠し,かみさまかくし
七つ色バルール,ななついろばる－る
malo,
或る詩謡い人形の記録『雪菫の少女』,あるうたうたいにんぎょうのきろく　ゆきすみれのしょうじょ
ぬこぬこにしてあげる♪,
CD一覧/ページ作成順,
CD一覧/ページ更新順,
輝く未来へ,かがやくみらいへ
西域楽府,さいいきがふ
常世の如く,とこよのごとく
Escape/涼風P,
囚人,しゅうじん
脱獄/囚人P,だつごく
星空どこまでも,ほしぞらどこまでも
機械仕掛けの心,きかいじかけのこころ
Won't Give Up!　その翼ひろげて,
8月31日/トマ豆腐,はちがつさんじゅういちにち
gentleman's dance,
修正依頼,
プーチンP/過去ログ,
孤独な光,こどくなひかり
すずきP,
そっとうP,そっとうP
雨を連れゆく,あめをつれゆく
桜の季節 -Separation-,さくらのきせつ　Separation
BEAT CYCLE -ムゲンノカノウセイ-,BEAT CYCLE-むげんのかのうせい-
レオP,れおP
ROY,
The Gambler,
Miracle of Life,
Last Song/ROY,
Searching for My Dreams,
パンツ派閥一覧,
キミとボクとネコ,きみとぼくとねこ
イリュージョン/キャプテンミライ,いりゅーじょん
-ヒトに在らず-,ひとにあらず
Summer Day,
果てなき蒼穹、果てる世界,はてなきそうきゅう、はてるせかい
solitude/バルP,
数十億の着想と理想から,すうじゅうおくのちゃくそうとりそうから
牛乳賛歌,ぎゅうにゅうさんか
黒い雨,くろいあめ
Angel's Radio -chu chu noise-,
理想の世界,りそうのせかい
Cry for you,
まあお茶でも飲もうよ,まあおちゃでものもうよ
DANCE/ラヴリーP,
カタログ一覧,
作者別カタログ,さくしゃべつかたろぐ
VOCALOID・アンダーグラウンド・カタログ,ぼーかろいどあんだーぐらうんどかたろぐ
Vocaloidランキング　の　カタログ,ぼーかろいどらんきんぐ　の　かたろぐ
Midnight calling,
Pretends,
ERROR!,
FOURTEENS,
Neverland/kal,
SAKURA/トマ豆腐,
なつやすみのワルツ,なつやすみのわるつ
アナタトノチガイ,あなたとのちがい
SUPER TOMATOFUBEAT VOL.2,
ナゾノタネ,なぞのたね
Chip Tears,
いろべよう,いろべよう
I'm a Perfect Girl！,
春の嵐/鉄風P,はるのあらし
ミミコP,みみこP
Adam/ジミーサムP,
alive/彩音P,
遠くへ,とおくへ
君に☆スプラッシュ/ヒーリングP,きみにすぷらっしゅ
君に☆スプラッシュ,
なおぽ,
SHELIFT,
バレンタインP,ばれんたいんP
Digital Vocals 01,
あなただけの歌姫,あなただけのうたひめ
蒼穹のヴァルハリア,そうきゅうのゔぁるはりあ
スノウドロップ,すのうどろっぷ
噴き上がるユメの碧,ふきあがるゆめのみどり
minao（希望P）,
litania,
ピロリロP,ぴろりろP
UltraHardAttacks of OddMusiK,
おしまいだぜ！　FULL,
つないだ手と花、紙飛行機,つないだてとはな、かみひこうき
天津団栗,てんしんどんぐり
駅へ向かう,えきへむかう
soundless voice,
こころいろえんぴつ,
闇討ちスナイパー,やみうちすないぱー
over infinity,
湯船にのって,ゆぶねにのって
「やきとりはちゅね」の店内ソング,やきとりはちゅねのてんないそんぐ
せいかつ200X,せいかつ200X
クラフトP,くらふとP
ギョーザ食べよっ！,ぎょーざたべよっ
Surveillant,
Memories/CD,
だあくP,
ニラP,にらP
ニラを持ってるからなんだっていうの,にらをもってるからなんだっていうの
Lemonade/ニラP,
lemonade,
耳血,みみぢ
じゃあね、ばいばい,
夏帯,なつおび
桜/ニラP,さくら
優しい雨が続くように,やさしいあめがつづくように
PICO＠LUV (☆彡とvとAIのウタ。),
Cherry/ニラP,
Butterfly in the snowing air,
恋の魔法/ニラP,こいのまほう
Memories,
ラグタイムな恋,らぐたいむなこい
ドーナツ食べたい,どーなつたべたい
AIRIS,
スーパーオッパイタイム,すーぱーおっぱいたいむ
Toward the future,
イチゴショート,いちごしょーと
スーパードライバー,すーぱーどらいばー
3姉妹恋戦争,3しまいこいせんそう
恋するロードランナー,こいするろーどらんなー
snow/ミラーP,
スタンダード,すたんだーど
Sing For You,
紙ヒコーキ,かみひこーき
笑顔でEngineer! ～FPGA Edition～,えがおでEngineer
清涼☆せみこん恋娘,せいりょうせみこんらぶがーる
FORWARD/トマ豆腐,
クレイヂィ・クラウン,くれいぢぃ・くらうん
きっず・りたーん,きっず・りたーん
師匠P,ししょうP
ほっぺ,
re-boot,
オバハン・レボリューション,おばはんれぼりゅーしょん
てれびの子,てれびのこ
ポジション,ぽじしょん
Good bye.,
L'azur,
ろっくみくにしてあげる,
Yoshihi,
メルティブレイン-Melty Brain-,めるてぃぶれいん
despise,
スマイルメイカー,すまいるめいかー
窓を開いて,まどをひらいて
ライアー！,らいあー！
LOVE SONG/大納僧,
赤い実はじけた,あかいみはじけた
コスプレP,こすぷれP
約束の場所/涼風P,やくそくのばしょ
廃墟に紡ぐ詩,はいきょにつむぐうた
ネギライス,ねぎらいす
なにかしらP,
ねむれないよる,ねむれないよる
シンクリダクション,しんくりだくしょん
リグレット/ぱやP,りぐれっと
ぱやP,ぱやP
焼ヶ原,やきがはら
Here Today,
葬送曲,そうそうきょく
ワイズリー,わいずりー
スーパーバニー,すーぱーばにー
スナイパー,すないぱー
トマ・ト・ショークスナー,とまとしょーくすなー
神速ミステリアス,しんそくみすてりあす
Eve/ジミーサムP,
夜明けコトバ,よあけことば
Want be who? What I want?,
wisp,
ばくだん,
ごめんね/トマ豆腐,
マッタオンマエーカー,まったおんまえーかー
クーヘンバーム∞,くーへんばーむむげんだい
DRAGONRIDER,
ラプンツェル/ふみP,らぷんつぇる
下剋上(替),げこくじょう
下剋上(完) KAITO ver.,げこくじょう
LOBLUE,
枯れぬ花,かれぬはな
STAR,
Past Days/トマ豆腐,
kaleidoscope/まろれん,
超点心☆ある日の食いしんBOY,ちょうてんしんあるひのくいしんぼーい
ポテコ指にはめんな,ぽてこゆびにはめんな
サムネホイホイ,さむねほいほい
アイマイナキミトボク,あいまいなきみとぼく
白い窓辺で,しろいまどべで
ナニガラブダ,なにがらぶだ
49懺悔録,49ざんげろく
ジッジーニとナタラー,じっじーにとなたらー
Showered,
出勤拒否P,しゅっきんきょひP
僕らの軌跡,ぼくらのきせき
DAMEPO PLACE,
星天,せいてん
可愛い歌を歌わせなさいよ,かわいいうたをうたわせなさいよ
海の月,うみのつき
めんぼう on stage,めんぼう on stage
GAME OVER/トマ豆腐,
打倒初音のテーマ,だとうはつねのてーま
すごいよ！！初音さん,すごいよはつねさん
裁判員制度のうた,さいばんいんせいどのうた
年越しソング,としこしそんぐ
壊想,かいそう
タサイ・ダナ,たさいだな
もしも僕が死んだら,もしもぼくがしんだら
桃源郷の小さな庵,とうげんきょうのちいさなあん
trick and treat,
Alice in Dreamland,
crossfade,
letter song -answer-,
レインマンの住む街,れいんまんのすむまち
Cap on the head(BO-SHI-NU-GE),
広いメロディ、狭いハーモニー,ひろいめろでぃせまいはーもにー
紅月,こうげつ
rain/UPNUSY,
オレンジの手招き,おれんじのてまねき
ナン・ジャコーレ・マッズ,なんじゃこーれまっず
ネグィ・ラ・セーロ,ねぐぃらせーろ
たゆん！たゆん！,たゆん！たゆん！
DREAM of Donut,
ツマンネ＼(^o^)／,つまんね
アントワ・ジャーマン,あんとわじゃーまん
ナンティカ・シーダ,なんてぃかしーだ
鬼ノ棲ム森,おにのすむもり
さすらいの黒下駄おみく,さすらいのくろげたおみく
別にいいのよ,べつにいいのよ
もーやだ,
selfish illusion,
みずおと,みずおと
ゆびきり/やながもP,ゆびきり
やながもP,やながもP
桃源郷,とうげんきょう
ぱららぱっぱ,ぱららぱっぱ
DISHEVELED Hair(KA-MI-KI-RE),
VOX,
なにもしないうた,なにもしないうた
孤守唄,こもりうた
光の妖精ピカイト,ひかりのようせいぴかいと
オニオンチャレンジ,おにおんちゃれんじ
鼻たれ小僧ハナタレン,はなたれこぞうはなたれん
LIFE/トマ豆腐,
風鈴のメロディー,ふうりんのめろでぃー
鬱P,うつP
アナログ/kiichi（なんとかP）,あなろぐ
空のページェント,そらのぺーじぇんと
風は待たない,かぜはまたない
Styles,
BOUND SHADOW,
Winner!,
VIVO,
或る詩謡い人形の記録『言霊使いの呪い』,あるうたうたいにんぎょうのきろく　ことだまつかいののろい
アヤツリツラレ,あやつりつられ
ハコイリフタゴ,はこいりふたご
ダンシング☆ヤンデレ,だんしんぐやんでれ
蝶のなく頃に,ちょうのなくころに
べらんめえ！褌魂,べらんめぇふんどしだましい
オー！マネー・イズ・オール,おーまねーいずおーる
停滞し日々回転す,ていたいしひびかいてんす
少年銀河,しょうねんぎんが
ヨウェン,ようぇん
リュッケ・トゥ・シテルシー,りゅっけとぅしてるしー
愛が生まれない　～黒いあなた～,あいがうまれない　くろいあなた
麦チョコとパパ,むぎちょことぱぱ
おはようからおやすみまで暮らしを見つめるのは,おはようからおやすみまでくらしをみつめるのは
殺人ロイド。,さつじんろいど
監禁、調教、ビーフシチュー,かんきん、ちょうきょう、びーふしちゅー
ざわざわP,
番人と鎌,ばんにんとかま
Growth Life,
上海★ディスコ,しゃんはいでぃすこ
グレープ,ぐれーぷ
SELDOM,
しあわせな気持ち,
next/ずどどんP,
w／orld,
uta girl,
ヤンデ恋歌,やんでれんか
ヒトゲノム,ひとげのむ
月下の喜遊曲,げっかのきゆうきょく
nagi-P,なぎP
宵の口,よいのくち
運命の扉,うんめいのとびら
いやはてに吹く風,いやはてにふくかぜ
少女の空想庭園,しょうじょのくうそうていえん
ピエロプレイ,ぴえろぷれい
ナチュらリズム,なちゅらりずむ
漣 -盤上の風-,さざなみ　ばんじょうのかぜ
ナスが好き,なすがすき
crimson,
vanzz,
EXEC_RESOLUTION／.,
unused impulse,
悶絶☆ナスダジオEX!,もんぜつなすだじおEX
キミとUSB★接続っ！,きみとUSBせつぞくっ
ぼくをみて,
パウンドライク,ぱうんどらいく
SKELETON LIFE,
dreamin' flyer,
きれいなゆめ,
GENIUS Syndrome,
lab is,
music/PolyphonicBranch,
イノセント/夢見るP,いのせんと
桜色の時間,さくらいろのとき
MY DESTINY EXPRESS,
雨フリノチハ晴レキブン/CD,あめふりのちははれきぶん
Chaining Intention,
千夜月-senyaduki-,せんやづき
The 9th,
Heaven/らんらんP,
ファイナルピクニック,ふぁいなるぴくにっく
Empty World,
It's like a music,
猶予の月,いざよいのつき
■P,
雨フリノチハ晴レ気分,あめふりのちははれきぶん
タイスケ,たいすけ
wing/タイスケ,
sign/タイスケ,
wing,
ヒンミィ -hinmiih-,ひんみぃ
Radiant,
ミナグ,みなぐ
2chつべ板　ボカロスレ本日のオススメ動画,
ハヤシライスP,はやしらいすP
どうにもこうにも　I LOVE YOU ☆,どうにもこうにもI LOVE YOU
蝶のワルツ,ちょうのわるつ
1+9=?…,
或る詩謡い人形の記録『夕刻の夫婦』,あるうたうたいにんぎょうのきろく　ゆうこくのふうふ
うしろまえワルツ,うしろまえわるつ
あなたに、ありがとう。,
ふたりのうた,
Tragödie,
ハロウィンモンスタァパーティナイト,はろうぃんもんすたぁぱーてぃないと
新日本酒飲み音頭,しんにほんしゅのみおんど
Drawing x drawinG,
声々,こわごわ
ミルキー☆ウェイ,みるきーうぇい
線路は続くよ,せんろはつづくよ
+BE MY SACRIFICE+,
Trash Pop Night,
七色リミックス,なないろりみっくす
P∴Rhythmatiq act:01,
MineK,
Treow（逆衝動P）,
カオスP,かおすP
Snow Promenade,
ミライゲンザイカコミライ,みらいげんざいかこみらい
ちょい待ったああ！！,ちょいまったああ！！
アナタノアシタ,あなたのあした
A Wish,
おはようからおやすみまで暮らしを見つめるKAITO,おはようからおやすみまでくらしをみつめるかいと
アカイトにしてやるよ！,あかいとにしてやるよ
キカイトにしてあげます,きかいとにしてあげます
Remember Love,
Misty Sky,
ソラトブウシ,そらとぶうし
ユメミルヒツジ,ゆめみるひつじ
はつゆき◇リマインド,はつゆきりまいんど
Closed Blue,
シアワセノシグナル,しあわせのしぐなる
新世紀,しんせいき
孤児,こじ
過去の忘れ物,かこのわすれもの
yusukeP,
FABRiC,
鳥葬,ちょうそう
シャム猫のうた,しゃむねこのうた
金色戦場歌,こんじきせんじょうか
Melancholyをもう一度,
月に叢雲花に風,つきにむらくもはなにかぜ
夏の迷路,なつのめいろ
楽しいのかP,たのしいのかP
オレジナルP,おれじなるP
赤い花,あかいはな
きみに☆スプラッシュ/はむ☆P,きみにすぷらっしゅ
人魚と銀月夜,にんぎょとぎんづきよ
スターライト/AraP,すたーらいと
メッセンジャー,めっせんじゃー
おやすみ天使,おやすみてんし
asterism/レインロード,
ミズノトシ,みずのとし
アゴ ア ゴーゴー,あご　あ　ごーごー
レンレンにしてやるぜ！,れんれんにしてやるぜ
すぞーりP,
World's Crying,
世界一小さなセレナーデ,せかいいちちいさなせれなーで
Dear My Sister,
luna e amata,
Dreamy Fly,
わたしかまないんだからっ！,わたしかまないんだからっ！
アリガトウを言えたなら,ありがとうをいえたなら
Set Up Hurry,
＊シロイサヨナラ＊,しろいさよなら
Kapiyva,
Endless Nightmare/ROY,
there/mmmboP,
クグツ,くぐつ
there,
星を数えてゆく,ほしをかぞえてゆく
Extended-ゆっくり-,
ワールドイズマイン(替え歌_男性ver.),わーるどいずまいん　かえうた　だんせいばーじょん
とほほP,とほほP
愛してる、誰よりも強く深く愛してる,あいしてる、だれよりもつよくふかくあいしてる
オイシイキノコ,おいしいきのこ
コモチメカブ,こもちめかぶ
ゆよゆっぺ,
紅色サクラ,べにいろさくら
ゆうP,ゆうP
君だけに僕だけの,きみだけにぼくだけの
Shine,
プラグアウト,ぷらぐあうと
花/CD,はな
花,
革命/囚人P,かくめい
鼻そうめんP,はなそうめんP
Always yours way,
うっとり草子,うっとりぞうし
バナナ豆乳の唄,ばななとうにゅうのうた
starry world/minao（希望P）,
Idolator,
希望ノ花束,きぼうのはなたば
はちゅねミクのうた,はちゅねみくのうた
最後に…,さいごに…
暴れぼりゅーしょんP,あばれぼりゅーしょんP
君を奪いたくて,きみをうばいたくて
日曜日,にちようび
きみのとびら,
紫ノ王,むらさきのおう
blue ray,
泣いてキス,ないてきす
スペースショートカットキー,すぺーすしょーとかっときー
Birth in Heaven,
爆音P,ばくおんP
レインボーダー,れいんぼーだー
210P,
ひとつだけ/∀studio,
初夏,しょか
●テラピコス,てらぴこす
光射す場所,ひかりさすばしょ
espresso/あわあわp,
テクノストレス,てくのすとれす
succubus,
Lucifer/あわあわp,
Tripshots,
アンメルツP,あんめるつP
cheeRfuL,
ディスコティック★ラヴ,でぃすこてぃっく★らぶ
茜,あかね
君が望む永眠,きみがのぞむえいみん
女装娘P,じょそこP
おとこのこだって,
ムスカP,むすかP
攻略本,こうりゃくぼん
To the sky ☆,
夢のカケラ -destiny-,ゆめのかけら　ですてぃにー
Tears☆Tears,
ずっと忘れないから…,ずっとわすれないから
思い出トワイライト,おもいでとわいらいと
舎利禮文,しゃりらいもん
innisfree,
夕暮れと明日の唄,ゆうぐれとあしたのうた
或る詩謡い人形の記録『賢帝の愛顧』,あるうたうたいにんぎょうのきろく　けんていのあいこ
青磁（即興電P）,せいじ　そっきょうでんP
えもラブ,えもらぶ
青い鳥,あおいとり
君のいない場所で,きみのいないばしょで
-last night-,
ねこのおかしら,ねこのおかしら
どうして,どうして
ワールドワイドP,わーるどわいどP
エターナルワールド,えたーなるわーるど
夕凪/束子P,ゆうなぎ
でんわにでんわ,でんわにでんわ
赤い実はじけた／えもラブ,あかいみはじけた　えもらぶ
カナシキヒステリックガール,かなしきひすてりっくがーる
○○は受信機なんです,○○はじゅしんきなんです
のぼる↑,
虹色さんぽ,にじいろさんぽ
ふたりの唄,ふたりのうた
ほえほえP,
flowertone,
ぽっぴっぽー,ぽっぴっぽー
フルテン☆カーニバル,ふるてんかーにばる
前振りP,まえぶりP
脱力ジャパンP,だつりょくじゃぱんP
古墳P,こふんP
遠ざかるRadio,とおざかるRadio
クカナマグ☆,くかなまぐ
Pathology of Obsessions,
例えば君への言葉が100%届いたとしても,たとえばきみへのことばがひゃくぱーせんととどいたとしても
ほろびのうた,
South North Story,
Paint The World,
東京ウィザード,とうきょううぃざーど
Stream of Life,
理想郷/囚人P,りそうきょう
雨のち晴れのち、雨,あめのちはれのちあめ
竹の子ディスコ,たけのこでぃすこ
はるひP,はるひP
春日（はるひ）,はるひ
99P,
"その自意識とSea side, Dark side","そのじいしきとSea side, Dark side"
彼方/はるひP,かなた
乖離-Reborn-,かいり
ハレ,はれ
魔王嬢-MaoujyouⅠ-,まおうじょう-Maoujyou Ⅰ-
月詠,つくよみ
流れた星。,ながれたほし
天使が降りてくる夜,てんしがおりてくるよる
イレイザー,いれいざー
陽が差し込むこの場所で,ひがさしこむこのばしょで
街灯の唄,がいとうのうた
ひとひらの,ひとひらの
月と虎落笛のインソムニア,つきともがりぶえのいんそむにあ
ロジアス・レジーナ,ろじあす･れじーな
守りたいもの,まもりたいもの
想い出に変わる前に…,おもいでにかわるまえに…
七夕さまのねがいごと,たなばたさまのねがいごと
Kossy,
夜間飛行/すずきP,やかんひこう
追憶－滲む前の君と唄－,ついおく　にじむまえのきみとうた
I hate you,
Last Word,
つれていって,つれていって
カレン,かれん
Regret/U-ske,
black coffee,
忘れゆく,わすれゆく
クリスマスケーキ,くりすますけーき
Remind of you,
スピード☆メイカー,すぴーど☆めいかー
Don't Forget Me,
especially,
玉響,たまゆら
優しい記憶,やさしいきおく
くらくらルリルラ,くらくらるりるら
満月の夜に踊れ,まんげつのよるにおどれ
heartache/ロリP,
approach to zero,
天下一統,てんかいっとう
虚実,きょじつ
かくれんぼ/すずきP,
弱音の季節,よわねのきせつ
あやつりDolls 零,あやつりどーるずぜろ
夜招キザクラ XX,よまねきざくら
＊＊ぽ,
continued,
inokix,
つまめると,
ワールドイズマインver.meiko,わーるどいずまいんばーじょんめいこ
ひとしずくP,ひとしずくP
proof of life,
last song ～涙の海へ～,
大和撫子,やまとなでしこ
運のよさ－A,うんのよさ
プリンセス・カウガール・ショー,ぷりんせすかうがーるしょー
えろろんP～Special Arrange Disc～,
メルト/過去ログ1,
メルト/過去ログ2,
u160(ういろー丸P),
"good night,good dream",
little wish/u160(ういろー丸P),
理由,りゆう
愛のある日々,あいのあるひび
恋待ち,こいまち
love story/u160(ういろー丸P),
android lovers,
baby love you,
体温で愛して,たいおんであいして
ハグ！ハグ！ハグ！,はぐ！はぐ！はぐ！
kids are alright！,
oh my love,
マーガレット,まーがれっと
大きなハート,おおきなはーと
be alright,
give me love,
エターナル　スターライト,えたーなるすたーらいと
ぼくはロボット,ぼくはろぼっと
STEP/u160(ういろー丸P),
君のユウウツ,きみのゆううつ
あんさつしゃ！,あんさつしゃ！
恋の輪,こいのわ
愛がない,あいがない
愛をひとつ,あいをひとつ
Love Forever,
W,
春待ち,はるまち
青い炎,あおいほのお
熱,ねつ
涙とA,なみだとA
みくみっく,みくみっく
空のはなし,そらのはなし
心温,しんおん
心　晴れたら,こころ　はれたら
Love Love,
愛のビタミン,あいのびたみん
気楽にいこうぜ,きらくにいこうぜ
愛 to you,あい to you
ハナウタ、ハニカミ,はなうた、はにかみ
baby blue/u160(ういろー丸P),
結び目生活,むすびめらいふ
smile again/u160(ういろー丸P),
oh my baby,
plastic girl,
happiness/u160(ういろー丸P),
keep the soul,
My Girl/u160(ういろー丸P),
"fxxk you,love you",
I Love,
パッチワーク・ハート,ぱっちわーく・はーと
-Geminate-,
piece/あわあわp,
一人,ひとり
新幹線,しんかんせん
love/CD,
かごめかごめ/u160(ういろー丸P),かごめかごめ
みつけて,みつけて
楽に、君と,らくに、きみと
あいたいな,あいたいな
ぼくのせい,ぼくのせい
殺したい、愛したい,ころしたい、あいしたい
ラブソング/u160(ういろー丸P),らぶそんぐ
そばにいてよ,そばにいてよ
手首,てくび
Love × ∞,
kitty,
ララララ,らららら
キミ,きみ
ありがとう/u160(ういろー丸P),ありがとう
そのままで,そのままで
I'll sing love for you,
夢,ゆめ
Don't fake your self,
friend,
指輪/u160(ういろー丸P),ゆびわ
darlin'/u160(ういろー丸P),
アイランド,あいらんど
stop the time,
broken youth,
心の声,こころのこえ
抱きしめる,だきしめる
スイミン,すいみん
my friend/u160(ういろー丸P),
あと少しだけ,あとすこしだけ
ありがとう,
陰陽,いんよう
LoveR...,
空想の花,くうそうのはな
desert/ずどどんP,
snow knows,
soil,
fuse/ずどどんP,
人気者になりたい,にんきものになりたい
ナツウタ。/zasikiP,なつうた。
明日に飛び込む歌,あしたにとびこむうた
×,
ぼくのご主人様,ぼくのごしゅじんさま
よしえさんのお使いマーチ,よしえさんのおつかいまーち
ラストプロトコル,らすとぷろとこる
ユメニサクハナ,ゆめにさくはな
ザ・ライト,ざらいと
sleeping beauty,
なぎみそ,
P∴Rhythmatiq act:02,
Monument,
星の命,ほしのいのち
仮想現実,かそうげんじつ
時の終わり,ときのおわり
ツイホウ恋歌。,ついほうこいうた。
NEXT (Ver.i) feat. 初音ミク,
ふねP,ふねP
悠久音色,ゆうきゅうねいろ
半熟P,はんじゅくP
爆ロP,ばくろP
ワースゴイ美味イン,わーすごいうまいん
Message in our silence,
ブランコ★ノッタシュンカン,ぶらんこのったしゅんかん
切望,せつぼう
オルゴール,おるごーる
夕焼け空/TACHE,ゆうやけぞら
redjuice,
大キライ...,だいきらい...
ワールドアウトサイド,わーるどあうとさいど
リムーブ,りむーぶ
ボクらのウタ（僕らの歌）,ぼくらのうた
神鳴り,かみなり
リンレン弾,りんれんだん
虹/ムスカP,にじ
虹,
下剋上（替） がくぽ ver.,げこくじょうかえがくぽver.
お仕事！GO！GO！,おしごとごーごー
Invisible Tears,
言葉/箒ギターP,ことば
After the Wind,
DIGITAL SNOW,
ニコどー！！,にこどー！！
ハチスズメ Complete Box,はちすずめ Complete Box
刻の途,ときのみち
恋シテル,こいしてる
ねんまつのうた,ねんまつのうた
Sweetheart,
向日葵の村へ,ひまわりのむらへ
月葬,げっそう
アリガトウノキセキ,ありがとうのきせき
いつか笑顔、いつも笑顔,いつかえがお、いつもえがお
-Es／CT-,
悲しい卵のうた,かなしいたまごのうた
めんどくさいうた,めんどくさいうた
鏡の世界へ,かがみのせかい
cheeRfuL Harmony '08,
のちハレ,のちはれ
アルニコ,あるにこ
少女の空想庭園/CD,しょうじょのくうそうていえん
End of Saga-氷の貴公子と緑のアリア-,
逆方向の街,ぎゃくほうこうのまち
CAUTION,
煌めく未来に,きらめくみらいに
漆黒の花,しっこくのはな
Crow/toya,
手鞠歌,てまりうた
Trick or Treat !,
空からの旋律,そらからのせんりつ
君が気付けるように,きみがきづけるように
ハローグッバイ/すこっぷ,はろーぐっばい
たまぁ～ずP,
二人のX'mas Night,ふたりのX'mas Night
日照雨,そばえ
ブレス -Breath-,ぶれす
for twins,
prayer/クウヤ,
Sherry,
誰がために,たがために
佳月・夜桜,かげつよざくら
恋紅綬,こいこうじゅ
Sunday/びにゅP,
びにゅP,びにゅP
夜間飛行/出勤拒否P,やかんひこう
夜間飛行,
Love Me Do,
Mass Driver,
fukuda yuichi,
ii!!,
初めての恋が終わる時,はじめてのこいがおわるとき
モーメント/KEI,もーめんと
ニラレボリューション,にられぼりゅーしょん
ポラリス,ぽらりす
stayblue,
Precocious Melodies,
Little Traveler,
夜天の陽,やてんのひ
PAIN,
Speed/vanzz,
或る詩謡い人形の記録『終焉の歌姫』,あるうたうたいにんぎょうのきろく　しゅうえんのうたひめ
Precocious Melodies/CD,
Connection of voice,
ソラ,そら
ただいまと叫んでも届かない。,
ネガティブP,ねがてぃぶP
ささやきディストーション,
レイニーデイズ/夕闇P,れいにーでいず
ニガイトにしてあげる…,にがいとにしてあげる
Love Song/Fixxxer,
Love Song,
飛んでけ！片思い！,とんでけかたおもい
ガラクタロボット,がらくたろぼっと
necrocarnival,
オヤスミ/あかやかP,おやすみ
あかやかP,あかやかP
カタルシス/リンゴンP,かたるしす
crystaL（クリスタエル）,
ありがとさよなら/CD,ありがとさよなら
さよならティーンエイジライオット,さよならてぃーんえいじらいおっと
わりばしおんな。,
huke,
壱加,いちか
時の欠片,ときのかけら
ハイパーワールド,はいぱーわーるど
スーパーオンライン,すーぱーおんらいん
マージナル,まーじなる
アルビノ/涼風P,あるびの
ロンリーハート,ろんりーはーと
電子回廊　-electronic corridor-,でんしかいろう
君といる世界,きみといるせかい
無垢のための子守唄,むくのためのこもりうた
subspecies,
キサマを忘れたい,きさまをわすれたい
空の果てへ,そらのはてへ
等身大のゴジラ　東京へ,とうしんだいのごじら　とうきょうへ
Comet☆Seeker,
autumn,
未来に残す声,みらいにのこすこえ
心color,こころcolor
Lemon Tea,
魔ゼルな規リン,まぜるなきりん
Eternal Dancer,
Mind-Error,
オサレP,おされP
スウィートメリークリスマス,すうぃーとめりーくりすます
モノクロームの雨、灰色の空,ものくろーむのあめ、はいいろのそら
僕うぇっトスーツ好き,ぼくうぇっとすーつすき
ラ・ラ・メリー・クリスマス,ららめりーくりすます
carmine snow,
spell station,
絶対☆勝利,ぜったいしょうり
生命付ダッチワイフ,いのちつきだっちわいふ
feel the sky,
在りし日の歌,ありしひのうた
初音ミク終了のお知らせ,はつねみくしゅうりょうのおしらせ
セカイ/ふみP,せかい
恋してるクリスマス,こいしてるくりすます
それが私の一日,それがわたしのいちにち
DEBUTANTE III,
シニカルロマンス,しにかるろまんす
僕みたいな君　君みたいな僕/CD,ぼくみたいなきみ　きみみたいなぼく
砂時計/DECO*27,すなどけい
歌秘め,うたひめ
宵鳴きパンプキン,よいなきぱんぷきん
死んだ蟷螂,しんだかまきり
サテライトラブ,さてらいとらぶ
初めての恋が終わる時/CD,はじめてのこいがおわるとき
クリスマスオワタ＼(^o^)／,くりすますおわた
Rainy Heart -夏の記憶-,
白いまち,しろいまち
ピアノ×フォルテ×スキャンダル,ぴあのふぉるてすきゃんだる
園庭想空の女少,あんちざふぁんたじっくがーでん
白夜のイヴを越えて,びゃくやのいぶをこえて
私が髪を切った理由,わたしがかみをきったりゆう
メルツェルの機械人形,めるつぇるのきかいにんぎょう
雪の降る街,ゆきのふるまち
暁,あかとき
炉心融解,ろしんゆうかい
Star Parade,
初恋/ミラーP,はつこい
サンタが君の部屋にやって来る,さんたがきみのへやにやってくる
スターダスト☆ロックメモリーズ,すたーだすと☆ろっくめもりーず
クリスマス中止のお知らせです。,くりすますちゅうしのおしらせです
僕は灰猫,ぼくははいねこ
クラヤミ,くらやみ
六畳☆スター,ろくじょうすたー
ゆるゆら,ゆるゆら
明日から本気出す,あしたからほんきだす
intention/ラマーズP,
all,
Light Snow,
まっしろアゲハ,まっしろあげは
零と壱,ぜろといち
エンドロール/長靴P,えんどろーる
Snow Flavor,
どくとるマンボウ青春記,どくとるまんぼうせいしゅんき
クリスマスはバイトだ！,くりすますはばいとだ！
スランプのうた,すらんぷのうた
DSL-P,
Wonderful human,
全力疾走！,ぜんりょくしっそう
Thanks song,
レイレイン,れいれいん
恋ヶ原の戦い,こいがはらのたたかい
ぎっちょんの人,ぎっちょんのひと
Dreamy Lights,
White and white,
漢 - otoko -,おとこ
わがクリスマスに悔いあり！,わがくりすますにくいあり
なす幸福論,なすこうふくろん
王子の凱歌,おうじのがいか
VOICE (On The Wind),
Whereabouts,
CROSS/SHIKI,
ACTRESS AGAIN,
ピンクムーン,ぴんくむーん
汚れなき愛に溢れた少女,けがれなきあいにあふれたしょうじょ
スウィート・ブレンド,すうぃーとぶれんど
はいいろ,はいいろ
愛して☆ぎっちょん,あいしてぎっちょん
Contrast,
もじょP,もじょP
Knowledge,
Lonely X'mas!,
ワタシハカエルコトハデキナイ,わたしはかえることはできない
スノー・ドロップ,すのー・どろっぷ
chain/夜助P,
CHAIN,
secret of treasure,
クリトコ,くりとこ
トラッジ,とらっじ
Freeze,
あのころぼくらは,あのころぼくらは
NEW SONG,
Red Christmas,
wired,
ウタハコ:／／K,うたはこさいどかがみね
Resound,
鮭Tunes,しゃけちゅーんず
ストライクザワールド,すとらいくざわーるど
夜助P,やすけP
最初のクリスマス,さいしょのくりすます
Mary,
たとえばこんなクリスマスイブ,たとえばこんなくりすますいぶ
ホワイトクリスマス'08,ほわいとくりすます'08
鐘の音に,かねのねに
Rabbit Day Rapid,
うさかっぷ,うさかっぷ
永遠/つるつるP,えいえん
Farbe,
「ありがと。」,ありがと。
虹色蝶々,にじいろちょうちょう
クリスマスプレゼント,くりすますぷれぜんと
青い致死量,あおいちしりょう
プリティパンティ☆悪マリン,ぷりてぃぱんてぃあくまりん
わたしのいる毎日へコンニチハ,わたしのいるまいにちへこんにちは
CD一覧/全国発売・配信CD一覧,
なにもないもの。,なにもないもの。
アニメーターP,あにめーたーP
アドレサンス（Adolescence）,あどれさんす
ト・ワ・イ・エ,とわいえ
黒のエーテル,くろのえーてる
オメデトウ,おめでとう
Christmas Carol,
流浪の民,るろうのたみ
Links to Render,
黒板に書いたラブレター,こくばんにかいたらぶれたー
心曇り空,こころくもりぞら
Re_birthday,
"1boy, 1life",
Promise ～約束の地～,Promise ～やくそくのち～
黄昏P,たそがれP
重い木箱,おもいきばこ
やめてよして入らないで,やめてよしてはいらないで
2,
ドリー,どりー
とある魔王の物語,とあるまおうのものがたり
黄昏の足音,たそがれのあしおと
えっちP,
霧の向うへ,きりのむこうへ
ジェネレイション,じぇねれいしょん
HalloweenGirl,
忘れられた者の輪廻,わすれられたもののりんね
ふたりぼっち/マイんドP,
ティッシュ姫,てぃっしゅひめ
Tatsh MUSIC COLLECTION -J-,
Chocolate Train,
Witness,
R☆L滑舌検証歌,RLかつぜつけんしょうか
暴歌ロイドファミリーの”嘔”歌,ぼうかろいどふぁみりーのおうか
Distance/パイパンP,
影二つ,かげふたつ
夢路,ゆめじ
上杉謙信の消失 ～厠 END～,うえすぎけんしんのしょうしつかわやえんど
タグまとめ/歌手,
Twinkle Melody,
G@POPO,
かくさしゃかい,かくさしゃかい
ダイベン,だいべん
スカーレット/MazoP,すかーれっと
深海魚,しんかいぎょ
NEW SONG/CD,
Rabbit Day Rapid/CD,
RaruRaru,
悠久音色/CD,ゆうきゅうねいろ
EXIT TUNES PRESENTS Vocarhythm feat. 初音ミク,
レン愛いたしませんかぁ！,れんあいいたしませんかぁ
Voice Electronique,
ホームタウン,ほーむたうん
初音ミク××のお知らせ,はつねみくばつばつのおしらせ
カタルシス/ずどどんP,かたるしす
きれいなうた,きれいなうた
ユカイナウタ,ゆかいなうた
カタルシス,
夕凪/名誉会長P,ゆうなぎ
夕凪,
イロハモミジ,いろはもみじ
レンゾク♪リンク♪,れんぞくりんく
オレP,おれP
Step and Go!,
ブレイクアウト！,ぶれいくあうと
キミに☆スプラッシュ/キャプ翼P,きみにすぷらっしゅ
未来地図,みらいちず
亞北ネル帝国,あきたねるていこく
だってVOCALOIDだもん♪,だってぼーかろいどだもん
もう工作できない～キヅイタキモチ～,もうこうさくできない　きづいたきもち
チョコパフェに入ってるみかんについて真剣に考える歌,ちょこぱふぇにはいってるみかんについてしんけんにかんがえるうた
コンドル,こんどる
蒼く遠く遥か,あおくとおくはるか
アスファルトの花,あすふぁるとのはな
キミに☆スプラッシュ/ぎっちょんの人,きみにすぷらっしゅ
キミに☆スプラッシュ/ハナブサキックP,きみにすぷらっしゅ
キミに☆スプラッシュ,
君に☆スプラッシュ/鉄風P,きみにすぷらっしゅ
～white～,white
初音楽祭,はつねがくさい
黄昏アップルパイ,たそがれあっぷるぱい
Cursed Pain,
食は戦争,しょくはせんそう
柘榴石-the garnet-,ざくろいし　ざ・がーねっと
ステラマリン,すてらまりん
シンメトリー/Re:nG,しんめとりー
天使の天国,てんしのてんごく
苺狩り族、憂う朝,いちごがりぞくうれうあさ
