0.5秒,0.5びょう
09:21 出発口B,09:21しゅっぱつこうB
0→∞への跳動,0→∞へのちょうどう
0からの世界に阻む敵が,0からのせかいにはばむてきが
0歳児は家庭で育てましょう,0さいじはかていでそだてましょう
「１」,1
1000円で死ねる,1000えんでしねる
1000年タイムカプセル,1000ねんたいむかぷせる
1000年花物語,1000ねんはなものがたり
100度目のロックスター,100どめのろっくすたー
100年の暗闇の中で,100ねんのくらやみのなかで
1095回目の後悔,1095かいめのこうかい
10月23日の君たちへ,10がつ23にちのきみたちへ
10年先も...,10ねんさきも...
11回目の宇宙とラヴェレ,11かいめのうちゅうとらうﾞぇれ
11次元ガールフレンド,11じげんがーるふれんど
128kbpsの嬌声,128kbpsのきょうせい
12月24日連続殺傷事件,12がつ24かれんぞくさっしょうじけん
12月32日 α,12がつ32にち α
12月のうた,12がつのうた
12月はいつも,12がつはいつも
13番地のハロウィン,13ばんちのはろうぃん
15cmの執行猶予,15cmのしっこうゆうよ
15歳の主張,15さいのしゅちょう
15時34分11秒、春に,15じ34ふん11びょう、はるに
15センチの内容,15せんちのないよう
16ビットガール,16びっとがーる
17歳,17さい
18号のBlue-Gene,18ごうのBlue-Gene
18歳のうた。,18さいのうた
18歳の責任,18さいのせきにん
１Rinの歌,1Rinのうた
1日1円,1にち1えん
1・2・3でキスしよう,1・2・3できすしよう
1／100のアイ,1／100のあい
2089年,2089ねん
214の甘い約束,214のあまいやくそく
21世紀忘却のキュリオシティ,21せいきぼうきゃくのきゅりおしてぃ
22世紀からのハロー,22せいきからのはろー
23次元P,23じげんP
23時のエトセトラ,23じのえとせとら
24時　～お酒と貴方と私と葱と～,24じ　おさけとあなたとわたしとねぎと
2525遊園地,2525ゆうえんち
2月29日☆～うるう年にどっきり☆パニック,2がつ29にち　うるうどしにどっきりぱにっく
2丁目ブルース～あんたあたいの何なのさ…～,2ちょうめぶるーすあんたあたいのなんなのさ
"2つの恋,1つの歌",2つのこい、1つのうた
2と3のあいだ,2と3のあいだ
2番航路,2ばんこうろ
3.6％からのスタート,3.6％からのすたーと
30％花火,30%はなび
30歳になりたくない,30さいになりたくない
32度の機械と,32どのきかいと
35歳で独身で,35さいでどくしんで
35歳でボカロPで,35さいでぼかろPで
365日綴り続けた恋文のように,365にちつづりつづけたこいぶみのように
37.5℃のミッション,37.5℃のみっしょん
37℃の雨,37℃のあめ
392億7948万1555人目のお姫様,392おく7948まん1555にんめのおひめさま
3カウント,3かうんと
3日前の留守番電話,3かまえのるすばんでんわ
3月16日,3がつ16にち
3月27日,3がつ27にち
3月5日の光,3がつ5かのひかり
3月9日 君と別れた。,3がつ9か きみとわかれた。
3月の雨,3がつのあめ
3月のバイエル,3がつのばいえる
3キロの愛を受け止めて,3きろのあいをうけとめて
3時間P,3じかんP
3年C組14番窪園チヨコの入閣,3ねんCぐみ14ばんくぼぞのちよこのにゅうかく
3分の曲を聴くのにかかる時間は3分,3ぷんのきょくをきくのにかかるじかんは3ぷん
3メートルの彼女,3めーとるのかのじょ
401号室,401ごうしつ
45歳で女の子で,45さいでおんなのこで
45秒,45びょう
49号より愛を込めて,49ごうよりあいをこめて
4時44分,4じ44ふん
5cmな恋,5cmなこい
60億のおかえり,60おくのおかえり
6畳半の隙間から,6じょうはんのすきまから
777カジノ,777かじの
7から8へ,7から8へ
7月30日,7がつ30にち
7月7日残り7秒,7がつ7かのこり7びょう
７月の雨,7がつのあめ
7月のカレンダー,7がつのかれんだー
7番目の僕,7ばんめのぼく
8760センチメンタル,8760せんちめんたる
8月31日/DECO*27,8がつ31にち
8月のピアニスト,8がつのぴあにすと
8秒P,8びょうP
8ミリ映えの想いに寄せて,8みりばえのおもいによせて
AHSクレイジー,AHSくれいじー
AHS亡命,AHSぼうめい
「AMK_FUZZ_01」の作成と試用。,AMK_FUZZ_01のさくせいとしよう
Ariだい,Ariだい
A級春規制strippeR-17,AきゅうはるきせいstrippeR-17
BBれもん,BBれもん
BEAT CYCLE -ムゲンノカノウセイ-,BEAT CYCLE-むげんのかのうせい-
Baiduフォルダが削除できない,Baiduふぉるだがさくじょできない
Birthday Song for ミク,Birthday Song for みく
Birthday Songs For 初音ミク,Birthday Songs For はつねみく
Blessing-空と風と鳥たちの唄-,Blessing-そらとかぜととりたちのうた-
Blue feelings　～僕たちのこころ～,Blue feelings ぼくたちのこころ
Bランチ！,Bらんち！
CHU！して！,CHU！して！
COCOLOの時計,COCOLOのとけい
Crummy Silence ～ 愛狂の人魚姫 ～,Crummy Silence　あいきょうのにんぎょひめ
CソーIソーChainソー,CそーIそーChainそー
Cドライブ上のアリア,Cどらいぶじょうのありあ
DERA☆NAGOYA！ ～ちんちんなお茶いかが？～,DERA☆NAGOYA！ 〜ちんちんなおちゃいかが？〜
DJマキセクリス,DJまきせくりす
Deja vu/CD,Deja vu
Deja vu ～いつか見た場所～,Deja vu ～いつかみたばしょ～
Detective of Love ~恋の探偵~,Detective of Love こいのたんてい
Dideh o Shasta -十五の宴-,Dideh o Shasta -じゅうごのうたげ-
Do_M:自虐的快楽主義,Do_M:じぎゃくてきかいらくしゅぎ
Eclair～消えた貴女のための鎮魂歌～,Eclair～きえたあなたのためのれくいえむ～
EgoもIdも単純に,EgoもIdもたんじゅんに
Floating Iris,Floating Iris
GUMI誕 -4th Anniversary-,GUMIたん -4th Anniversary-
GUMI！GUMI！マジカル☆彡ボンバーLOVE♡,GUMI！GUMI！まじかる☆彡ぼんばーLOVE♡
Happy☆おしゃれ☆ガール,HAPPY☆おしゃれ☆がーる
Hexe～垣根の上の人～,Hexe～かきねのうえのひと～
I vs 愛,I vs あい
I-仮面＝0,I-かめん＝0
IA THE WORLD ～紅～,IA THE WORLD ～あか～
IA THE WORLD ～雨～,IA THE WORLD ～あめ～
IA THE WORLD ～風～,IA THE WORLD ～かぜ～
IA THE WORLD ～心～,IA THE WORLD ～こころ～
IA THE WORLD ～刻～,IA THE WORLD ～とき～
IF－クライメライ－,IF－くらいめらい－
I-MO男爵の審判,IMOだんしゃくのしんぱん
IVY/CD,IVY
KAITOコンピレーションアルバム「AO0」,KAITOこんぴれーしょんあるばむAO0
KAITO電子音楽コンピレーションアルバムMidnight Blue,KAITOでんしおんがくこんぴれーしょんあるばむMidnight Blue
KAITOドラムンベースコンピレーションアルバム「AO1.5」,KAITOどらむんべーすこんぴれーしょんあるばむAO1.5
KAITOロックコンピレーションアルバム「AO2」,KAITOろっくこんぴれーしょんあるばむAO2
KING&KNIGHT-ワン☆オポ！BEST vol.01-,KING & KNIGHT -わん☆おぽ！BEST vol.01-
K音ガオーッP,KおんがおーっP
LAST SNOW～氷空～,LAST SNOW～こおりぞら～
La Noël Sucrée ～おさとうノエル～,La Noël Sucrée おさとうのえる
Last Summer～鮮やかな残像～,Last Summer～あざやかなざんぞう～
Les Aventuriers／恋の大冒険,Les Aventuriers/こいのだいぼうけん
Lost Memoriesの食卓で,Lost Memoriesのしょくたくで
M'AIDER遭難ガール,M'AIDERそうなんがーる
MAYU ジャズ歌ってみた,MAYU じゃずうたってみた
MAYUの七つの犯罪,MAYUのななつのはんざい
"Maybe,誰よりも","Maybe,だれよりも"
Maサバイバル,Maさばいばる
"Memoria""君の赴くままに""","Memoria""きみのおもむくままに"""
Metaphysical launcher -絆の翼-,Metaphysical launcher -きずなのつばさ-
Momentary～刹那～,Momentary ～せつな～
Monkey Wow 〜歌う猿に踊る猿〜,Monkey Wow うたうさるにおどるさる
Mr. セルフハンディキャッピング,Mr.せるふはんでぃきゃっぴんぐ
Mrs.Pumpkinの滑稽な夢,Mrs.Pumpkinのこっけいなゆめ
MuNiCa -始まりと終わり-,MuNiCa -はじまりとおわり-
My Picture,My Picture
Mの心像,Mのしんぞう
Network Traveler - いつも側にいる-,Network Traveler -いつもそばにいる-
ODDS&ENDS／Sky of Beginning,ODDS&ENDS/Sky of Beginning
OSTERさんのベスト,OSTERさんのべすと
Obedience-素直さ-,Obedience-すなおさ-
Only The Angel　～あくまでも天使～,OnlyTheAngelあくまでもてんし
PBR飛行計画,PBRひこうけいかく
POPで頼む,POPでたのむ
Pisceas[ピシアズ]～母子の魚～,Pisceasぴしあずぼしのさかな
Plankton～浮遊生物,Plankton～ふゆうせいぶつ
Promise ～約束の地～,Promise ～やくそくのち～
P　名　言　わ　れ　た　か　っ　た,Pめいいわれたかった
P　名　言　わ　れ　て　た　け　ど,Pめいいわれてたけど
P　名　言　わ　れ　る　は　ず　が　な　い,Pめいいわれるはずがない
P　名　お　呼　び　で　な　い,Pめいおよびでない
P名黄色かった,Pめいきいろかった
P名戦争,Pめいせんそう
P名戦争-呼ばれる訳が無い-,Pめいせんそう-よばれるわけがない-
P　名　載　る　気　は　し　な　か　っ　た,Pめいのるきはしなかった
P 名 呼 ば れ た け ど,Pめいよばれたけど
P名呼ばれただと…,Pめいよばれただと…
P名よばれてみたい！,Pめいよばれてみたい！
Rabbit-僕の中の君-,Rabbit-ぼくのなかのきみ-
Rainy Dayを止めないで,RainyDayをやめないで
Re:放課後-終焉ゲーム-,Re:ほうかご -しゅうえんげーむ-
Re;セット,Re;せっと
Reach For The Stars 〜待ち続けた手紙〜,Reach For The Stars まちつづけたてがみ
Re：爆砕プリン,Re：ばくさいぷりん
Romanesque ～光と闇に帰依する幻想～,Romanesque ～ひかりとやみにきえするげんそう～
SISIGOI腑抜支社,SISIGOIふぬけししゃ
SNS a.k.a. 承認欲求,SNS a.k.a. しょうにんよっきゅう
Saketeの交錯,Saketeのこうさく
Schéma -共鳴-,Schémaきょうめい
Sコート,Sこーと
Type ACT.2！ ～新しいセカイへ～,Type ACT.2 あたらしいせかいへ
Under the sky - 碧眼の少女,Under the sky - へきがんのしょうじょ
VOCALOID Professional 2013 feat. 初音ミク,VOCALOID Professional 2013 feat. はつねみく
VOCALOID from ニコニコ動画 ボカロ特急 SUPER EXPRESS COMPILATION 01,VOCALOID from にこにこどうが ぼかろとっきゅう SUPER EXPRESS COMPILATION 01
VOCALOID from ニコニコ動画 ボカロ特急 SUPER EXPRESS COMPILATION 02,VOCALOID from にこにこどうが ぼかろとっきゅう SUPER EXPRESS COMPILATION 02
VOCALOIDと区別される音楽の解釈。,VOCALOIDとくべつされるおんがくのかいしゃく
VOCALOIDと区別される音楽の解釈。/CD,VOCALOIDとくべつされるおんがくのかいしゃく
VOICE-君の声-,VOICE-きみのこえ-
Vs.見えざる敵,VSみえざるてき
Venessia-透明の袋小路-,Venessia -とうめいのふくろこうじ-
VoiCe.-機械仕掛けのカナリア-,VoiCe.-きかいじかけのかなりあ-
Voyage Song -航海のうた-,Voyage Song-こうかいのうた-
WARRIOR-ウォーリア-,WARRIOR -うぉーりあ-
WINTER〜雨が雪に変わるまで〜,WINTER〜あめがゆきにかわるまで〜
"Want you,天誅！","Want you,てんちゅう"
Weekender Girl ／ fake doll,Weekender Girl ／ fake doll
Whenever～遠い未来に夢見る幸福,Whenever～とおいみらいにゆめみるこうふく～
Why don't you 雨模様,Why dont you あめもよう
Wild Flower～情熱の薔薇～,Wild Flower～じょうねつのばら～
-Xmas Kiss-,Xmas Kiss
Xされた人XはあなたをXせない,XされたひとXはあなたをXせない
YouTubeに無断転載するな,YouTubeにむだんてんさいするな
adios 夜行列車,adiosやこうれっしゃ
"APPLE ""裏""",appleうら
"APPLE ""表""",appleおもて
'cause I love you,cause I love you
chou A la creme～恋の魔法はシュークリィム！？～,chou A la creme こいのまほうはしゅーくりぃむ
chu－っとそばにいてね☆,chu－っとそばにいてね☆
danierukunP生誕祭,danierukunPせいたんさい
gacha☆パワー！,gacha ぱわー
gumiはかさぶたをはがすのが好きなようです,gumiはかさぶたをはがすのがすきなようです
iの最終定理,iのさいしゅうていり
kawasaki のバイクに乗ったことがあるかい？,kawasakiのばいくにのったことがあるかい？
l-白色,l-しろいろ
like a 台風,like a たいふう
made in 片道列車,made in かたみちれっしゃ
maimaiオリジナルサウンドトラック 言ノ葉Project 第1章 言ノ葉カルマ,maimaiおりじなるさうんどとらっくことのはProjectだい1しょうことのはかるま
pain-t ～白と黒の世界～,pain-t しろとくろのせかい
paradigm～虚実見聞～,paradigm～きょじつけんぶん～
paradise～蜃楼楽園～,paradise～しんろうらくえん～
presented by 片道列車,presented by かたみちれっしゃ
reborn－再会－,reborn さいかい
sCat ＃1,scat1
te-tote-totte～手と手とって,te-tote-totte～てとてとって
the 愚者,theおろかもの
vent-風の記憶-,vent-かぜのきおく-
～white～,white
「Ma」計画,「Ma」けいかく
「a」アンスイートパンプキン,「a」あんすいーとぱんぷきん
【！】BAN～不適切なマスターを違反通報～,【！】BAN～ふてきせつなますたーをいはんつうほう～
哀 Luv U,あい Luv U
"愛 think so,","あい think so,"
愛Dee,あいDee
愛言葉Ⅱ,あいことば2
愛言葉Ⅲ,あいことば3
愛情狂現～KAITO ver～,あいじょうきょうげんKAITO ver
アイツ激☆LOW,あいつげきLOW
愛とは wiki,あいとは wiki
アイドルが結婚しても君の人生に1mmも関わりがない,あいどるがけっこんしてもきみのじんせいに1mmもかかわりがない
愛戀=Temptation,あいれん=Temptation
蒼-BLUE-,あおBLUE
蒼P,あおP
葵P,あおいP
葵野 狐-AOINO2の弐-,あおいの きつね-AOINOの2のに-
青空 Jump Up!,あおぞらJump Up！
開かずのZOO,あかずのZOO
暁のPURIFY,あかつきのPURIFY
あかりp,あかりp
あきこロイドちゃんLOVE♡,あきころいどちゃんLOVE
アキバヲタP,あきばをたP
アクセス36,あくせす36
悪天候／錠剤／午前2時／シュプレヒコォル,あくてんこうじょうざいごぜん2じしゅぷれひこおる
悪魔と少女と盲目Jealousy,あくまとしょうじょともうもくJealousy
揚げ物P,あげものP
アゴアゴーゴー3,あごあごーごー3
アゴイモウトP,あごいもうとP
朝起きたら9時だった,あさおきたら9じだった
朝メシP,あさめしP
明日loser,あしたloser
明日usEARTH,あすusEARTH
あたたたP,あたたたP
あっ!Key,あっKey
アッー！P,あっー！P
あと5分だけ寝かせて,あと5ふんだけねかせて
アナザー：RIP=RELEASE,あなざー：RIP RELEASE
あなたがくれた魔法 -You are my sweet wizard-,あなたがくれたまほう -You are my sweet wizard-
あなたのVOYAKILOID,あなたのVOYAKILOID
あなたの街のBDA,あなたのまちのBDA
兄貴の一番長い日 ～Soul of Sister-Complex～,あにきのいちばんながいひ ～Soul of Sister-Complex～
アニメーターP,あにめーたーP
あのBeautiful Days,あのBeautiful Days
あの日のTONE,あのひのTONE
アヒル軍曹P,あひるぐんそうP
アフロ1号2号,あふろ1ごう2ごう
あぼんギャルP,あぼんぎゃるP
数多の舞 -Dance of many-,あまたのまい -Dance of many-
雨つぶDANCE,あまつぶDANCE
天の川第2河川公園,あまのがわだい2かせんこうえん
あめだまとPerturbation,あめだまとPerturbation
あめのむらくもP,あめのむらくもP
綾葉（爽P）,あやは（さわP）
新井P,あらいP
アリエP,ありえP
ありえへんでP,ありえへんでP
アンチウイルスソフト「初音ミク」の更新はAM4:00から,あんちういるすそふと「はつねみく」のこうしんはAM4:00から
アンチシステム's,あんちしすてむ's
アンメルツP,あんめるつP
あーるP,あーるP
家の裏でマンボウが死んでるP,いえのうらでまんぼうがしんでるP
イカロスP,いかろすP
異議ありP,いぎありP
、いくP,いくP
遺作P,いさくP
依存症LV.,いぞんしょうLV.
いつか、生命の歌が ～Genesis of Mars～,いつか、いのちのうたが ～Genesis of Mars～
いつの間にか。～2.14～,いつのまにか2.14
偽りの果実90％,いつわりのかじつ90パーセント
愛しのHDD -Mirror Sound Edit.-,いとしのHDD
愛しのSummerDays,いとしのSummerDays
今、3分10秒を僕にくれよ,いま3ふん10びょうをぼくにくれよ
今こそ＃MeToo @tokyo,いまこそ#MeToo @tokyo
イヤイヤP,いやいやP
いろはPOP,いろはPOP
いろは唄【男性目線ver.】,いろはうた　だんせいめせんver.
インターネットE9,いんたーねっとE9
インターネットほぼ日P,いんたーねっとほぼにちP
イントロP,いんとろP
いーえるP,いーえるP
右NOU左NOU,うNOUさNOU
ウィッチとラプンツェル 王子side,うぃっちとらぷんつぇる おうじside
ウィッチとラプンツェル【紡ぎの魔女verカバー】,うぃっちとらぷんつぇる　つむぎのまじょver
ウイルス強襲_Case:LEN,ういるすきょうしゅう_Case:LEN
うすいG8,うすいG8
ウタP,うたP
泡沫P,うたかたP
うたたP,うたたP
宇宙少女のUFO,うちゅうしょうじょのUFO
宇宙帝国p,うちゅうていこくp
宇宙に消えたGIRL,うちゅうにきえたGIRL
宇宙のFO,うちゅうのFO
鬱P,うつP
運命だから…again and again/CD,うんめいだから…again and again
映画化人間になるための9の言葉,えいがかにんげんになるための9のことば
影光SPECTRUM,えいこうSPECTRUM
衛星少女＃1,えいせいしょうじょ＃1
えええええのき猫P,えええええのきねこP
笑顔でEngineer! ～FPGA Edition～,えがおでEngineer
笑顔にRAINBOW,えがおにRAINBOW
エキセントリックw,えきせんとりっくw
エスノP,えすのP
縁P,えにしP
ゑのすけP,えのすけP
えへへP,えへへP
エモくてオルタナでカッコe.p 5,えもくておるたなでかっこe.p5
エレクトry,えれくとry
エレディーヌST85錠,えれでぃーぬST85じょう
えろあきP,えろあきP
エロルヤ光線P,えろるやこうせんP
円高P,えんだかP
エンドレスE.P.,えんどれすE.P.
エンドロールに拘りのあるP,えんどろーるにこだわりのあるP
おｋ、緑は、敵だ。,おkみどりはてきだ
おいでよ！ワイファイSPOTへ,おいでよわいふぁいSPOTへ
花魁ROCK,おいらんROCK
珱花≠Invocation,おうか≠Invocation
大空P,おおぞらP
大空色D-i-s-k,おおぞらいろD-i-s-k
大空色のHi-To-Mi,おおぞらいろのHi-To-Mi
お菓子P,おかしP
オカメP,おかめP
押入れP,おしいれP
教えて!! 魔法のLyric,おしえて!!まほうのLyric
教えて!! 魔法のLyric/CD,おしえてまほうのLyric
御洒落32bit,おしゃれ32bit
おじゃま虫Ⅱ,おじゃまむし2
オジーP,おじーP
オセロP,おせろP
お達者PUNK爺さん,おたっしゃPUNKじいさん
オップオップP,おっぷおっぷP
おっホイP,おっほいP
汚点P,おてんP
お豆腐M,おとうふM
おとなラP,おとならP
乙女P,おとめP
オトメチック☆Beat!,おとめちっくBeat
鬼ごっこ -tiggy tag-,おにごっこ -tiggy tag-
おパンクP,おぱんくP
ｵﾌﾄｩﾝIN！,おふとぅんIN！
お前がメシにありつくなど56876423年早いわ,おまえがめしにありつくなど56876423ねんはやいわ
お抹茶P,おまっちゃP
おみこし -Pinocchiop Tribute Album-,おみこし -Pinocchiop Tribute Album-
親方P,おやかたP
オレP,おれP
オレジナルP,おれじなるP
俺の脳内ミクが一番可愛い2,おれののうないみくがいちばんかわいい2
俺の脳内ミクが一番可愛い4,おれののうないみくがいちばんかわいい4
オワコンと言われ続けてはや10年,おわこんといわれつづけてはや10ねん
オワタP,おわたP
音痴P,おんちP
オンリーロンリールーム,おんりーろんりーるーむ1
懐古P,かいこP
怪盗08,かいとう08
怪盗Fの台本～消えたダイヤの謎～,かいとうFのしなりお きえただいやのなぞ
カオスP,かおすP
かがPIYO！,かがPIYO
カガミP,かがみP
鏡写しのSympathy,かがみうつしのSympathy
鏡音MAD狂信道,かがみねMADきょうしんとう
かがみね★ふぇすた 2013 starring 鏡音リン・レン,かがみね★ふぇすた 2013 starring かがみねりん・れん
鏡音リンレン民族調コンピレーションアルバム「Caleidoscopio」,かがみねりんれんみんぞくちょうこんぴれーしょんあるばむ「Caleidoscopio」
輝きのSlope,かがやきのSlope
鍵P,かぎP
架空都市1945番街にて,かくうとし1945ばんがいにて
架空の有名P,かくうのゆうめいP
かくして画面に現れたるP,かくしてがめんにあらわれたるP
影炎≒Variation,かげろう≒Variation
蜉蝣舞踏-Blue Rain Dance-,かげろうぶとう-Blue Rain Dace-
かごめP,かごめP
カシオトーンちよこP,かしおとーんちよこP
かじゅきP,かじゅきP
かずくんP,かずくんP
風筒P,かぜつつP
片想イVOC@LOID,かたおもいVOC@LOID
カップラーメンP,かっぷらーめんP
カプリコP,かぷりこP
カラココロ EP,からこころEP
カラフル88,からふる88
苅田狼藉の曲をミクリンが歌ってくれた的なCD,かりたろうぜきのきょくをみくりんがうたってくれたてきなCD
彼のissue,かれのissue
皮P,かわP
可愛いあいつの100%ミックスジュース,かわいいあいつの100%みっくすじゅーす
かわいい機械 ～Can't Be Repaired～,かわいいきかいCantBeRepaired
感情欠落LV.９９,かんじょうけつらくLV.99
がく楽P,がくがくP
芽殖⇔Defection,がしょくDefection
ガテラルP,がてらるP
ｶﾞﾓP,がもP
元日P,がんじつP
帰郷P,ききょうP
きくおミク2,きくおみく2
きくおミク3,きくおみく3
きくおミク4,きくおみく4
きくおミク6,きくおみく6
喜劇 〜1031パーティータイムはビフォア・ナイトメア〜,きげき ～1031ぱーてぃーたいむはびふぉあ・ないとめあ～
機材欲しいP,きざいほしいP
帰巣本能-少年by the mile-,きそうほんのう しょうねんby the mile
吉日うP,きちじつうP
喫茶はつねの開店は10時から,きっさはつねのかいてんは10じから
生粋Baby,きっすいBaby
キッドP,きっどP
キマグレ2,きまぐれ2
君が昼食を摂ってる間の20分間,きみがちゅうしょくをとってるあいだの20ぷんかん
君のためのV3,きみのためのV3
君は大嫌いな8月に、涕のように落ちてゆく,きみはだいきらいな8がつになみだのようにおちてゆく
君へと繋ぐ～bouquet of word～,きみへとつなぐ～bouquet of word～
君まで39mile！恋のフライト急上昇！,きみまで39mile！こいのふらいときゅうじょうしょう！
君を＜censored＞,きみを＜censored＞
木村わいP,きむらわいP
木村わいP大嫌い,きむらわいＰだいきらい
"キメラ　No,666","きめら No,666"
キャプ翼P,きゃぷつばP
究極のナマステEX！,きゅうきょくのなますてEX
きゅんきゅんP,きゅんきゅんP
キューティー3分ミュージック,きゅーてぃー3ぷんみゅーじっく
キューティーP,きゅーてぃーP
教師Ａの顛末,きょうしAのてんまつ
兄弟P,きょうだいP
共同通信の20代記者はまさか取材拒否とかしませんよね？,きょうどうつうしんの20だいきしゃはまさかしゅざいきょひとかしませんよね
虚構の銃-La pistola della narrativa-,きょこうのじゅう-La pistola della narrativa-
キョータ（スコアP）,きょーた　すこあP
嫌いにならないでネ-Another Story-,きらいにならないでね-Another Story-
キラキラKAITOコンテスト,きらきらKAITOこんてすと
切り裂きALONE,きりさきALONE
金曜日のおはよう-another story-,きんようびのおはよう-another story-
キーノッコーP,きーのっこーP
ギガP,ぎがP
ギガンティックO.T.N,ぎがんてぃっくO.T.N
銀河方面P,ぎんがほうめんP
銀のLibra,ぎんのLibra
空想飛行（Len in the Sky with Diamonds）,くうそうひこう（Len in the Sky with Diamonds）
空白の163800秒,くうはくの163800びょう
クォーク137,くぉーく137
クソガキP,くそがきP
クソゲーRPG,くそげーRPG
クソビッチpart2,くそびっちpart2
くちばしP,くちばしP
国旗P,くにはたP
くらげP,くらげP
クリアリエンド - clearly end,くりありえんど - clearly end
クリエイター奨励プログラムで30万もらった,くりえいたーしょうれいぷろぐらむで30まんもらった
クリスタルP,くりすたるP
くるりんフラワー 2号,くるりんふらわー2ごう
黒うさぎＸうさぎ,くろうさぎＸうさぎ
黒ねこP,くろねこP
黒百合P,くろゆりP
偶然23P,ぐうぜん23P
グチP,ぐちP
今朝北海道で水揚げされたばかりの毛蟹P,けさほっかいどうでみずあげされたばかりのけがにP
潔癖K毒滅グリモア,けっぺきKどくめつぐりもあ
ケトラP,けとらP
毛ブラP,けぶらP
犬符！ペティグリーチャm(ry,けんふ！ぺでぃぐりーちゃm(ry
けんまP,けんまP
下剋上（替） がくぽ ver.,げこくじょうかえがくぽver.
月光症候群-Insanity-,げっこうしょうこうぐん-Insanity-
下痢P,げりP
限界★WORKERS,げんかい★WORKERS
原罪物語-第1幕-,げんざいものがたりだい1まく
幻想LIMITED DOLL,げんそうLIMITED DOLL
ゲームスぺクター2,げーむすぺくたー2
コryP,こryP
恋詩-koiuta-,こいうた -koiuta-
恋してGYU♥っと！,こいしてGYU♥っと！
恋するTTX,こいするTTX
恋セヨ！Sweet Girls,こいせよ Sweet Girls
恋のEXPRESS TRAIN,こいのEXPRESS TRAIN
恋のHARD MODE,こいのHARD MODE
恋のStep Up♪～YとHの方程式～,こいのStep Up
恋のWinter*Sky,こいのWinter*Sky
恋の☆Studyちゅーぅ！,こいの☆Studyちゅーぅ！
好奇心∞INFINITY,こうきしん∞INFINITY
国道625号線,こくどう625ごうせん
告白予行練習-another story-,こくはくよこうれんしゅう-another story-
ここ狭いP,ここせまいP
腰つきP,こしつきP
コショウ（香辛料P）,こしょう こうしんりょうP
こっち向いて Baby／Yellow,こっちむいてBaby／Yellow
孤独なPainter,こどくなPainter
孤独のCasaBlanca,こどくのCasaBlanca
孤独のアルメリア -Lonely Almeria-,こどくのあるめりあ -Lonely Almeria-
子猫P,こねこP
この曲100万再生いかなかったら死にます！,このきょく100まんさいせいいかなかったらしにます
このピアノでお前を8759632145回ぶん殴る,このぴあのでおまえを8759632145かいぶんなぐる
この世の果てのRinging,このよのはてのRinging
古墳P,こふんP
コワレミクP,こわれみくP
根気P,こんきP
「＃コンパス 戦闘摂理解析システム」オリジナルサウンドトラック Vol.1,こんぱすせんとうせつりかいせきしすてむおりじなるさうんどとらっくvol.1
こんぺいとうP,こんぺいとうP
コーホーP,こーほーP
極楽鳥 -bird of paradise-,ごくらくちょう-bird of paradise-
午後5時55分55秒,ごご5じ55ふん55びょう
午後６時のかえりみち,ごご６じのかえりみち
五差路P,ごさろP
五字熟語P,ごじじゅくごP
午前0時の回遊,ごぜん0じのかいゆう
午前2時の記憶喪失,ごぜん2じのきおくそうしつ
午前4時の金星,ごぜん4じのきんせい
午前4時の輪廻,ごぜん4じのりんね
午前4時のヒトリゴト,ごぜん４じのひとりごと
最悪★RUNAWAY-DTK-,さいあく★らんなうぇい-DTK-
サイオナP,さいおなP
彩音P,さいおんP
サイクルP,さいくるP
作業用BGM ハカドール 1,さぎょうようBGM はかどーる 1 
サクサクラッキーガール EP,さくさくらっきーがーるEP
桜色D-i-s-k,さくらいろD-i-s-k
桜ノRevolution,さくらのRevolution
サクリパP,さくりぱP
さささP,さささP
早速１６：９のキワミアーッ！！,さっそく16:9のきわみあーっ！！
撮影できますP,さつえいできますP
砂漠のBLUEBIRD,さばくのBLUE BIRD
サマーモノグラムⅡ,さまーものぐらむ2
さむそんP,さむそんP
侍（groovy）,さむらいgroovy
さめざめと泣く-cry one's eyes out-,さめざめとなくcry one's eyes out
サヨナラ Summer days,さよなら Summer days
さよなら2013,さよなら2013
さよならlove story,さよならlove story
サヨナラファンタジーⅢ,さよならふぁんたじー3
三種盛りEP,さんしゅもりEP
サンセットマーチ ver.2016,さんせっとまーち ver.2016
雑魚３号,ざこ3ごう
残鏡P,ざんきょうP
残念美人P,ざんねんびじんP
謝謝P,しぇしぇP
しえろP（ショタエロイドP）,しえろP
色彩EMOTION,しきさいEMOTION
シゲリP,しげりP
子午線　Delight,しごせんDelight
七生報国-The unfailing devotion-,しちしょうほうこく-The unfailing devotion-
シナリオA,しなりおA
シニシズムP,しにしずむP
しのP,しのP
しぼりカスEP,しぼりかすEP
下北BMQ,しもきたBMQ
社畜♡Addiction,しゃちくAddiction
終焉-Re:write-,しゅうえん -Re:write-
しゅうかつ！ ～大学2年生編～,しゅうかつ！ ～だいがく2ねんせいへん～
収束するUFO,しゅうそくするUFO
収束するUFO (2000$ CRUNK VIP Remix),しゅうそくするUFO2000$crunkvipremix
シュミックトリガ！ -New wave of A-POP-,しゅみっくとりが！ -New wave of A-POP-
シュワイP,しゅわいP
シュールレアリスムを正しく理解するP,しゅーるれありすむをただしくりかいするP
少々P,しょうしょうP
少女A/作り手,しょうじょA
少女Mの願望,しょうじょMのがんぼう
少女戦争 ｌ ARMS,しょうじょせんそう ｌ ARMS
少年Aと妄想少女,しょうねんAともうそうしょうじょ
少年少女EP,しょうねんしょうじょEP
少年ジャンプコンピ第2号,しょうねんじゃんぷこんぴ2ごう
少年ジャンプコンピ第3号,しょうねんじゃんぷこんぴ3ごう
白王子P,しろおうじP
白黒P,しろくろP
シワミカンP,しわみかんP
深海メトロIII号,しんかいめとろ3ごう
進化論 code:variant,しんかろん code:variant
蜃気楼の詩-Mirage-,しんきろうのうたMirage
深紅の月 Moon of The Crimson,しんくのつき　Moon of The Crimson
信號燈-SIGNAL-,しんごうとう-SIGNAL-
真実の剣 -The Sword of Truth-,しんじつのつるぎ -The Sword of Truth-
新宿Kawaiiコレクション,しんじゅくKawaiiこれくしょん
新城P,しんじょうP
死んでByeByeBye,しんでByeByeBye
シンデレラ~another story~,しんでれら~another story~
心拍数♯0822,しんぱくすう♯0822
審問少女 VS 青春の殺人者 EP,しんもんしょうじょVSせいしゅんのさつじんしゃEP
深夜０時、遣らずの雨,しんや0じやらずのあめ
深夜2時でも私のためにアイス買ってきてよね,しんや2じでもわたしのためにあいすかってきてよね
深夜リムーブ18,しんやりむーぶ18
爺Temptation,じいTemptation
ジェバンニPの車窓から,じぇばんにPのしゃそうから
時間と言葉(Time and a Word),じかんとことば（Time and a Word）
時給８円のアルバイト,じきゅう8えんのあるばいと
時空奔走Flyer,じくうほんそうFlyer
自傷P,じしょうP
次代のドアを開け放て（Come Together）,じだいのどあをあけはなて（Come Together）
自動車でのポケモンGOの使用を禁止しましょう,じどうしゃでのぽけもんGOのしようをきんししましょう
ジャズコーラスの夏闌 [reprise],じゃずこーらすのなつたけなわreprise
若干P,じゃっかんP
ジャパニーズビジネスマンP,じゃぱにーずびじねすまんP
『受信メール：1件』,じゅしんめーる1けん
じゅるP,じゅるP
純白P,じゅんぱくP
情熱のSUMMER,じょうねつのSUMMER
女装娘P,じょそこP
女帝P,じょていP
ジラートP,じらーとP
人畜無害～さつき が てんこもり feat.初音ミク～,じんちくむがい～さつき が てんこもり feat.はつねみく～
スイセイ2号,すいせい2ごう
水平線P,すいへいせんP
水陸両用MSレディー,すいりくりょうようMSれでぃー
すいーとほーむ 2012 Christmas Eve,すいーとほーむ 2012 Christmas Eve
数学ガール～Let's prove it!～,すうがくがーるLet's prove it
スキすきニコCHU!,すきすきにこCHU
過ぎし3月の君へ,すぎし3がつのきみへ
すくみずP,すくみずP
少し楽しくなる時報（Time Signal）,すこしたのしくなるじほうTime Signal
涼風P,すずかぜP
捨猫Russian Blue,すてねこRussian Blue
沙P,すなP
スノーノイズP,すのーのいずP
スペクタクルP,すぺくたくるP
"スペース80,000帰路メーター","すぺーす80,000きろめーたー"
スペースショートカットキー Part3,すぺーすしょーとかっときー Part3
すみじゅんP,すみじゅんP
すんｚりヴぇｒP,すんｚりヴぇｒP
生see,せいsee
青磁（即興電P）,せいじ　そっきょうでんP
政府は被災地に大量のDHMOを運び込んでいる！,せいふはひさいちにたいりょうのDHMOをはこびこんでいる
整列P,せいれつP
世界で同率1位の幸せモノな君へ,せかいでどうりつ1いのしあわせものなきみへ
セセラギP,せせらぎP
接続中毒 -CONNECTAHOLIC-,せつぞくちゅうどく -CONNECTAHOLIC-
セツナaddiction,せつなaddiction
瀬戸内コンピ2,せとうちこんぴ2
せひうすP,せひうすP
閃光⇔Frustration,せんこう⇔Frustration
戦車P,せんしゃP
ゼロきょり♥のVALENTINE,ぜろきょりはーとのVALENTINE
零とIと祈りの振り子,ぜろとⅠといのりのふりこ
全裸でギター抱いて寝てたP,ぜんらでぎたーだいてねてたP
前略P,ぜんりゃくP
躁鬱少年28号,そううつしょうねん28ごう
草原郷 EP,そうげんきょうEP
早漏P,そうろうP
空色-sorairo-,そらいろ-sorairo-
ソラニ-primary colors-,そらに-primary colors-
空の絵 two birds in the sky,そらのえ two birds in the sky
素粒子49,そりゅうし49
俗 e.p.,ぞく e.p.
属調7,ぞくちょう7
胎教P,たいきょうP
台風39号,たいふう39ごう
高須P,たかすP
黄昏P,たそがれP
畳P（North-T）,たたみP
只今人生の１／３を満喫中,ただいまじんせいの１／３をまんきつちゅう
谷間が気になる11歳,たにまがきになる11さい
たのしいマグロダンスP対CD,たのしいマグロダンスPたいCD
旅の途中e.p.,たびのとちゅうe.p.
多ブレスP,たぶれすP
魂のMeiko,たましいのMeiko
たまらんP,たまらんP
束子P,たわしP
単音「F♯」の反復演奏による抵抗。,たんおんF♯のはんぷくえんそうによるていこう
探査P,たんさP
単色P,たんしょくP
タンスの中の靴下の９割がボロボロ,たんすのなかのくつしたの９わりがぼろぼろ
探偵★IAちゃん VS 怪盗☆ゆかりん！,たんていIAちゃんVSかいとうゆかりん
単独潜水／Solitude dive,たんどくせんすい/Solitude dive
大根おろしP,だいこんおろしP
大丈夫P,だいじょうぶP
だいすけP,だいすけP
大福P,だいふくP
大問題P,だいもんだいP
脱力P,だつりょくP
脱力ジャパンP,だつりょくじゃぱんP
断罪のMelody,だんざいのMelody
男子6人夏物語,だんし6にんなつものがたり
だんだん早くなる with 伊藤園,だんだんはやくなるwithいとうえん
だんぴーるP,だんぴーるP
ちえP,ちえP
チキP,ちきP
チキンカツP,ちきんかつP
竹輪P,ちくわP
チャリけんP,ちゃりけんP
中毒少女２,ちゅうどくしょうじょ２
チューハイP,ちゅーはいP
ちょいワルP,ちょいわるP
調教LOVE,ちょうきょうLOVE
超金欠P,ちょうきんけつP
ちょむP,ちょむP
チョリスP,ちょりすP
青幇P,ちんぱんP
ちんまりP,ちんまりP
チーターガールP,ちーたーがーるP
つかまえて☆My Darlin',つかまえて☆My Darlin'
月5万円で1億円は貯められる。～ジワロタ＼(＾0＾)／,つき5まんえんで1おくえんはためられるじわろた
月 ～All of you～,つきAll of you
月影DanceNight,つきかげDanceNight
月の詩 Ⅵ -ツキノウタ-,つきのうた6
月の詩 Ⅶ -ツキノウタ-,つきのうた7
月の詩 Ⅲ -ツキノウタ-,つきのうたⅢ
月の詩 Ⅳ -ツキノウタ-,つきのうたⅣ
月の詩 Ⅴ -ツキノウタ-,つきのうたⅤ
月の調 Ⅰ -ツキノシラベ-,つきのしらべ1
月へ ～For Robert Hutchings Goddard～,つきへ ～For Robert Hutchings Goddard～
月舞-Dance of Strings,つきまい-Dance of Strings
つけめんなさいP,つけめんなさいP
ツナマヨP,つなまよP
つやつやP,つやつやP
つるつるP,つるつるP
つんでれ（つんでレンver）,つんでれつんでれんver
詰ンデレラ☆GIRL,つんでれら☆GIRL
低所得P,ていしょとくP
てすてすブロードキャスト.proj,てすてすぶろーどきゃすと.proj
鉄風P,てっぷうP
鉄分P,てつぶんP
天空DRIVER,てんくうDRIVER
テンコウP,てんこうP
点五P,てんごP
"天使 - I thought you were,","てんし - I thought you were,"
テンションでOK♪,てんしょんでOK♪
できれば10代の頃に,できれば10だいのころに
デザイア:re,でざいあ:Re
デジタル時計が100時をさすまで,でじたるどけいが100じをさすまで
デレ化現象100％,でれかげんしょう100％
電PアルPカ,でんPあるPか
伝説のS.Nu星人がやって来た,でんせつのS.Nuせいじんがやってきた
伝説のミクルンルンP,でんせつのみくるんるんP
電脳▽Competition,でんのうCompetition
でんの子P,でんのこP
電ポルP,でんぽるP
データP,でーたP
とあるボカロPの歌,とあるぼかろPのうた
東京DestinyLight ～双璧の天使～,とうきょうDestinyLightそうへきのてんし
東京都心付点8分,とうきょうとしんふてん8ぶ
桃源郷 in KOBE,とうげんきょう in KOBE
糖質0P,とうしつ0P
逃走P,とうそうP
透明片想い-Another View-,とうめいかたおもい-Another View-
遠ざかるRadio,とおざかるRadio
透ch,とおるch
トキメキ☆ハピネスDays,ときめき☆はぴねすDays
溶けない109号室,とけない109ごうしつ
所P,ところP
突破口540,とっぱこう540
トラボティック・ワールド2,とらぼてぃっく・わーるど2
トラボルタP,とらぼるたP
とりからP,とりからP
道化師P,どうけしP
どうにもこうにも　I LOVE YOU ☆,どうにもこうにもI LOVE YOU
毒 e.p.,どく e.p.
毒ガスTrip,どくがすTrip
土下座して犬のゲロを食べるイケメンP,どげざしていぬのげろをたべるいけめんP
どなたかP,どなたかP
ドリームロイドP,どりーむろいどP
丼 mean a thing,どん mean a thing
ドンツーミュージック4,どんつーみゅーじっく4
奶z0,ないz0
流田P,ながれたP
なぎP,なぎP
nagi-P,なぎP
凪唱P,なぎうたP
なごみP,なごみP
梨本P,なしもとP
謎のおっさんズP,なぞのおっさんずP
ナタP,なたP
ナチュラルP,なちゅらるP
夏RIAN,なつRIAN
夏恋Happiness,なつこいHappiness
なで肩P,なでがたP
ナポリP,なぽりP
生P,なまP
生殺しP,なまごろしP
涙とA,なみだとA
悩めるAの事情,なやめるAのじじょう
ナユタン星からの物体N,なゆたんせいからのぶったいN
ナユタン星からの物体Y,なゆたんせいからのぶったいY
なんかP,なんかP
軟弱P,なんじゃくP
兄さんP,にいさんP
ヽ(ヽ･∀∀･)にこP,にこP
ニコバニほへと ボカロver,にこばにほへと ぼかろver
虹色のHorizon,にじいろのHorizon
虹と欄干 Part3,にじとらんかん Part3
虹－hand in hand－,にじ－hand in hand－
日本の文化まなびまSHOW!,にほんのぶんかまなびまSHOW
日本橋高架下R計画,にほんばしこうかしたRけいかく
煮干P,にぼしP
乳腺P,にゅうせんP
ニュース39,にゅーす39
ニラP,にらP
ニワトリP,にわとりP
ヌンチャクP,ぬんちゃくP
ネガティブPreset,ねがてぃぶPreset
ねぎたまP,ねぎたまP
猫の彼女のESP,ねこのかのじょのESP
猫の彼女のESP 2 シルバーティア,ねこのかのじょのESP 2 しるばーてぃあ
猫虫P,ねこむしP
熱情inquiries,ねつじょうinquiries
ねむトロニカEP,ねむとろにかEP
燃素P,ねんそP
脳裏を過るElysium,のうりをよぎるElysium
のりP,のりP
乗り遅れP,のりおくれP
廃人チェックLv2,はいじんちぇっくれべる2
ハイスクールDAYS,はいすくーるDAYS
ハイスペックPCが☆いんです！,はいすぺっくPCが☆いんです
ハイテン★ガール２,はいてん★がーる2
ハイネケンP,はいねけんP
ハイファイガールHD,はいふぁいがーるHD
ハイブリッドGO GO,はいぶりっどGO GO
灰雪-2016-,はいゆき2016
箱庭P,はこにわP
走るP,はしるP
走る少女の1秒,はしるしょうじょの1びょう
恥P,はじP
始まりの0ページ,はじまりの0ぺーじ
初めて買った安いPCを今日俺は売った,はじめてかったやすいPCをきょうおれはうった
恥ずかs×××,はずかs×××
裸だったら何が悪い～sing go～,はだかだったらなにがわるい～sing go～
八王子P,はちおうじP
ハ☆チ☆ス☆ズ☆メ　オリジナルサウンドトラック2,はちすずめ　おりじなるさうんどとらっく2
ハ☆チ☆ス☆ズ☆メ　オリジナルサウンドトラック3,はちすずめ　おりじなるさうんどとらっく3
破P,はっP
初登校P,はつとうこうP
初音MICの感染,はつねMICのかんせん
初音ミク -Project DIVA Arcade- Original Song Collection,はつねみく -Project DIVA Arcade- Original Song Collection
初音ミク -Project DIVA Arcade- Original Song Collection Vol.2,はつねみく -Project DIVA Arcade- Original Song Collection Vol.2
初音ミク -Project DIVA- F Complete Collection,はつねみく -Project DIVA- F Complete Collection
初音ミク -Project DIVA- X Complete Collection,はつねみく -Project DIVA- X Complete Collection
初音ミク -Project DIVA- extend Complete Collection,はつねみく -Project DIVA- extend Complete Collection
初音ミク 5thバースデーベスト ～memories～,はつねみく 5thばーすでーべすと ～memories～
初音ミク TEAR,はつねみくTEAR
"初音ミクが円周率10,000桁覚えたようです。",はつねみくがえんしゅうりつ10000けたおぼえたようです
初音ミクシンフォニー～Miku Symphony 2018-2019～オーケストラ ライブ CD,はつねみくしんふぉにー～Miku Symphony 2018-2019～おーけすとら らいぶ CD
初音ミク「マジカルミライ 2015」OFFICIAL ALBUM,はつねみくまじかるみらい2015OFFICIALALBUM
初音ミク「マジカルミライ 2019」OFFICIAL ALBUM,はつねみくまじかるみらい2019OFFICIAL ALBUM
初音ミク「マジカルミライ 2020」OFFICIAL ALBUM,はつねみくまじかるみらい2020OFFICIAL ALBUM
花浅葱DROPS,はなあさぎDROPS
鼻声P,はなごえP
鼻そうめんP,はなそうめんP
ハナブサキックP,はなぶさきっくP
花嫁はROCK STAR,はなよめはROCK STAR
はふーP,はふーP
はむ☆P,はむすたーP
破滅のMOSAIC,はめつのMOSAIC
ハヤカワP,はやかわP
早口P,はやくちP
はややP,はややP
ハルカゼ 337,はるかぜ 337
半熟P,はんじゅくP
バイバイLiar,ばいばいLiar
爆ロP,ばくろP
ばすてぃP,ばすてぃP
バスドラ連打P,ばすどられんだP
バレンタインP,ばれんたいんP
バンドやろーよ!!2011,ばんどやろーよ!!2011
ぱやP,ぱやP
"パラサイト／M.I.K.""I""","ぱらさいと M.I.K.""I"""
パラサイト／M.I.K.U.,ぱらさいと M.I.K.U.
パリパリvsしっとり,ぱりぱりvsしっとり
パレットP,ぱれっとP
パンドリストP,ぱんどりすとP
卑屈P,ひくつP
必読！27通りのもふもふ術！,ひつどく27とおりのもふもふじゅつ
ひとしずくP,ひとしずくP
ひとりHパーティナイト,ひとりHぱーてぃないと
秘密にNO！　知る権利に応え続けます,ひみつにＮＯ！　しるけんりにこたえつづけます
ヒャクブンノイチP,ひゃくぶんのいちP
氷夢P,ひょうむP
平沢P,ひらさわP
昼は週5で袋麺,ひるはしゅう5でふくろめん
ヒーリングP,ひーりんぐP
びにゅP,びにゅP
ビバハピ 世界史ver.,びばはぴせかいしver.
病気P,びょうきP
秒速30万キロメートル,びょうそく30まんきろめーとる
ぴすたP,ぴすたP
ピノキオP,ぴのきおP
ぴんこすてぃっくLuv,ぴんこすてぃっくLuv
不―倫RinRin,ふ―りんRinRin
ファミコンみたいな(ry,ふぁみこんみたいな(ry
ファミマP,ふぁみまP
ファルセット942,ふぁるせっと942
ふうりんP,ふうりんP
フェイP,ふぇいP
笛の踊りP,ふえのおどりP
ふかふかP,ふかふかP
複眼P,ふくがんP
二人のRain of blossoms,ふたりのRain of blossoms
二人のX'mas Night,ふたりのX'mas Night
二人の歌姫＝Alice,ふたりのうたひめ＝Alice
ふたりはSympathy,ふたりはSympathy
フナコシP,ふなこしP
ふみP,ふみP
ふゆP,ふゆP
冬の幻 -Phantom of Winter-,ふゆのまぼろし -Phantom of Winter-
フリージア　～Longing～,ふりーじあLonging
古川P,ふるかわP
フルコンプP,ふるこんぷP
フルみっくP,ふるみっくP
風呂埋葬P,ふろまいそうP
ふわふわドリームNIGHT,ふわふわどりーむNIGHT
豚になってyeah yeah,ぶたになってyeah yeah
ブラックP,ぶらっくP
ブランダズ -Brand as-,ぶらんだず -Brand as-
ブリブリP,ぶりぶりP
ブレスP（kooyo*P）,ぶれすP
分泌 -secretion-,ぶんぴつ -secretion-
ブーメランパンツP,ぶーめらんぱんつP
プチプチP,ぷちぷちP
プーチンP,ぷーちんP
プーチンP第1部　「ひとりにしないで。」,ぷーちんぴーだい1ぶひとりにしないで 
プーチンP第2部　「みえないよるに、きえないひとみ。」,ぷーちんぴーだい2ぶみえないよるにきえないひとみ 
ヘブンズP,へぶんずP
偏差値40の世界,へんさち40のせかい
変態王子P,へんたいおうじP
変拍子コンピレーションアルバム2「Nice beat.」,へんびょうしこんぴれーしょんあるばむ2「Nice beat.」
変拍子コンピレーションアルバム3「￠oda」,へんびょうしこんぴれーしょんあるばむ3「￠oda」
ベリアる！ -OVER THE REALITY-,べりある！ -OVER THE REALITY-
ペタンコP,ぺたんこP
咆哮≒Emotion,ほうこう≒Emotion
他P,ほかP
星奏P,ほしかなP
星屑の斜面によるAdagio,ほしくずのしゃめんによるAdagio
細ロングP,ほそろんぐP
ホテルユートピア 407号室,ほてるゆーとぴあ407ごうしつ
ほのぼのP,ほのぼのP
ホープンフォーク42,ほーぷんふぉーく42
傍観者No.9,ぼうかんしゃNo.9
冒険のVLOG,ぼうけんのVLOG
ボカ☆フレ！2 - VOCALOID™ FRESHMEN 2-,ぼかふれ2
ボカロEDM,ぼかろEDM
ボカロEDM5,ぼかろEDM5
ボカロEDM6,ぼかろEDM6
ボカロEDM7,ぼかろEDM7
ボカロEDM8,ぼかろEDM8
ボカロPエレジー,ぼかろPえれじー
ボカロPっていましたよね？,ぼかろPっていましたよね
ボカロPになりたい,ぼかろPになりたい
ボカロPノススメ,ぼかろPのすすめ
ボカロ超ミックス39 feat. 初音ミク,ぼかろちょうみっくす39 feat.はつねみく
ボカロ丼冬コンピ2017,ぼかろどんふゆこんぴ2017
墨汁39,ぼくじゅう39
僕と契約して、ボカロPになってよ！,ぼくとけいやくして、ぼかろPになってよ！
ぼくらの16bitエンズ・トリガー,ぼくらの16bitえんず・とりがー
僕らのPleasure Line,ぼくらのPleasure Line
ボケとツッコミ（ツッコミver）,ぼけとつっこみ（つっこみver）
ボケとツッコミ（ボケver）,ぼけとつっこみ（ぼけver）
菩薩P,ぼさつP
煩悩HEROES,ぼんのうHEROES
ぼーかりおどP,ぼーかりおどP
ボーカロイドキャラを50体言ってみろ!(101体),ぼーかろいどきゃらを50たいいってみろ
ボーカロイドたちがただ2コードくりかえすだけ,ぼーかろいどたちがただ2こーどくりかえすだけ
ボーカロイド超ベスト-impacts-,ぼーかろいどちょうべすと-impacts-
ボーカロイド超ベスト-memories-,ぼーかろいどちょうべすと-memories-
ぽこたんP,ぽこたんP
ポジティ部vsネガティ部,ぽじてぃぶvsねがてぃぶ
ポン酢P,ぽんずP
ポンッ de RIN GOOD！,ぽんっ de RIN GOOD!
マイゴッドP,まいごっどP
マイナスP,まいなすP
マインP,まいんP
マェロP,まぇろP
魔王-Rkhah-,まおう-Rkhah-
魔姫★P,まきP
負け犬P,まけいぬP
マジカリン☆☆☆LOVE♡,まじかりんLOVE
マジカルLOVE!,まじかるLOVE!
マジックワードはKDCL,まじっくわーどはKDCL
マジで恋する5分前,まじでこいする5ふんまえ
マスヒロP,ますひろP
またおまP,またおまP
待ちあわせsinging,まちあわせsinging
真っ青P,まっさおP
まっしろ世界HereWeGo!,まっしろせかいHereWeGo!
魔法少女虹色チェーンソー2st,まほうしょうじょにじいろちぇーんそー2st
魔法少女になれなかったP,まほうしょうじょになれなかったP
魔法のスナイパー・シエラ02,まほうのすないぱー・しえら02
魔法美少女は8マイルを9秒で疾走する,まほうびしょうじょは8まいるを9びょうでしっそうする
まま Mama,ままMama
マメコP,まめこP
真夜中P,まよなかP
まるばなP,まるばなP
満足P,まんぞくP
マーメイドP,まーめいどP
ミクルンルン－vocaloidテーマ曲－,みくるんるんvocaloidてーまきょく
ミズッP,みずっP
三十路ワルツ～gdgd人生～,みそじわるつ～gdgdじんせい～
南のP,みなみのP
三冬月。雨と0時,みふゆづきあめと0じ
耳ロボP,みみろぼP
ミュムP,みゅむP
未来DROPS,みらいDROPS
未来NEXTメシ,みらいNEXTめし
未来Treasure,みらいTreasure
未来時計AM4:30,みらいどけいAM4:30
未来へのStory & Heart,みらいへのStory&Heart
ミラーP,みらーP
ミラーレP,みらーれP
無気力P,むきりょくP
骸雲P,むくひばP
夢幻特攻DARIO,むげんとっこうDARIO
ムスカP,むすかP
娘細胞P,むすめさいぼうP
娘の鞄からとんでもない(ry,むすめのかばんからとんでもない(ry
無政策P,むせいさくP
無名のフォルダ／Filtering,むめいのふぉるだ　Filtering
名称未設定.txt,めいしょうみせってい.txt
名誉会長P,めいよかいちょうP
巡音ナイト☆夜の蝶2010,めぐりねないとよるのちょう2010
巡音ルカ 10th Anniversary - Fabulous∞Melody -,めぐりねるか 10th Anniversary - Fabulous∞Melody -
メサイア -messiah-,めさいあ -messiah-
覚 -mezame-,めざめ -mezame-
メタル組曲 - Transilvania -,めたるくみきょく　Transilvania
目玉P,めだまP
目つき悪いP,めつきわるいP
面積0で広がる感情,めんせき0でひろがるかんじょう
明太Rocker,めんたいRocker
もう５時か……,もう5じか……
妄想Sacrifice,もうそうSacrifice
もう1度,もう１ど
もしもキヨテル先生が元No.1ホストだったら,もしもきよてるせんせいがもとNo.1ほすとだったら
もじょP,もじょP
木琴P,もっきんP
もっと歌わせて2107,もっとうたわせて2107
モノトーンP,ものとーんP
モノローグP,ものろーぐP
盛るP,もるP
悶絶☆ナスダジオEX!,もんぜつなすだじおEX
ヤスオP,やすおP
やながもP,やながもP
ヤバイと思ったが12歳でも構わなかった,やばいとおもったが12さいでもかまわなかった
辞めてやるよDTMなんか,やめてやるよDTMなんか
ヤンデレP,やんでれP
唯我processor,ゆいがprocessor
悠yuu自適,ゆうyuuじてき
融合P,ゆうごうP
融合YELLOWS,ゆうごうYELLOWS
夕立P,ゆうだちP
夕立の36.5℃,ゆうだちの36.5℃
ゆうのLv3,ゆうのLv3
有名Pになりたい,ゆうめいPになりたい
有名ボカロPには無償でIAを差し上げます,ゆうめいぼかろPにはむしょうでIAをさしあげます
歪P,ゆがみP
ゆきちゃんP,ゆきちゃんP
雪見だ○ふくモンブラン味126円,ゆきみだ○ふくもんぶらんあじ126えん
ユクFメイ,ゆくFめい
ゆちゃP,ゆちゃP
ゆにめもP,ゆにめもP
夢は大魔法使い～For new engineers of embedded system ～,ゆめはうぃざーど～For new engineers of embedded system ～
夢ユメGIRL,ゆめゆめGIRL
揺籠×Infection,ゆりかご×Infection
夜明けのFPS,よあけのFPS
欲望EGOIST,よくぼうEGOIST
よしのP,よしのP
よし屋P,よしやP
夜なべP,よなべP
夜祭P,よまつりP
ヨメニヤランP,よめにやらんP
よろっこP,よろっこP
四重婚P,よんじゅうこんP
雷鳴P,らいめいP
ラヴ&ニャウHoliday,らうﾞ&にゃう Holiday
ラクトバチルスカゼイシロタP,らくとばちるすかぜいしろたP
ラジオ体操P,らじおたいそうP
ラジオ体操第39,らじおたいそうだい39
螺旋階段49解,らせんかいだん49かい
螺旋迷宮～Spiral labyrinth～,らせんめいきゅう～Spiral labyrinth～
ラヴリーP,らぶりーP
ラブリーコードナンバー801,らぶりーこーどなんばー801
ラムドP,らむどP
ラムネP,らむねP
ラララP,らららP
らんらんP,らんらんP
粒子P,りゅうしP
流星P,りゅうせいP
流線型YEAH,りゅうせんけいYEAH
龍の巣P,りゅうのすP
量産型P,りょうさんがたP
PP（燐P）,りんP
リンリンHIGH☆MIND,りんりんHIGH☆MIND
ルイズぅぅうううわぁあああああんP,るいずぅぅうううわぁあああああんP
ルート22,るーと22
レアホースP,れあほーすP
レイターP,れいたーP
黎明Accent／夕立のラストダンス,れいめいAccent　ゆうだちのらすとだんす
レオP,れおP
レクイヱム～Requiem for the Moon～,れくいえむ Requiem for the Moon
レタスP,れたすP
レッドカードP,れっどかーどP
レッド・シグナル101,れっどしぐなる101
恋哀DEATHゲーム,れんあいDEATHげーむ
レンフルP,れんふるP
労働拒否Mind,ろうどうきょひMind
ロリP,ろりP
炉利POP☆融解-2010-,ろりぽっぷゆうかい2010
ロリータF,ろりーたF
ロンドン2012,ろんどん2012
（*・ω・）わおーんP,わおーんP
若葉色D-i-s-k,わかばいろD-i-s-k
我輩P,わがはいP
ワガママP,わがままP
ワクテカEP,わくてかEP
ワスレナイデ -Song of the Earth-,わすれないで -Song of the Earth-
私だってVocaloid,わたしだってVocaloid
私はRana,わたしはRana
私はあの子の2Pカラー,わたしはあのこの2Pからー
ワン★オポ！vol.01,わんおぽ vol.01
ワン★オポ！vol.04,わんおぽ vol.04
ワン★オポ！vol.05,わんおぽ vol.05
わんわんテール EP,わんわんてーる EP
ワールド・コーリング／LIVEDRIVE,わーるどこーりんぐ LIVEDRIVE
０月０日,0がつ0にち
0人ぼっちのワルツ,0にんぼっちのわるつ
０秒のスタート,0びょうのすたーと
1／20000の幸せ,1/20000のしあわせ
1009転調,1009もでゅれーしょん
100回嘔吐,100かいおうと
100回吐いたよ！！,100かいはいたよ！！
100年後のあなたへ,100ねんごのあなたへ
11月のラブレター,11がつのらぶれたー
12月32日 β,12がつ32にち β
14歳,14さい
16番目の犯行予告,16ばんめのはんこうよこく
18きっぷを持って,18きっぷをもって
1月7日,1がつ7か
21世紀の夜明け前,21せいきのよあけまえ
22世紀の朝,22せいきのあさ
39秒でいいから！,39びょうでいいから！
3日前後の賞味期限,3かぜんごのしょうみきげん
3姉妹恋戦争,3しまいこいせんそう
404号室,404ごうしつ
4月7日,4がつ7か
5月に咲いた櫻の唄,5がつにさいたさくらのうた
7月の嘘,7がつのうそ
8月の花嫁,8がつのはなよめ
AHSファンキー,AHSふぁんきー
Dr.リアリスト,Dr.りありすと
Fate of Soul～ピリオドの向こうの闇～,Fate of Soul～ぴりおどのむこうのやみ～
Love☆ラブ☆してね♪MyDarling,LoveらぶしてねMyDarling
Ma'atの秤,Ma'atのはかり
P名なんてなかったんや…,Pめいなんてなかったんや
R☆L滑舌検証歌,RLかつぜつけんしょうか
TOSHIMORO現象,TOSHIMOROげんしょう
VEGA-ベガ-,VEGA-べが-
rejected -拒絶-,rejectedきょぜつ
愛して？ ～Love me do,あいして？～Love me do
アジアンP,あじあんP
アチホイP,あちほいP
アビス in ワンダーランド,あびすinわんだーらんど
アメリカン60,あめりかん60
暗黒童話P,あんこくどうわP
アンチ【NORMAL】メイカー,あんちNORMALめいかー
アンビバレンス01,あんびばれんす01
一過性のFlight,いっかせいのFlight
いぬちP,いぬちP
今まで来たアンチコメ、クソリプ+αで1-9,いままできたあんちこめ、くそりぷ+αで1-9
イメソラP,いめそらP
いるーP,いるーP
宇宙大規模11次元構造体,うちゅうだいきぼ11じげんこうぞうたい
う★ま☆い★棒LOVER!,うまいぼうLOVER
裏切りのANTITHEISM,うらぎりのANTITHEISM
裏の裏P,うらのうらP
ヴァリエート＃0,うﾞぁりえーと＃0
おいでよ！ワイファイSPOTへ/CD,おいでよわいふぁいSPOTへ
お嬢P,おじょうP
お前の父ちゃんボカロP,おまえのとうちゃんぼかろP
おればななP,おればななP
海賊Fの肖像,かいぞくFのしょうぞう
開発コード★mikiり発車,かいはつこーど★mikiりはっしゃ
架空の無名P,かくうのむめいP
かたほとりP,かたほとりP
カニミソP,かにみそP
彼はゲイかも知れない～ってチョコラBBで？,かれはげいかもしれない～ってちょこらBBで？
カーストP,かーすとP
君と僕のDays,きみとぼくのDays
今日犬（ジャムおじさんP）,きょうけん　じゃむおじさんP
ギャル子P,ぎゃるこP
クリエイトボックス Vol.1,くりえいとぼっくす Vol.1
弦想図鑑Ⅱ,げんそうずかん2
国道40号ばばばばばばえおうぃおい～べべべべべべべべべえべえええべえべべべえ,こくどう40ごうばばばばばばえおうぃおい～べべべべべべべべべえべえええべえべべべえ
心color,こころcolor
こそあどP,こそあどP
コトバノハコ -human lang. box-,ことばのはこ -human lang. box-
これら6個の項目をごみ箱に移動しますか？,これら6このこうもくをごみばこにいどうしますか？
災難P,さいなんP
性-saga-,さが-saga-
サバコP,さばこP
挫折P,ざせつP
残響P,ざんきょうP
鹿P,しかP
灼熱のRUBY,しゃくねつのRUBY
尻切れ／アリアP,しりぎれありあP
ジャンボP,じゃんぼP
スマイルP,すまいるP
セカイ系P,せかいけいP
世界の終わりとWORLD'S END,せかいのおわりとWORLD'S END
絶対BINKAN地帯,ぜったいBINKANちたい
全知全能RPG,ぜんちぜんのうRPG
全力Lady 全開Honey,ぜんりょくLady　ぜんかいHoney
騒々nightガール,そうぞうnightがーる
相対のdistance,そうたいのdistance
田中P,たなかP
単純明快P,たんじゅんめいかいP
抱きしめて♡乙女ちっく☆LOVEまっくす,だきしめて♡おとめちっく☆LOVEまっくす
だってボクはAI,だってぼくはAI
誰かへの手紙.for you,だれかへのてがみ.for you
ちほP,ちほP
蝶々P,ちょうちょうP
チョコミントP,ちょこみんとP
ツアーP,つあーP
月の調 Ⅲ -ツキノシラベ-,つきのしらべ3
椿色D-i-s-k,つばきいろD-i-s-k
定額P,ていがくP
テ黄ストP,てきすとP
てくてくP,てくてくP
テラ小室P,てらこむろP
天空への塔 ～Space Elevator～,てんくうへのとう ～Space Elevator～
電波P,でんぱP
特訓P,とっくんP
トランジスタの道化団~Heartsnative3~,とらんじすたのどうけだん Heartsnative3
ドブ街クズ通り44丁目へようこそ,どぶがいくずどおり44ちょうめへようこそ
長門P,ながとP
生意気ハニー-another story-,なまいきはにー another story
ネクストP,ねくすとP
粘着系男子の15年ネチネチ,ねんちゃくけいだんしの15ねんねちねち
はG,はG
拝啓、Fが押さえられない僕へ,はいけい、Fがおさえられないぼくへ
初音ミク -Project DIVA Arcade- Original Song Collection Vol.3,はつねみく -Project DIVA Arcade- Original Song Collection Vol.3
初音ミク -Project DIVA- 2nd NONSTOP MIX COLLECTION,はつねみく -Project DIVA- 2nd NONSTOP MIX COLLECTION
初音ミクシンフォニー～Miku Symphony 2016～オーケストラ ライブ CD,はつねみくしんふぉにー～Miku Symphony 2016～おーけすとら らいぶ CD
初音ミクの消失-Real And Repeat-,はつねみくのしょうしつ Real And Repeat
鼻毛P,はなげP
阪急沿線EP2,はんきゅうえんせんEP2
はんにゃG,はんにゃG
爆音P,ばくおんP
パプリカP,ぱぷりかP
冷えきってしまった弁当P,ひえきってしまったべんとうP
悲嘆リグレット-Grief Regret-,ひたんりぐれっと-Grief Regret-
人詰め -hitotsume-,ひとつめ -hitotsume-
不狂和音P,ふきょうわおんP
文鳥P,ふみどりP
フラグP,ふらぐP
震える舌ep,ふるえるしたep
ぶちぬけ！2008！,ぶちぬけ2008
プリティパンティ☆悪マリン ep.0,ぷりてぃぱんてぃあくまりん ep.0
変身ヒロイン「キューティーボカロ３」,へんしんひろいん「きゅーてぃーぼかろ３」
ベルP,べるP
ボカロ少女IA,ぼかろしょうじょIA
墨汁P,ぼくじゅうP
ボス走らず急いで歩いてきて僕らを助けてP,ぼすはしらずいそいであるいてきてぼくらをたすけてP
ポチP,ぽちP
マカラファP,まからふぁP
マジックKISS,まじっくKISS
末期P,まっきP
ミッサマP,みっさまP
ミライ.exeの起動ログ,みらい.exeのきどうろぐ
迷宮Last two,めいきゅうLast two
メグカップP,めぐかっぷP
モジャP,もじゃP
モスバガP,もすばがP
病みズコP,やみずこP
誘導装置付きメランコリア3号,ゆうどうそうちつきめらんこりあ3ごう
夢の終わり ～ remember me ～,ゆめのおわり ～ remember me ～
よしえさんのお使いマーチ３♪,よしえさんのおつかいまーち3♪
らぁらぁ〜P,らぁらぁ〜P
らいらP,らいらP
らぶざわP,らぶざわP
リクルートP,りくるーとP
理不尽に39!!,りふじんに39!!
レンコンP,れんこんP
レントンP,れんとんP
ロゼッタ E.P,ろぜったE.P
ロールワット-Lolwat-,ろーるわっと-Lolwat-
忘れ物 2009,わすれもの 2009
渡り鳥P,わたりどりP
1000年生きてる,1000ねんいきてる
1000の記憶,1000のきおく
100万再生とるまでボカロPはやめません,100まんさいせいとるまでぼかろPはやめません
101号室に住んでみた,101ごうしつにすんでみた
10月の雨/曲者P,10がつのあめ
10年後のボーカロイドのうた,10ねんごのぼーかろいどのうた
10分の恋,10ぷんのこい
12月13日もやもや,12がつ13にちもやもや
12月24日めりーくりすます,12がつ24にちめりーくりすます
12月9日ふこうはあつまる,12がつ9かふこうはあつまる
12月に俯く,12がつにうつむく
13943号室,13943ごうしつ
13月の花コトバ,13がつのはなことば
13時間の記憶,13じかんのきおく
15の夜,15のよる
180日の恋,180にちのこい
18オクターブ半だせないと歌い手にはなれません,18おくたーぶはんだせないとうたいてにはなれません
18回目の春,18かいめのはる
1月6日がんばれしりょうづくり,1がつ6かがんばれしりょうづくり
1センチ,1せんち
1フェムトの大空,1ふぇむとのおおぞら
1分間コンピ,1ぷんかんこんぴ
1ページ先の未来,1ぺーじさきのみらい
１本満足,1ぽんまんぞく
1枚のはね,1まいのはね
2.5次元糸あつめワールド,2.5じげんいとあつめわーるど
2013年度 卒業制作コンピレーション,2013ねんど そつぎょうせいさくこんぴれーしょん
203号室に住んでみた,203ごうしつにすんでみた
2061年のハレー彗星,2061ねんのはれーすいせい
2142 ～悪魔を食べました～,2142　あくまをたべました
21世紀の米騒動,21せいきのこめそうどう
22世紀の僕らは,22せいきのぼくらは
23世紀の青色,23せいきのあおいろ
23の始点,23のしてん
24歳のボーカロイド,24さいのぼーかろいど
263番地,263ばんち
2時間46分咲く白銀の華,2じかん46ふんさくはくぎんのはな
2ちゃんねるイズマイン,2ちゃんねるいずまいん
２つのソラ～Deep blue～,2つのそら
2匹の猫の物語,2ひきのねこのものがたり
300分トラベル,300ぷんとらべる
3153万6000秒ぶりに彼女へ逢いに行くよ,3153まん6000びょうぶりにかのじょへあいにいくよ
32缶,32かん
3476メトロ,3476めとろ
35歳でゴスロリで,35さいでごすろりで
365月病,365がつびょう
37℃-キミにめまい-,37℃-きみにめまい-
39日の応援団,39にちのおうえんだん
３人目の女,3にんめのおんな
3秒ルール,3びょうるーる
404：虚像,404きょぞう
40歳くらいで死にたい。,40さいくらいでしにたい
4561回目の雨,4561かいめのあめ
45分の恋人,45ふんのこいびと
49懺悔録,49ざんげろく
4階からアスファルトヘ,4かいからあすふぁるとへ
4月の愚者,4がつのぐしゃ
4つ目のお願い,4つめのおねがい
524のプレゼンス,524のぷれぜんす
53番目のガ-ルと毒林檎,53ばんめのがーるとどくりんご
5cm先の恋,5cmさきのこい
5センチ,5せんち
5ラウンドP,5らうんどP
7.0×10^9の天涯孤独,7.0×10^9のてんがいこどく
730日の未来船,730にちのみらいせん
777はラッキーキッス♡,777はらっきーきっす♡
7月7日の金木犀,7がつ7かのきんもくせい
7秒の両想い,7びょうのりょうおもい
8カウント,8かうんと
8月32日/haruna808,8がつ32にち
8月32日/Diarays,8がつ32にち
８月の雨,8がつのあめ
8時22分と習慣的悪あがき,8じ22ふんとしゅうかんてきわるあがき
9月,9がつ
AI少女と深層心海,AIしょうじょとしんそうしんかい
AM2:00の吐息,AM2:00のといき
AQ戦線,AQせんせん
ARTICUTION／奇術師の告白,ARTICUTION/きじゅつしのこくはく
Air Symphony ～空気清浄機のテーマ～,Air Symphony ～くうきせいじょうきのてーま～
Aquamarine～旅立ちの詩～,Aquamarine ～たびだちのうた～
Astronomer -星を観測るひと-,Astronomer -ほしをみるひと-
A史,Aし
A寝台の少女,Aしんだいのしょうじょ
BG背景コンシューマー,BGはいけいこんしゅーまー
BRAVE～翼神の願い～,BRAVE～よくしんのねがい～
BUNKA開放区,BUNKAかいほうく
Bell*りん,Bell*りん
Bloody Valentine ～鮮血のヴァレンタイン～,Bloody Valentine ～せんけつのうﾞぁれんたいん～
Blue Star~蒼い星~,Blue Star ～あおいほし～
CM放映中,CMほうえいちゅう
Can't stop！ゴーゴーカレー,Can't stop! ごーごーかれー
Chu★毒,Chu★どく
Ciel ou en enfer～或る禁断を侵した少年,Ciel ou en enfer～あるきんだんをおかしたしょうねん
"Compilation Album 理科室 ""アルカリ盤""","Compilation Album りかしつ ""あるかりばん"""
"Compilation Album 理科室 ""酸性盤""","Compilation Album りかしつ ""さんせいばん"""
DOLL MASTER -失クシタ熱-,DOLL MASTER -なくしたねつ-
DOLL-狂気的愛情譚-,DOLL-きょうきてきあいじょうたん-
DTM初心者に買われた妹ボカロ,DTMしょしんしゃにかわれたいもうとぼかろ
DVロイド,DVろいど
Dead Foresta～睡蓮の湖に沈む～,Dead Foresta～すいれんのみずうみにしずむ～
Decoration Night～愛しき日々～,Decoration Night～いとしきひび～
Departure ～僕らの道～,Departure～ぼくらのみち～
Dies Irae－蜥蜴の唄－,Dies Irae－とかげのうた－
Double Mē ～私が二人いたら～,Double Mē ～わたしがふたりいたら～
Dr.アイロニーの幾何学,Dr.あいろにーのきかがく
Dr.バロウズインザラボラトリー,Dr.ばろうずいんざらぼらとりー
EXIT TUNES PRESENTS Kagaminext feat. 鏡音リン、鏡音レン,EXIT TUNES PRESENTS Kagaminext feat. かがみねりん、かがみねれん
EXIT TUNES PRESENTS 私とボカロのある日常,EXIT TUNES PRESENTS わたしとぼかろのあるにちじょう
Fate -運命の扉-,Fate -うんめいのとびら-
Folia ―鉄鎖の飛翔―,Folia -てっさのひしょう-
Fが弾けない！,Fがひけない！
GOコロンビア,GOころんびあ
GUMIの一日ロックンロール,GUMIのいちにちろっくんろーる
Ghost scope ～ある男のお話～,Ghost scope ～あるおとこのおはなし～
Good Day For You ～除湿機のテーマ～,Good Day For You ～じょしつきのてーま～
Hades ～伝承と帰趨～,Hades ～でんしょうときすう～
I WANT ちゅっ！,I WANT ちゅっ！
IA THE WORLD ～蒼～,IA THE WORLD ～あお～
IA THE WORLD ～鍵～,IA THE WORLD ～かぎ～
IA THE WORLD ～影～,IA THE WORLD ～かげ～
IA THE WORLD ～翼～,IA THE WORLD ～つばさ～
IA THE WORLD ～華～,IA THE WORLD ～はな～
IA THE WORLD ～光～,IA THE WORLD ～ひかり～
IA THE WORLD ～星～,IA THE WORLD ～ほし～
IA THE WORLD ～夢～,IA THE WORLD ～ゆめ～
INGE ～謎に包まれた生命体～,INGE ～なぞにつつまれたせいめいたい～
Independence Proがインストールできない,Independence Proがいんすとーるできない
Iの正体,Iのしょうたい
Iの証明,Iのしょうめい
Iライン脱毛テープ,Iらいんだつもうてーぷ
JUIZO～聖なる戦い～,JUIZO～せいなるたたかい～
Jの葬列,Jのそうれつ
KAITO JAZZコンピレーションアルバム　Twilight Blue,KAITO JAZZこんぴれーしょんあるばむ Twilight Blue
KAITOが歌う47都道府県庁所在地,KAITOがうたう47とどうふけんけんちょうしょざいち
KSGR地獄の刑,KSGRじごくのけい
LET'S GO!!シンデレラ,LET'S GO!!しんでれら
LOVEこそすべて～恋する乙女は美しい～,LOVEこそすべて～こいするおとめはうつくしい～
La La La ラヴレター,La La La らぶれたー
MAZE ～終わりのない地図～,MAZEおわりのないちず
MFC-02 鏡音リン・レン「“LR”ACT.♪」,MFC-02かがみねりん・れん「すてれお・あくたー」
MOMO爺さん,MOMOじいさん
Midnight Steps -夜を越えゆく-,Midnight Steps -よるをこえゆく-
Miss.ディレクション,Miss.でぃれくしょん
Mr.Hippopotamusの煩憂,Mr.Hippopotamusのはんゆう
Mrs.エイプリルの韜晦,Mrs.えいぷりるのとうかい
M心,Mごころ
NANIMONOにも成れないよ,NANIMONOにもなれないよ
Namida Doll～世界で一番愛しい君へ～,Namida Doll ～せかいでいちばんいとしいきみへ～
N-ichola-S,Nichola
Nord ―ノルド―,Nord ―のるど―
PS5が当たらない,PS5があたらない
Pa Pa Pa リズム,Pa Pa Pa りずむ
Pas de deux ～パドドゥ～,Pas de deux ～ぱどどぅ～
Project封神,Projectほうしん
P 名　よかったら覚えてやってください,Pめい　よかったらおぼえてやってください
P名言ってない(＃ ﾟДﾟ)o＝３☆,Pめいいってない
P　名　言　っ　て　み　ろ　！,Pめいいってみろ！
P　名　言　わ　れ　た　い,Pめいいわれたい
P名言われたかってん,Pめいいわれたかってん
P名言われたよ,Pめいいわれたよ
P　名　言　わ　れ　て　な　い,Pめいいわれてない
P　名　言　わ　れ　て　な　い　理　由,Pめいいわれてないりゆう
P　名　言　わ　れ　な　く　て　安　心　し　た,Pめいいわれなくてあんしんした
P　名　知　っ　て　く　れ　！,Pめいしってくれ！
P名戦争、蚊帳の外,Pめいせんそう、かやのそと
P　名　付　い　て　な　い,Pめいついてない
P名は消えてなくなりました,Pめいはきえてなくなりました
P　名　光　っ　て　た,Pめいひかってた
P　名　娘　だ　け　呼　ば　れ　た,Pめいむすめだけよばれた
P名呼ばれたとか呼ばれてないとか言う前に一言言わせて欲しい,Pめいよばれたとかよばれてないとかいうまえにひとこといわせてほしい
P名呼ばれて嬉しいな,Pめいよばれてうれしいな
P 名 よ ば れ て ご め ん な さ い,Pめいよばれてごめんなさい
P名呼ばれないの当たり前,Pめいよばれないのあたりまえ
P名？直ちに名乗られることはない,Pめい？ただちになのられることはない
QT!39クッキング,QT!39くっきんぐ
Q極進化論,Qきょくしんかろん
Qで止まる,Qでとまる
R.I.P.ゴシップの海,R.I.P.ごしっぷのうみ
RULE ～約束～,RULE ～やくそく～
Re:Message-キミの声が聞こえるから-,Re:Message -きみのこえがきこえるから-
Re:Mind -リマインド-,Re:Mind -りまいんど-
Re：心の手紙,Re:こころのてがみ
Re:そよかぜ通信,Re:そよかぜつうしん
Re:リフレイン,Re:りふれいん
Round Round ～洗濯機のテーマ～,Round Round ～せんたくきのてーま～
R☆L滑舌探求歌,R☆Lかつぜつたんきゅうか
SHAKE BODY～俺達の考える最強の失恋ソング～,SHAKE BODY～おれたちのかんがえるさいきょうのしつれんそんぐ～
SOSと言えない,SOSといえない
SPECIES 在来種の終わり,SPECIESざいらいしゅのおわり
Snow Ash~白の別れ~,Snow Ash~しろのわかれ~
Steam Of Love ～加湿機のテーマ～,Steam Of Love ～かしつきのてーま～
Summer Soul～夏の終わりのメモリー～,Summer Soul～なつのおわりのめもりー～
Super☆すとろべりぃ♪,Super☆すとろべりぃ♪
Syncopated Alarm ～目覚まし時計のテーマ～,Syncopated Alarm ～めざましどけいのてーま～
S売ります,Sうります
THE BEST of オワタP　無難。,THE BEST of おわたP　ぶなん。
The Legend of 超絶調声師,The Legend of ぼかろますたー
The ミック BAND,The みっく BAND
Touch！エモーショナルステージ,Touch！えもーしょなるすてーじ
Try for Keeps-時代はいつでもLOOPする-,Try for Keeps-じだいはいつでもLOOPする-
Tweet! Tweet! スパゲッティなう！！,Tweet! Tweet! すぱげってぃなう！！
Tポイントの消失,Tぽいんとのしょうしつ
Ｔポイントの暴走,Tぽいんとのぼうそう
UFOキャッチャー,UFOきゃっちゃー
UFOに自動車保険は効きますか？,UFOにじどうしゃほけんはききますか
UFOを待つ女,UFOをまつおんな
VOCALOID from ニコニコ動画 ボカロ特急 SUPER EXPRESS COMPILATION 03,VOCALOID from にこにこどうが ぼかろとっきゅう SUPER EXPRESS COMPILATION 03
VOCALOID from ニコニコ動画 ボカロ特急 SUPER EXPRESS COMPILATION 04,VOCALOID from にこにこどうが ぼかろとっきゅう SUPER EXPRESS COMPILATION 04
WASSHOI～俺達の考える最強の祭ソング～,WASSHOI～おれたちのかんがえるさいきょうのまつりそんぐ～
WHシンドローム,WHしんどろーむ
Wind Singing ～扇風機のテーマ～,Wind Singing ～せんぷうきのてーま～
「W」二重人格クロスオーバー,Wにじゅうじんかくくろすおーばー
XYZの魔法,XYZのまほう
Y字路恋路,Yじろこいじ
Yの牢獄,Yのろうごく
attoの境界,attoのきょうかい
awesomeとawfulを間違えた街。その文脈,awesomeとawfulをまちがえたまちそのぶんみゃく
", cause I am here",cause I am here
すぅぱぁLOVEふぃぃぃぃぃりんぐ!!!,cler
d-黄色,d-きいろ
dolce ～空の絵描きうた～,dolce ～そらのえかきうた～
f-赤色,f-あかいろ
fimbulvetrの切望,fimbulvetrのせつぼう
from　君,fromきみ
giga戯画witch,gigaぎがwitch
h-紫色,h-むらさきいろ
「honey」って呼んで？,honeyってよんで？
kura-kura 鎌倉！,kurakuraかまくら
m-青色,m-あおいろ
maimaiオリジナルサウンドトラック 言ノ葉Project 第二章 言ノ葉遊戯,maimaiおりじなるさうんどとらっくことのはProjectだい2しょうことのはゆうぎ
n号室の落下するカーテン,nごうしつのらっかするかーてん
p-緑色,p-みどりいろ
ｒのショウタイ,rのしょうたい
s-灰色,s-はいいろ
Spring～君から始まる物語～,springきみからはじまるものがたり
Will -雪の中に舞う蝶-,willゆきのなかにまうちょう
wish ～靴紐を結んで～,wishくつひもをむすんで
Come on!! ～鴨鍋は鴨のカモという説～,「Comeonかもなべはかものかもというせつ
アDVAnCEテCHノ,あDVAnCEてCHの
ああんP,ああんP
愛 to you,あい to you
愛逢Dori-Ma,あいあいDori-Ma
愛情≪Carnation,あいじょう≪Carnation
アイス芋P,あいすいもP
アイスピックP,あいすぴっくP
愛ちゃん-1-2-3-,あいちゃん123
曖昧distance,あいまいdistance
曖昧劣情Lover,あいまいれつじょうLover
アイワナP,あいわなP
アウトプットP,あうとぷっとP
碧い兎-Tealice-,あおいうさぎ-Tealice-
青い春のMELODY,あおいはるのMELODY
青空 Letter,あおぞらLetter
青空Melody,あおぞらMelody
赤い彗星P,あかいすいせいP
あかやかP,あかやかP
あから様(Is love a wisdom?),あからさま Is love a wisdom?
アキバヲタP言ってみろ,あきばをたPいってみろ
悪ノP,あくのP
あぐP,あぐP
アコギP,あこぎP
アゴ ア ゴーゴー2,あごあごーごー2
アゴアニキP,あごあにきP
朝だ！仕事だ！超欝だorz,あさだ！しごとだ！ちょううつだ！orz
足あと4つ,あしあと4つ
明日にｗｋｔｋ,あしたにwktk
あした晴れたら,あしたはれたら ～Like Fine Tomorrow～
あすなろP,あすなろP
頭の中のSzkieletor,あたまのなかのSzkieletor
アッ子P,あっこP
アップルP,あっぷるP
アナクロP,あなくろP
姉を見事に使いこなす妹P,あねをみごとにつかいこなすいもうとP
あの子の形見の音飛びCD,あのこのかたみのおととびCD
あの日、描いたDIARY,あのひ、えがいたDIARY
あの双子が円周率1000桁に挑戦,あのふたごがえんしゅうりつ1000けたにちょうせん
暴れぼりゅーしょんP,あばれぼりゅーしょんP
アボガド6,あぼがど6
雨音Spring！ ・。・゜★,あまおとSpring
雨音memory,あまおとmemory
雨傘P,あまがさP
雨漏りP,あまもりP
飴玉P,あめだまP
雨のちSweet*Drops,あめのちSweet*Drops
アメリカ民謡研究会によるVOCALOIDの研究。,あめりかみんようけんきゅうかいによるVOCALOIDのけんきゅう
ありぽんP,ありぽんP
或るGEEK,あるGEEK
あルカP,あるかP
アロエP,あろえP
あわあわp,あわあわp
あんP,あんP
A.E.V.P(アンチエモいボカロP),あんちえもいぼかろP
アンバランスP,あんばらんすP
アンビバレンス02,あんびばれんす02
アンビリカル244P,あんびりかる244P
暗幕P,あんまくP
あー民P,あーみんP
生㌔P,いきろP
育児放棄P,いくじほうきP
意地っ張りBaby,いじっぱりBaby
磯P,いそP
いたちまP,いたちまP
異端School BAND,いたんSchool BAND
一円P,いちえんP
一億円P,いちおくえんP
一行P,いちぎょうP
銀杏色D-i-s-k,いちょういろD-i-s-k
五日P,いつかP
いつだってHappyDay！,いつだってHappyDay
偽りのKESHIKI,いつわりのKESHIKI
イトカワP,いとかわP
いとしのあい２,いとしのあい２
井の頭P,いのかしらP
今更P,いまさらP
苛★イラDAyS＃4Ne,いらいらDAyS＃4Ne
いろなP,いろなP
いろはぁと feat. 猫村いろは,いろはぁと feat. ねこむらいろは
インテリジェンス・アンドロメダフォン10,いんてりじぇんすあんどろめだふぉん10
浮草P,うきくさP
うさぎ@DanCe.,うさぎ@DanCe.
うしろめたさP,うしろめたさP
嘘憑≦Simulation,うそつき≦Simulation
「うた結い575」小豆と抹茶　きゃらそんこれくしょん！！,うたゆい575　あずきとまっちゃ　きゃらそんこれくしょん！！
うちは三木町女子14歳,うちはみきちょうじょし14さい
宇宙月兎作戦 ～GET IT ON!～,うちゅうげっとさくせん ~GET IT ON!~
宇宙電波受信P,うちゅうでんぱじゅしんP
うどんタイマーP,うどんたいまーP
裏ミクP,うらみくP
うらら（マカーP）,うらら まかーP
浮気P,うわきP
うんちょP,うんちょP
運命≠Information,うんめい≠Information
運命だから…again and again,うんめいだから…again and again
ヴィーナスたちのVacation,う゛ぃーなすたちのVacation
ヴァリアット＃0,うﾞぁりあっと＃0
衛星少女　～satellite girl～,えいせいしょうじょ ～satellite girl～
衛星少女＃0,えいせいしょうじょ＃0
衛星少女＃2,えいせいしょうじょ＃2
エキセントリックP,えきせんとりっくP
エターナルフォース19歳,えたーなるふぉーす19さい
えにくすP,えにくすP
エロンP,えろんP
円盤P,えんばんP
エンパス144,えんぱす144
緒P,おP
オアシスVer2.0,おあしすVer2.0
お砂糖mogmog,おさとうmogmog
オサレP,おされP
乙P,おつP
音音P,おとおとP
おどれ！VRダンス！,おどれVRだんす
鬼KYOKAN,おにKYOKAN
お兄さんと Just be friends,おにいさんとjustbefriends
おにゅうP,おにゅうP
オネP,おねP
お願いShootin' Star,おねがいShootin' Star
オリエントP,おりえんとP
俺の脳内ミクが一番可愛い3,おれののうないみくがいちばんかわいい3
オーP,おーP
カイジュウの島2,かいじゅうのしま2
快晴P,かいせいP
回想P,かいそうP
怪盗KAITO～今宵も君を求めて～,かいとうKAITOこよいもきみをもとめて
解の公式おぼえMATH!,かいのこうしきおぼえMATH
怪物デンジャーGIRL,かいぶつでんじゃーGIRL
回路=A,かいろ=A
カウンタ88,かうんた88
鏡　音　P　名　言　っ　て　み　ろ　！,かがみねPめいいってみろ
柿の種P,かきのたねP
確定P,かくていP
かぐらP,かぐらP
駆け抜けろ！２０１０,かけぬけろ！２０１０
影追い少女Ⅱ,かげおいしょうじょ2
かずちゃP,かずちゃP
片思いPUMPKIN☆MAGIC,かたおもいPUMPKIN☆MAGIC
片思い☆Emotion,かたおもい☆Emotion
頑なP,かたくなP
(仮)P,かっこかりP
カナタ(消費税P),かなたしょうひぜいP
奏 kanade,かなで kanade
奏音69,かのん69
かぶとがにLOVE,かぶとがにLOVE
カラオケP,からおけP
花楽里漫葉集 feat. 初音ミク,からくりまんようしゅう feat. はつねみく
からし蓮根P,からしれんこんP
カラダに優しいP,からだにやさしいP
空っぽdaydreamer,からっぽdaydreamer
かりP,かりP
カルデラP,かるでらP
華麗な犯行は0時から,かれいなはんこうは0じから
枯れた舟漕ぐSPARKING,かれたふねこぐSPARKING
かれは38,かれは38
ｶﾜゆぃP,かわゆぃP
関西弁P,かんさいべんP
感じてHeartBeat,かんじてHeartBeat
感情SIGN,かんじょうSIGN
感情論Part2,かんじょうろんPart2
神無月P,かんなづきP
カーニバルP,かーにばるP
学園×∀ssassinatioИ,がくえん×∀ssassinatioИ
ガチャP,がちゃP
ガチロリP,がちろりP
合体P,がったいP
硝子ウールP,がらすうーるP
眼球P,がんきゅうP
黄色の魔法II -次代のドアを開け放て-,きいろのまほう2じだいのどあをあけはなて
消えないP,きえないP
きくおミク5,きくおみく5
奇跡＊Indication,きせき＊Indication
北18条,きた18じょう
鬼畜ショタP,きちくしょたP
汽笛P,きてきP
機能美P,きのうびP
きのえP,きのえP
きの（嘆きのP）,きの（なげきのP）
基本は縞パンP,きほんはしまぱんP
希望のうた -grant all hope-,きぼうのうた -grant all hope-
キマシタワーP,きましたわーP
キミとUSB★接続っ！,きみとUSBせつぞくっ
僕と君の52の約束,きみとぼくの52のやくそく
キミノ・・・／SAKURA,きみの・・・/SAKURA
生娘P,きむすめP
キモウトP,きもうとP
きゃしゃんP,きゃしゃんP
きゃんでぃP,きゃんでぃP
きゅP,きゅP
享年16,きょうねん16
極端P,きょくたんP
極東電脳QT少女,きょくとうでんのうQTしょうじょ
キラキラ嫌いGIRL,きらきらきらいGIRL
キラキラなコドモ／escaper,きらきらなこども　escaper
禁断少女プラスA,きんだんしょうじょぷらすA
偽善者P,ぎぜんしゃP
魚肉P,ぎょにくP
銀河鉄道365,ぎんがてつどう365
銀鱗P,ぎんりんP
空閒⇔Formation,くうかん⇔Formation
空席P,くうせきP
空想nightガール,くうそうnightがーる
クエン酸P,くえんさんP
糞田舎P,くそいなかP
クソみたいなJ-POP,くそみたいなJ-POP
くたばれ悲劇の１４歳,くたばれひげきの14さい
クヌースP,くぬーすP
クマー@Taken♪,くまー@Taken
クラフトP,くらふとP
クレーマーP,くれーまーP
黒P,くろP
黒い絹-Redress-,くろいきぬ-Redress-
黒うさP,くろうさP
黒髪ストロングP,くろかみすとろんぐP
黒船P,くろふねP
クワガタP,くわがたP
クンカクンカP,くんかくんかP
ｸﾞﾙｸﾞﾙP,ぐるぐるP
グロP,ぐろP
群青純情Happiness,ぐんじょうじゅんじょうHappiness
欠乏症P,けつぼうしょうP
ケフィアP,けふぃあP
圏外P,けんがいP
鍵盤無双P,けんばんむそうP
劇場版「ハンペン甲子園 ～鮭とポニテの歌合戦～」劇中歌CD,げきじょうばん はんぺんこうしえん さけとぽにてのうたがっせん げきちゅうかCD
激動の昭和P,げきどうのしょうわP
ゲフカフP,げふかふP
原罪物語-第2幕-,げんざいものがたりだい2まく
幻想の Bright Blue Bird,げんそうのBright Blue Bird
ゲーセンでDIVAを初プレイして音ゲー以外の部分にふるぼっこにされた歌,げーせんでDIVAをはつぷれいしておとげーいがいのぶぶんにふるぼっこにされたうた
恋竹林5,こいちくりん5
恋のI・RO・HA教えます,こいのIROHAおしえます
恋のvirus,こいのvirus
恋は1970,こいは1970
恋は戦争　鏡音レンver,こいはせんそう　かがみねれんver
公安4課 政治犯特別対策係,こうあん4か せいじはんとくべつたいさくがかり
光速☆Drive,こうそく☆Drive
股間マフラーP,こかんまふらーP
黒糖ポッキーP,こくとうぽっきーP
告白実行委員会 -FLYING SONGS- 愛してる,こくはくじっこういいんかいFLYINGSONGSあいしてる
ココアシガレットP,ここあしがれっとP
ココロ -thousands after-,こころ　thousands after
ココロ侵略robot,こころしんりゃくrobot
コスプレP,こすぷれP
コスモスP,こすもすP
"こちら10,000歳越えの女子ですが、太陽を作る事になりました",こちら10000さいごえのじょしですがたいようをつくることになりました
こちら、幸せクロスロード駅2√3番線付近の待合室です。,こちら、しあわせくろすろーどえき2√3ばんせんふきんのまちあいしつです。
こちらボカロP免許管理センターです,こちらぼかろPめんきょかんりせんたーです
こっち向いて Baby,こっちむいてBaby
骨盤P,こつばんP
言葉≧Imitation,ことのは≧Imitation
粉雪のRecollection,こなゆきのRecollection
小宮ちゃんP,こみやちゃんP
小室哲哉 meets VOCALOID,こむろてつや meets VOCALOID
今週のびっくりドッキリP,こんしゅうのびっくりどっきりP
混沌ツクラーP,こんとんつくらーP
「＃コンパス 戦闘摂理解析システム」オリジナルサウンドトラック Vol.2,こんぱすせんとうせつりかいせきしすてむおりじなるさうんどとらっくvol.2
コーチP,こーちP
コーヒーの利尿作用を甘く見たP,こーひーのりにょうさようをあまくみたP
誤sick,ごsick
合成音声ONGAKUの世界,ごうせいおんせいONGAKUのせかい
御所難P,ごしょなんP
午前2時先輩,ごぜん2じせんぱい
午前3時のヘッドフォン,ごぜん3じのへっどふぉん
午前8時の嬉遊曲,ごぜん8じのきゆうきょく
ゴゼンP,ごぜんP
ごまあえP,ごまあえP
ゴーストタウンRPG,ごーすとたうんRPG
最高ドライバーM,さいこうどらいばーＭ
最後の1ページ,さいごの1ぺーじ
彩時雨／increase,さいしぐれ increase
彩色palade,さいしょくparade
サイゼP,さいぜP
サイハテ バラードver,さいはてばらーどVer
砕氷 -Great Navigation-,さいひょう -Great Navigation-
作業用BGM ハカドール2,さぎょうようBGM はかどーる2
桜色のBetter Days,さくらいろのBetter Days
桜と僕とあの子にhshsな気持ち,さくらとぼくとあのこにhshsなきもち
桜の季節 -Separation-,さくらのきせつ　Separation
錯乱P,さくらんP
ささくれP,ささくれP
笹の葉Lovers,ささのはLovers
サトリーモP,さとりーもP
サブカル.inc東京,さぶかる.incとうきょう
さよなら4月のドッペルさん,さよなら4がつのどっぺるさん
サンタクルセイダー SAZTA†CRUS∀DER,さんたくるせいだー SAZTA†CRUS∀DER
ザ・ボカロっぽい曲①,ざぼかろっぽいきょく1
ざわP,ざわP
始音カイトの消失-DEAD END-,しおんかいとのしょうしつ-DEAD END-
シグナルP,しぐなるP
仕事してP,しごとしてP
師匠P,ししょうP
自然の敵P,しぜんのてきP
視長P,しちょうP
漆黒の熾天使 -the Black Seraph-,しっこくのしてんし -the Black Seraph-
しっしゃもP,しっしゃもP
疾風P,しっぷうP
シバションP,しばしょんP
釈P,しゃくP
鮭P,しゃけP
三味線師範代P,しゃみせんしはんだいP
シャレオツP,しゃれおつP
終焉-Re:mind-,しゅうえん-Re:mind-
終焉.Armageddon,しゅうえん.Armageddon
囚人P,しゅうじんP
修正P,しゅうせいP
終末論 code:heretic,しゅうまつろん code:heretic
出勤拒否P,しゅっきんきょひP
シュミックトリガ2 -PsychoCrush A-POP!!-,しゅみっくとりが2 -PsychoCrush A-POP!!-
少女A/ぽわぽわP,しょうじょA
少女Rの心中,しょうじょRのしんじゅう
衝動nightガール,しょうどうnightがーる
証明≒Destruction,しょうめい≒Destruction
食後13時42分の生物学,しょくご１３じ４２ふんのせいぶつがく
初心P,しょしんP
ショタレンP,しょたれんP
白猫P,しろねこP
シンP,しんP
新幹線P,しんかんせんP
神教⇒Exclamation!,しんきょう⇒Exclamation!
心象a,しんしょうa
真珠色のVISION,しんじゅいろのVISION
神道P,しんとうP
深夜P,しんやP
心裏×Иavigation,しんり×Иavigation
新・山ノ手メリーゴーランド（N428系）,しん・やまのてめりーごーらんど（N428けい）
ジェイソンVSバレンタイン,じぇいそんVSばれんたいん
ジェバンニP,じぇばんにP
ジキル＆Hyde,じきる＆Hyde
自殺志願者が余命191秒で見た憧憬,じさつしがんしゃがよめい191びょうでみたしょうけい
自殺しなよBABY,じさつしなよBABY
自走式V型拾六気筒ヒューマノイド[鏡音]GTR,じそうしきぶいがたじゅろくきとうひゅーまのいどかがみねGTR
じたばたP,じたばたP
自分磨きの一種？として2020年のオリンピックボランティアに応募することにしました！,じぶんみがきのいっしゅとして2020ねんのおりんぴっくぼらんてぃあにおうぼすることにしました
ジミーサムP,じみーさむP
邪気眼P,じゃきがんP
じゃぱにーず☆小学生 Girls,じゃぱにーずしょうがくせいGirls
ジョイメカP,じょいめかP
情熱P,じょうねつP
ジンジャーP,じんじゃーP
人生P,じんせいP
人面魚P,じんめんぎょP
人類2000000周年,じんるい2000000しゅうねん
人類vsAI,じんるいvsAI
水彩P,すいさいP
水深200ｍの涙,すいしん200mのなみだ
好き a lover,すき a lover
朱雀P,すざくP
進め★JINSEI行進曲,すすめJINSEIこうしんきょく
スタッフロールP,すたっふろーるP
スターライトP,すたーらいとP
素敵な魔法の799,すてきなまほうの799
ステレオタイプな I Love You,すてれおたいぷなI Love You
ストライP,すとらいP
ストリークP,すとりーくP
ストーカーP,すとーかーP
スナフキンP,すなふきんP
スペースショートカットキー Part2,すぺーすしょーとかっときー Part2
スペースショートカットキー Part4,すぺーすしょーとかっときー Part4
宇宙麻雀 -Space Mahjong-,すぺーすまーじゃん -Space Mahjong-
スレイプニル -sleipnir-,すれいぷにる -sleipnir-
ずっと Love Song,ずっと Love Song
ずどどんP,ずどどんP
せいかつ200X,せいかつ200X
青春18きっぷ,せいしゅん18きっぷ
"青春ボカロ starring GUMI, Lily","せいしゅんぼかろ starring GUMI, Lily"
精神変調型女子高生X,せいしんへんちょうがたじょしこうせいX
製図P,せいずP
せかいせいふくP,せかいせいふくP
世界の裏側P,せかいのうらがわP
刹那P,せつなP
セピアP,せぴあP
セブンスドラゴン2020&2020-II 初音ミク・アレンジトラックス,せぶんすどらごん2020&2020-II はつねみく・あれんじとらっくす
選挙に行かない男と付き合ってはいけない5つの理由,せんきょにいかないおとことつきあってはいけない5つのりゆう
旋律旋風５５５,せんりつせんぷう555
税金P,ぜいきんP
絶叫モブB,ぜっきょうもぶB
絶望的希望の喜劇的tragedy,ぜつぼうてききぼうのきげきてきtragedy
ゼロ距離♥P,ぜろきょりP
ソイソイP,そいそいP
そそそP,そそそP
そっとうP,そっとうP
"その自意識とSea side, Dark side","そのじいしきとSea side, Dark side"
蕎麦P,そばP
ソライロP,そらいろP
空耳P,そらみみP
それっぽいP,それっぽいP
ソレナンテP,それなんてP
そろそろP,そろそろP
ソーサラー98 ～ The end of the known story,そーさらー98
続・魔王嬢-Maoujyou II-,ぞく・まおうじょう-Maoujyou II-
対象x,たいしょうx
平P,たいらP
タウリン1000mg High Go!!,たうりん1000mg High Go!!
たかP,たかP
他虐性bullYらう゛ぁ～ず,たぎゃくせいbullYらう゛あ～ず
ただのCo,ただのCo
田中B,たなかB
楽しいPuddingの歩き方,たのしいPuddingのあるきかた
たのしい逃避行 EP,たのしいとうひこう EP
楽しいのかP,たのしいのかP
タブラP,たぶらP
タンクトッP,たんくとっP
探偵むしめか゛ね ～ さらば怪人256面相,たんていむしめか゛ね さらばかいじん256めんそう
脱出型椎間板ヘルニアP,だっしゅつがたついかんばんへるにあP
ダブルラリアット [Double Bass Drum Remix 2021],だぶるらりあっとDoubleBassDrumRemix2021
ダルビッシュP,だるびっしゅP
誰よりもHappyDay/CD,だれよりもHappyDay
誰よりもHappyDay,だれよりもHappyDay
ダンジョン1F,だんじょん1F
小さなボクらのBRAVE STORY,ちいさなぼくらのBRAVE STORY
ちきんクリスP,ちきんくりすP
ちくP,ちくP
着火er,ちゃっかer
厨二ing,ちゅうにing
チョコラテP,ちょこらてP
ちんげ in the まんげ,ちんげ in the まんげ
ぢゅ（メラゾーマP）,ぢゅ めらぞーまP
つきのP,つきのP
月の詩 Ⅰ -ツキノウタ-,つきのうたI
月の詩 Ⅱ -ツキノウタ-,つきのうたⅡ
月の陰 Ⅰ -ツキノカゲ-,つきのかげ1
月の調 Ⅱ -ツキノシラベ-,つきのしらべ2
ツッコミS・O・S,つっこみSOS
ツンdeリン,つんdeりん
底辺P,ていへんP
てつやP,てつやP
テトロドトキサイザ2号,てとろどときさいざ2ごう
手袋P,てぶくろP
天響ノ和樂2,てんきょうのわがく2
ディスコ・ファンタジカ／CLOUDY,でぃすこ・ふぁんたじか　CLOUDY
デイライトP,でいらいとP
デタラメなPathology,でたらめなPathology
デッドボールP,でっどぼーるP
デッドマンズＬ,でっどまんずL
電柱星人P,でんちゅうせいじんP
電波CANDY,でんぱCANDY
伝票P,でんぴょうP
東京DestinyKnight ～双子の悪魔～,とうきょうDestinyKnight ～ふたごのあくま～
東京DestinyX,とうきょうDestinyX
東京賭52区13番街4-365,とうきょうと52く13ばんがい4-365
東方ボカロEDM2,とうほうぼかろEDM2
透明SQUARE,とうめいSQUARE
時にはsoftに、時にはdarkに,ときにはsoftに、ときにはdarkに
刻迷宮 ～Labyrinth of Time～,ときめいきゅうLabyrinth of Time
とくP,とくP
ト　ク　ロ　P　名　言　っ　て　み　ろ　！,とくろPめいいってみろ
時計屋ウサギと１０月３１日の国,とけいやうさぎと10がつ31にちのくに
図書延滞P,としょえんたいP
隣のJK,となりのJK
とほほP,とほほP
ともだち100人できるかな的価値観,ともだち100にんできるかなてきかちかん
友達募集P,ともだちぼしゅうP
トラP,とらP
とらいあんぐる☆Girl's Heart,とらいあんぐる☆Girl's Heart
トルバP,とるばP
とんびP,とんびP
ドP,どP
憧憬～DOUKEI～,どうけい～DOUKEI～
道化師～Es ist Clown～,どうけし～Es ist Clown～
同時P,どうじP
独我論 code:altered,どくがろん code:altered
ドッP,どっP
ドライアード-Dryad-,どらいあーど-Dryad-
ドンツーミュージック2,どんつーみゅーじっく2
ドンツーミュージック3,どんつーみゅーじっく3
ドンフライP,どんふらいP
泣いてNIGHT,ないてNIGHT
ナイトオウル２,ないとおうる２
ナイーヴP,ないーう゛P
仲良しフ～Rin!,なかよしふ～Rin!
長靴P,ながぐつP
泣き虫Pierrot,なきむしPierrot
啼くowl,なくowl
なぜか変換できないハイテンションMIX,なぜかへんかんできないはいてんしょんMIX
なぜか変換できないハイテンションMIX？,なぜかへんかんできないはいでんしょんMIX？
謎のおっさんズPの頭の中から、こんにちは！,なぞのおっさんずPのあたまのなかから、こんにちは！
夏空P,なつぞらP
奈都魅P,なつみP
夏目P,なつめP
夏休みYummy,なつやすみYummy
ナナミP,ななみP
斜め上P,ななめうえP
ナノリータP,なのりーたP
ナノルーP,なのるーP
なみP,なみP
南無666,なむ666
ナモナキP,なもなきP
なゆたP,なゆたP
ナユタン星からの物体X,なゆたんせいからのぶったいX
ナユタン星からの物体Z,なゆたんせいからのぶったいZ
におP,におP
西沢さんP,にしざわさんP
虹と欄干 Part2,にじとらんかん Part2
虹と欄干 Part2.5,にじとらんかん Part2.5
偽物人間40号,にせものにんげん40ごう
乳乳P,にゅうにゅうP
にょっすP,にょっすP
ニーティングP,にーてぃんぐP
音色2.0,ねいろ2.0
ネガティブP,ねがてぃぶP
ネガポジP,ねがぽじP
ネギさま！Bravo☆,ねぎさまBravo
ねぎぶえP,ねぎぶえP
猫背P,ねこぜP
ねちょぐしゃP,ねちょぐしゃP
熱情詩 -Flame Heart-,ねつじょうしFlame Heart
音々P,ねねP
ネハンシカP,ねはんしかP
ノイズP,のいずP
口南P,のうP
ノギスボールP,のぎすぼーるP
ノフレP,のふれP
呑んだくれP,のんだくれP
廃POP,はいPOP
廃 RANK SOCIETY,はいRANKSOCIETY
ハイストイック⇔ν：age.,はいすといっく⇔ν：age.
葉浦P,はうらP
匣P,はこP
蓮枯DivE,はすかるDivE
長谷文也P,はせふみやP
秦野P,はだのP
ハチスズメ Complete Box,はちすずめ Complete Box
蜂の巣P,はちのすP
はっさくP,はっさくP
ハッピーホール3.0,はっぴーほーる3.0
初恋BOX,はつこいBOX
初恋Graduation,はつこいGraduation
初恋の絵本-男性視点ver.-,はつこいのえほん　だんせいしてんver.
初音mic.e.p.,はつねmicep
初音ミク -Project DIVA- Original Song Collection,はつねみく -Project DIVA- Original Song Collection
初音ミク 5thバースデーベスト ～impacts～,はつねみく 5thばーすでーべすと ～impacts～
初音ミク Project mirai こんぷり～と,はつねみく Project mirai こんぷり～と
初音ミク Sings “手塚治虫と冨田勲の音楽を生演奏で”,はつねみく Sings “てづかおさむととみたいさおのおんがくをなまえんそうで”
初音ミク Thank you 1826 Days,はつねみく Thank you 1826 Days
初音ミク DANCE REMIX vol.1,はつねみくDANCE REMIX vol.1
初音ミクGT Project Theme Song Collection,はつねみくGT Project Theme Song Collection
初音ミクGT Project Theme Song Collection 2012,はつねみくGT Project Theme Song Collection 2012
初音ミクGT Project Theme Song Collection 2013,はつねみくGT Project Theme Song Collection2013
初音ミク Vision,はつねみくVision
初音ミク plays 月光下騎士団,はつねみくplaysむーんらいだーず
"初音ミクが円周率1,000桁覚えたようです。",はつねみくがえんしゅうりつ1000けたおぼえたようです
初音ミクシンフォニー～Miku Symphony 2017～オーケストラ ライブ CD,はつねみくしんふぉにー～Miku Symphony 2017～おーけすとら らいぶ CD
初音ミクの消失 -DEAD END-,はつねみくのしょうしつ　DEAD END
初音ミクの暴走（LONG VERSION）,はつねみくのぼうそう LONG VERSION
初音ミク「マジカルミライ 2014」 ［Live］,はつねみくまじかるみらい2014
初音ミク「マジカルミライ 2014」オフィシャルアルバム,はつねみくまじかるみらい2014おふぃしゃるあるばむ
初音ミク「マジカルミライ 2016」OFFICIAL ALBUM,はつねみくまじかるみらい2016OFFICIAL ALBUM
初音ミク「マジカルミライ 2017」OFFICIAL ALBUM,はつねみくまじかるみらい2017OFFICIAL ALBUM
初音ミク「マジカルミライ 2018」OFFICIAL ALBUM,はつねみくまじかるみらい2018OFFICIAL ALBUM
初音ミク「マジカルミライ 2021」OFFICIAL ALBUM,はつねみくまじかるみらい2021OFFICIAL ALBUM
果ての森のMemoria,はてのもりのMemoria
鳩山由起夫の消失 -DEAD END-,はとやまゆきおのしょうしつ -DEAD END-
花束P,はなたばP
花束～the best of doriko feat. 初音ミク～,はなたば～the best of doriko feat. はつねみく～
はにぃP,はにぃP
浜村P,はまむらP
ハモンドでご飯P,はもんどでごはんP
ハヤシライスP,はやしらいすP
ハリネズミ＊Distance,はりねずみDistance
はるひP,はるひP
春二人～Love Song,はるふたり　Love Song
ハロP,はろP
阪急沿線EP3,はんきゅうえんせんEP3
バイカP,ばいかP
バイカルP,ばいかるP
ばうむP,ばうむP
バタパンP,ばたぱんP
バナナP（二大迷走P（β））,ばななP
バファリンP,ばふぁりんP
バルP,ばるP
バレンタインの（MEIKO帰還）,ばれんたいんの MEIKOきかん
パイパンP,ぱいぱんP
パラダイス！SKY,ぱらだいす！SKY
パワーコードP,ぱわーこーどP
般P,ぱんP
ぱんつP,ぱんつP
柊P,ひいらぎP
光の舞 -Lightning Dance-,ひかりのまい -Lightning Dance-
ひきこもり勇者2,ひきこもりゆうしゃ2
弾きたいなP,ひきたいなP
非対称ARTs,ひたいしょうARTs
ヒッキーP,ひっきーP
必殺P,ひっさつP
ひつじP,ひつじP
ひとひとP,ひとひとP
ひとり言Morning,ひとりごとMorning
向日葵色D-i-s-k,ひまわりいろD-i-s-k
ヒャッハーP,ひゃっはーP
ひらいた Rap,ひらいたRap
貧血☆psychedelic,ひんけつ☆psychedelic
美少年で冥界系でドS,びしょうねんでめいかいけいでどS
ビタワンP,びたわんP
琵琶湖P,びわこP
ビーカーP,びーかーP
ピカP,ぴかP
ピクミンP,ぴくみんP
ピストンP,ぴすとんP
ピロリロP,ぴろりろP
ピンクロボP,ぴんくろぼP
ファミロックP,ふぁみろっくP
フェアリーオッチャンP,ふぇありーおっちゃんP
深爪P,ふかづめP
不協和音 -dis:cord-,ふきょうわおん -dis:cord-
不死鳥-Phoenix-,ふしちょう-Phoenix-
普通DISCO,ふつうDISCO
ふねP,ふねP
フラるーぷRemix,ふらるーぷRemix
ふ・る・え・る Summer,ふるえるSummer
フルーツ（笑）P,ふるーつP
ふわP,ふわP
ふわふわWind ～ソフィーのうた～,ふわふわWind
ふわりP/CD,ふわりP
ふわりP,ふわりP
武思道 ～It was the way of the SAMURAI～,ぶしどう ～It was the way of the SAMURAI～
ぶっちぎりP,ぶっちぎりP
ぶりるP,ぶりるP
ブルームーンP,ぶるーむーんP
ブンガP,ぶんがP
文学 in the 少女,ぶんがくin theしょうじょ
プラウドビート No.8,ぷらうどびーと No.8
プラネタリウム～Astronomerの繭～,ぷらねたりうむ～Astronomerのまゆ～
ヘドバンP,へどばんP
ヘリP,へりP
ヘルP,へるP
変拍子コンピレーションアルバム「4≠4」,へんびょうしこんぴれーしょんあるばむ「4≠4」
ベリーイージー2,べりーいーじー2
ベーコンP,べーこんP
ベース缶P,べーすかんP
ぺんすてP,ぺんすてP
崩壊歌姫-disruptive diva-,ほうかいうたひめ-disruptive diva-
包丁P,ほうちょうP
星置駅SF,ほしおきえきSF
ほぼ日P,ほぼにちP
ほぼ日Pが大嫌い,ほぼにちPがだいきらい
ホロg,ほろg
幌加内P,ほろかないP
ホワイトクリスマス'08,ほわいとくりすます'08
本体が4000円安くなるクーポン,ほんたいが4000えんやすくなるくーぽん
亡CALOID@Totenbett Halluzination,ぼうCALOID@Totenbett Halluzination
ボカコレ3,ぼかこれ3
ボカロEDM2,ぼかろEDM2
ボカロEDM3,ぼかろEDM3
ボカロEDM4,ぼかろEDM4
ボカロNINJA,ぼかろNINJA
ボカロPになりt,ぼかろPになりt
ボカロBOY,ぼかろＢＯＹ
僕to君,ぼくtoきみ
僕こそ君の1st Place!,ぼくこそきみの1st Place
僕とみんなとVOCALOID,ぼくとみんなとVOCALOID
僕のP名も言ってくださいませんか？,ぼくのPめいもいってくださいませんか？
ぼくらの16bit戦争,ぼくらの16bitうぉーず
凡人P,ぼんじんP
ボーカロイドたちが2コードくり返してﾃｯﾃｰﾃﾚｯﾃｰとか叫ぶだけ,ぼーかろいどたちが2こーどくりかえしててってーてれってーとかさけぶだけ
ポコP,ぽこP
ぽーみP,ぽーみP
マイキP,まいきP
マウスP,まうすP
マエストロP,まえすとろP
前振りP,まえぶりP
魔王嬢-MaoujyouⅠ-,まおうじょう-Maoujyou Ⅰ-
まさP,まさP
マジカル☆リンちゃんなう！SSs,まじかるりんちゃんなうSSs
まじまP,まじまP
マジョルカ★★★LOVE❧,まじょるか★★★LOVE❧
マチゲリータP,まちげりーたP
町田73,まちだ73
真冬のAnniversary,まふゆのAnniversary
まももP,まももP
マルチプレイヤーP,まるちぷれいやーP
未確認生命TIME,みかくにんせいめいTIME
未完成の love song,みかんせいのlove song
みきとP/作り手,みきとP
右マッチP,みぎまっちP
ミク詐欺P（右近）,みくさぎP
ミクのPさんへ,みくのPさんへ
ミク★パンク 80's オン キャプテンレコード,みくぱんく80sおんきゃぷてんれこーど
みくぶる3,みくぶる3
ミクミク3分クッキング♪,みくみく３ぷんくっきんぐ
未収録OSC,みしゅうろくOSC
ミッキーマウス／Mikky Mouth,みっきーまうす/Mikky Mouth
ミツバチP,みつばちP
南方研究所映像集001[ageing nook],みなかたけんきゅうじょえいぞうしゅう001
みなるP,みなるP
ミミコP,みみこP
ミユキストP,みゆきすとP
未来派P,みらいはP
未来へP,みらいへP
未来へようこそ2~Back Ⅱ the Future~,みらいへようこそ2
みらくるぱんちSTG,みらくるぱんちSTG
魅惑のルームナンバー１０３,みわくのるーむなんばー１０３
みんなも一緒にやってみようYO!,みんなもいっしょにやってみようYO
骸Attack!!,むくろAttack
無限階段 －UNA－,むげんかいだんUNA
ムシP,むしP
無重力Rhapsody,むじゅうりょくRhapsody
村田P,むらたP
村人P,むらびとP
無力P,むりょくP
迷走P,めいそうP
メイドの星からS・O・S,めいどのほしからS・O・S
メガレンP,めがれんP
メグリンQ,めぐりんQ
めざめP,めざめP
メディックP,めでぃっくP
メビウスP,めびうすP
メリークリスマス in お寺,めりーくりすます in おてら
メルト Rin Len Rap Remix,めると Rin Len Rap Remix
メンチカツ120円,めんちかつ120えん
めんぼう on stage,めんぼう on stage
妄想〆Question,もうそう〆Question
木曜日P,もくようびP
もっと早く初音ミクに出会っていたら僕も有名Pだったのに,もっとはやくはつねみくにであっていたらぼくもゆうめいPだったのに
モテたいP,もてたいP
モネルタP,もねるたP
椛路 -2010年、秋-,もみじ　2010ねん、あき
ヤキモチの答え-another story-,やきもちのこたえ-another story-
夜色P,やしょくP
やすP,やすP
夜助P,やすけP
山桜P,やまざくらP
やみカワわがママism,やみかわわがままism
病ンデレ／／／Sickness,やんでれSickness
悠 -yuu-,ゆう -yuu-
優雨P,ゆうP
ゆうP,ゆうP
悠久のFairyTale,ゆうきゅうのFairyTale
優先席 ～Priority Seat～,ゆうせんせき ～Priority Seat～
有名Pの唄,ゆうめいPのうた
夕焼けP,ゆうやけP
夕闇P,ゆうやみP
ゆかりスト!! -Vol.1-,ゆかりすとvol.1
夢359夜,ゆめ359や
夢に住むyakamoz,ゆめにすむyakamoz
夢見るP,ゆめみるP
夢見るデクのDOLL,ゆめみるでくのDOLL
ユリイカ〜あるPのキミへ〜,ゆりいか～あるPのきみへ～
ゆーくn.,ゆーくn.
ユーパンSW396,ゆーぱんSW396
夜明けP,よあけP
妖艶和奏絵巻 feat. 初音ミク,ようえんわそうえまき feat. はつねみく
容疑者Mの逃走は午前5時から,ようぎしゃMのとうそうはごぜん5じから
夜烏P,よがらすP
欲望解放24時,よくぼうかいほう24じ
予言'99,よげん'99
よだれP（島白）,よだれP（しまじろ）
余命3日少女,よめい3かしょうじょ
よよP,よよP
よりぬきほぼ日Pさん,よりぬきほぼにちPさん
弱気なVENUS,よわきなVENUS
弱音P,よわねP
弱虫 I love you,よわむし I love you
弱虫shooting star,よわむしShooting star
雷音King,らいおんKing
ライブP,らいぶP
ラグタイムな恋2,らぐたいむなこい2
ラスト[not]エール,らすと [not] えーる
ラマーズP,らまーずP
乱数P,らんすうP
リア充P,りあじゅうP
リア獣P,りあじゅうP
立体音響Ⅱ,りったいおんきょう2
リトルP,りとるP
リトルガール＆Sugar!!,りとるがーる＆Sugar!!
流星&Gradation,りゅうせい&Gradation
流星導線-Lead of meteor-,りゅうせいどうせん-Lead of meteor-
涼介P,りょうすけP
緑茶P,りょくちゃP
涼之介P,りょのすけP
リンカリンカ Rince†Rince,りんかりんか Rince†Rince
リンの冒険 CONTINUE,りんのぼうけん CONTINUE
リーマンP,りーまんP
霊感0,れいかん0
令和記念京都大花火博覧会2019夏,れいわきねんきょうとだいはなびはくらんかい2019なつ
レインピアノ-scene♯0-,れいんぴあの-scene♯0-
歴史の人物覚えまSHOW!,れきしのじんぶつおぼえまSHOW!
レシオP,れしおP
レフティーモンスターP,れふてぃーもんすたーP
れれれP,れれれP
恋愛RECETTE,れんあいRECETTE
レン投P,れんとうP
れんぺろP,れんぺろP
牢獄P,ろうごくP
六月P,ろくがつP
炉心融解 ／ DIVELA REMIX,ろしんゆうかいDIVELAREMIX
ロックンロール交響曲第28番『温泉』,ろっくんろーるこうきょうきょくだい28ばんおんせん
「ロリPは面白くてカッコいい！」コンピ,ろりPはおもしろくてかっこいいこんぴ
ロードローラーだ!!WRYYYYYYN,ろーどろーらーだWRYYYYYYN
わかってるよ -幼馴染 LEN Side-,わかってるよ -おさななじみ LEN Side-
わかてる。@貧血少女P,わかてる@ひんけつしょうじょP
勿忘草 -Forget Me Not-,わすれなぐさ-Forget Me Not-
私 -reality-,わたし-reality-
私が100歳になっても,わたしが100さいになっても
私のStep by Step,わたしのStep by Step
私のUMA様,わたしのUMAさま
私はSmile Seeker,わたしはSmile Seeker
ワタルP,わたるP
ワン☆オポ！THE BEST OF BEST,わんおぽ THE BEST OF BEST
ワン★オポ！vol.02,わんおぽ vol.02
ワン★オポ！vol.03,わんおぽ vol.03
ワン☆オポ！vol.06,わんおぽ vol.06
ワン☆オポ！vol.07,わんおぽ vol.07
ワン☆オポ！vol.08,わんおぽ vol.08
ワン☆オポ！vol.09,わんおぽ vol.09
ワン☆オポ！vol.10,わんおぽ vol.10
ワン☆オポ！vol.11,わんおぽ vol.11
ワン☆オポ！vol.12,わんおぽ vol.12
ワン☆オポ！vol.13,わんおぽ vol.13
ワン☆オポ！vol.14,わんおぽ vol.14
ワンカップP,わんかっぷP
わんだらP,わんだらP
ワールドReトリップ,わーるどReとりっぷ
ワールドイズマイン -RIN Ver.-,わーるどいずまいんRIN Ver
ワールドイズマイン　ぼくver,わーるどいずまいん　ぼくver
ワールドエンド・WxY,わーるどえんど・WxY
ワールドワイドP,わーるどわいどP
ヲトメミクルP,をとめみくるP
ンジャメナP,んじゃめなP
ンチャP,んちゃP
＋＋＋▶▶▶13943号室,＋＋＋▶▶▶13943ごうしつ
1万円のお節が腐ってたでござる,１まんえんのおせちがくさってたでござる
