Hitobashira Alice,人柱アリス,ひとばしらありす
Roshin Yukai,炉心融解,ろしんゆうかい
Koi wa Sensou,恋は戦争,こいはせんそう
Musunde Hiraite Rasetsu to Mukuro,結ンデ開イテ羅刹ト骸,ゆいんでひらきいてらせつとむくろ
Sennen no Dokusou Ka,千年の独奏歌,ちとせのどくそうか
Ura-Omote Rabaazu,裏表ラバーズ,うらおもてらばーず
Watashi ga Aishita Geisha Girl,私が愛したゲイシャガール,わたしがあいしたげいしゃがーる
Tsugai Kogarashi,番凩,ばんこがらし
Karakuri卍Burst,からくり卍ばーすと,からくりまんじばーすと
Yomi Zakura,黄泉桜,よみさくら
Norainu Shissou Biyori,野良犬疾走日和,のらいぬしっそうひより
Akahitoha,紅一葉,べにいちよう
Yami no Dance Site,闇のダンスサイト,やみのだんすさいと
Yowamushi Montblanc,弱虫モンブラン,よわむしもんぶらん
Kagamine Len no Bousou,鏡音レンの暴走,かがみねれんのぼうそう
Houseki to Nazo to Princess,''宝石と謎とプリンセス'',ほうせきとなぞとぷりんせす
Reinou Shoujo no Hanei to Suitai,霊能少女の繁栄と衰退,れいのうしょうじょのはんえいとすいたい
Anchikurorobenzen (Jouzai-kei Sennou Songu),アンチクロロベンゼン'''【浄罪系洗脳ソング】,あんちくろろべんぜんじょうざいけいせんのうそんぐ
Saiaku no Kaanibaru,最悪のカーニバル,さいあくのかーにばる
Maajan Chuudoku,麻雀中毒,まーじゃんちゅうどく
Utakata no Gensou,泡沫ノ幻想,ほうまつのげんそう
↑Jinsei Geemu↓,↑人生ゲーム↓,じんせいげーむ
Tousou Romantic,逃走ロマンティック,とうそうろまんてぃっく
Parajikurorobenzen (Hakai-kei Sennou Songu),パラジクロロベンゼン'''【破壊系洗脳ソング】,ぱらじくろろべんぜんはかいけいせんのうそんぐ
Boku wo Sonna Me de Minaide,僕をそんな目で見ないで,ぼくをそんなめでみないで
Kakokyuu Dance,過呼吸ダンス,かこきゅうだんす
Ryuu no Naku Hakoniwa Yori,龍ノ啼ク箱庭拠り,りゅうの啼くはこにわより
Benzen (Iyashi-kei Sennou Songu),ベンゼン'''【癒し系洗脳ソング】,べんぜんいやしけいせんのうそんぐ
Seishun Heroo Waaku,青春ハローワーク,せいしゅんはろーわーく
Kurai Mori no Circus,暗い森のサーカス,くらいもりのさーかす
Kurikaeshi Hitotsubu,繰り返し一粒,くりかえしいちつぶ
Nitorobenzen (Minzoku-kei Sennou Songu),ニトロベンゼン'''【民族系洗脳ソング】,にとろべんぜんみんぞくけいせんのうそんぐ
Shoujo Noir Aruiwa Akutoku no Sakae,少女ノワールあるいは悪徳の栄え,しょうじょのわーるあるいはあくとくのさかえ
Kyoufu Gaaden,恐怖ガーデン,きょうふがーでん
Netoge Haijin Sprechchor,ネトゲ廃人シュプレヒコール,ねとげはいじんしゅぷれひこーる
Toruen (Nazotoki-kei Sennou Song),トルエン'''【謎解系洗脳ソング】,とるえんなぞかいけいせんのうそんぐ
Rin Len Uchuu Touzokudan,リンレン宇宙盗賊団,りんれんうちゅうとうぞくだん
Kodoku≒Egoism,孤独≒エゴイズム,こどくえごいずむ
Tsunde Renka,ツンデ恋歌,つんでこいうた
Amanojaku,天ノ弱,てんのじゃく
Ookami wa Akazukin ni Koi wo Shita,おおかみは赤ずきんに恋をした,おおかみはあかずきんにこいをした
Tsuki to Mogaribue no Insomunia,月と虎落笛のインソムニア,つきととらおちふえのいんそむにあ
Tengaku,天樂,てんらく
Ore no Roodo Rooraa da!,俺のロードローラーだッ!,おれのろーどろーらーだっ
Uta ni Katachi wa Nai Keredo,歌に形はないけれど,うたにかたちはないけれど
Hoshikuzu Utopia,星屑ユートピア,ほしくずゆーとぴあ
Himitsu ~Kuro no Chikai~,秘蜜ー黒の誓いー,ひみつーくろのちかいー
Hannya Shingyou,般若心経,はんにゃしんきょう
Konayuki,粉雪,こゆき
Shinkai Shiti Andaaguraundo,深海シティアンダーグラウンド,ふかうみしてぃあんだーぐらうんど
Nisoku Hokou,二息歩行,にいきほこう
Taketori Oobaanaito Senseeshon,竹取オーバーナイトセンセーション,たけとおーばーないとせんせーしょん
Shinkai Shoujo,深海少女,ふかうみしょうじょ
Tsurugi to Mahou no Fantajia,剣と魔法のファンタジア,けんとまほうのふぁんたじあ
Renai Yuusha,恋愛勇者,れんあいゆうしゃ
Akujiki Musume Conchita,悪食娘コンチータ,あくじきむすめこんちーた
Hikyou Sentai Urotander,卑怯戦隊うろたんだー,ひきょうせんたいうろたんだー
Karakuri Sanka,絡繰賛歌,絡繰さんか
Deku Junka,木偶殉歌,でくじゅんうた
Tsuki-Yuki-Hana,月雪花,つきゆきはな
Roku-chou Nen to Ichiya Monogatari,六兆年と一夜物語,ろくちょうねんといちやものがたり
Warui Koto wa Shicha Ikenai yo,悪いことはしちゃいけないよ,わるいことはしちゃいけないよ
Nenchaku-kei Danshi no 15-nen Nechinechi,粘着系男子の15年ネチネチ,ねんちゃくけいだんしのじゅうごねんねちねち
Hametsu no Yokan to Ecstasy,破滅の予感とエクスタシー,はめつのよかんとえくすたしー
Jikon no Youyou Kono Keikou ni Ari,爾今の洋洋この蛍光にあり,しかいまのようようこのけいこうにあり
Hatsune Miku no Gekishou,初音ミクの激唱,はつねみくのげきうた
Nante Midara na Shiikensaa da,なんて淫らなシーケンサーだ,なんてみだらなしーけんさーだ
Tsukihane,月翅,つきつばさ
Kusaregedo to Chokoreito,腐れ外道とチョコレゐト,くされげどうとちょこれゐと
Haitoku Garasu Wall,背徳硝子ウォール,はいとくがらすうぉーる
Ringo Uri no Utakata Shoujo,林檎売りの泡沫少女,りんごうりのほうまつしょうじょ
Noushou Sakuretsu Gaaru,脳漿炸裂ガール,のうしょうさくれつがーる
Kanata ni Mau wa Sakura no Sennritsu,彼方に舞うは桜の旋律,かなたにまうはさくらのせんりつ
Ki ni Naru Aitsu wa Kaijuu Shounen,気になるあいつは怪獣少年,きになるあいつはかいじゅうしょうねん
Yobanashi Diseibu,夜咄ディセイブ,よるはなしでぃせいぶ
Junjou Skirt,純情スカート,じゅんじょうすかーと
Setsugetsuka,"""紲月歌""",きずなつきか
Toukyou Dennou Tantei Dan,東京電脳探偵団,とうきょうでんのうたんていだん
Shoudou x Pandemonikusu,衝動×パンデモニクス,しょうどうかけるぱんでもにくす
Hare Hare Nooto,晴れ晴れノート,はればれのーと
Meisou Rhapsody,迷走ラプソディ,めいそうらぷそでぃ
Houkago Stride,放課後ストライド,ほうかごすとらいど
Mukiryoku Coup d'État,無気力クーデター,むきりょくくーでたー
Rosuto Wan no Goukoku,ロストワンの号哭,ろすとわんのごう哭
Miku Miku-kin ni Gochuui♪,みくみく菌にご注意♪,みくみくきんにごちゅうい
Adagaeshi Shindoroomu,仇返しシンドローム,きゅうがえししんどろーむ
Honto wa Wakatteru,ほんとは分かってる,ほんとはわかってる
Kogane no Seiya Sousetsu ni Kuchite,金の聖夜霜雪に朽ちて,きんのせいやそうせつにくちて
Hau Tuu Sekai Seifuku,ハウトゥー世界征服,はうとぅーせかいせいふく
Kohaku Iro no Kaze,琥珀色の風,こはくしょくのかぜ
Watashi wa Ningen ja Nai kara.,私は人間じゃないから.,わたしはにんげんじゃないから
Gensou Satisufakushon,幻奏サティスファクション,まぼろしそうさてぃすふぁくしょん
Hitorinbo Envii,独りんぼエンヴィー,ひとりんぼえんゔぃー
Hetakuso Yuutopia Seisaku,へたくそユートピア政策,へたくそゆーとぴあせいさく
Bakumatsu Rōman,幕末浪漫,ばくまつろうまん
Enbizaka no Shitateya,円尾坂の仕立屋,まるおざかのしたてや
Uchouten Vivace,有頂天ビバーチェ,うちょうてんびばーちぇ
Shoujo Jishouheki,少女自傷癖,しょうじょじしょうくせ
Rimiteru Kankaku Shonen,リミテル感覚少年,りみてるかんかくしょうねん
"Kodama, Hekikai, Nayuta wo Misadamu Aglaophonos no Shihen",谺、碧海、那由多を見定むアグラフォノスの詩篇,こだまへきかいなゆたをみさだめむあぐらふぉのすのしへん
Rokushouiro no Yuuutsu,緑青色の憂鬱,ろくしょうしょくのゆううつ
Higurashi Moratorium,茅蜩モラトリアム,ひぐらしもらとりあむ
Nakimushi Pierrot,泣き虫ピエロ,なきむしぴえろ
Yume Maboroshi,夢幻,むげん
Heart ni Hi o Tsukete,ハートに火をつけて,はーとにひをつけて
Shounen Shoujo Moratorium Survive,少年少女モラトリアムサヴァイヴ,しょうねんしょうじょもらとりあむさゔぁいゔ
Muchuu o Oyogedo,霧中を泳げど,むちゅうをおよげど
Seisou Bakuretsu Boy,聖槍爆裂ボーイ,せいそうばくれつぼーい
Kon'nyaku Jelly wo Taberu to Shinimasu,蒟蒻ゼリーを食べると死にます,こんにゃくぜりーをたべるとしにます
Maji de Oko da yo? Atashi Machigattenai,マジでぉこだょ?ァたし間違ってなぃ,まじでぉこだょぁたしまちがってない
Hoppu! Steppu! Sokushi! Shiawase Dansu Desutorappu,ホップ!ステップ!即死!シアワセダンスデストラップ,ほっぷすてっぷそくししあわせだんすですとらっぷ
Sekai Jumyou to Saigo no Ichinichi,世界寿命と最後の一日,せかいじゅみょうとさいごのひといち
Kimi wa Dekinai Ko,君はできない子,きみはできないこ
Toripuru Baka,驫麤ーとりぷるばかー,驫麤ーとりぷるばかー
Kemu ni make!,煙に巻けッ!,けむりにまけっ
Harenochi Mearii Jeen nite,晴れのちメアリージェーンにて,はれのちめありーじぇーんにて
Moyashi Onna,もやし女,もやしおんな
"Ei wa Sodachi, Boku wa Puropoozu ni Tetsu wo Mageru",エイは育ち、僕はプロポーズに鉄を曲げる,えいはそだちぼくはぷろぽーずにてつをまげる
Raise de Aimashou ~Kyou Ai Kaihatsu Koodoneemu Sekigahara~,来世デ逢イマショウ ー狂愛開発コードネーム関ヶ原ー,らいせで逢いましょうーきょうあいかいはつこーどねーむせきがはらー
Chototsu Moushin Girl,猪突猛進ガール,ちょとつもうしんがーる
Kumoito Monopoly,蜘蛛糸モノポリー,くもいとものぽりー
Majo Salmhofer no Toubou,魔女ザルムホーファーの逃亡,まじょざるむほーふぁーのとうぼう
Ie ni Kaeru to Shiranai Hito Shinda Furi wo Shiteimasu.,家に帰ると知らない人死んだふりをしています。,いえにかえるとしらないひとじにんだふりをしています
Twee-Box no Ningyou Gekijou,トゥイー・ボックスの人形劇場,とぅいーぼっくすのにんぎょうげきじょう
Sekka Ryouran,雪花繚乱,ゆきはなりょうらん
Yokubo no Nigiri,欲望の握り,よくぼうのにぎり
Sekimou,赤網,あかもう
Midori Youyou,三鳥夭夭,さんとり夭夭
Shoukaki ga Dandy de Ki ga Kiku Baai,消火器がダンディーで気が利く場合,しょうかきがだんでぃーできがきくばあい
Nijigen Doriimu Fiibaa,二次元ドリームフィーバー,にじげんどりーむふぃーばー
Isshoku Sokuhatsu☆Zen Gaaru,一触即発☆禅ガール,いっしょくそくはつぜんがーる
Adult Site ga Tojirarenai,アダルトサイトが閉じられない,あだるとさいとがとじられない
Jittto Miteiru,じっっと見ている,じっっとみている
Utakata Eienchou,ウタカタ永焔鳥,うたかたひさしほのおとり
Hankyou no Baria Shiido,反鏡のバリアシード,はんかがみのばりあしーど
True Kanjou Kesson,トゥルー感情欠損,とぅるーかんじょうけっそん
Liz no Naishin Kakumei,リズの内心革命,りずのないしんかくめい
Hisekai Harmonize,否世界ハーモナイゼ,ひせかいはーもないぜ
Shirayuki Akabana,白雪赤花,しらゆきあかはな
Kyuuryuu Retoro,九龍レトロ,くーろんれとろ
Sorezore ni Jinsai ga Aru,''それぞれに人生がある'',それぞれにじんせいがある
Suki! Yuki! Maji Majikku,"""好き!雪!本気マジック""",すきゆきほんきまじっく
Jinzou Enemy,人造エネミー,じんぞうえねみー
Mayonaka no Cafe Terrasse,真夜中のカフェテラス,まよなかのかふぇてらす
Kotonoha Karma,言ノ葉カルマ,ことのはかるま
Kokoronashi,心做し,こころ做し
Watashi no Kare wa Sengoku Bushou,私の彼は戦国武将,わたしのかれはせんごくぶしょう
Sekiranun Graffiti,積乱雲グラフィティ,せきらんうんぐらふぃてぃ
Boku no Subete Kimi e no Subete,僕のすべて君へのすべて,ぼくのすべてくんへのすべて
Toukyou Kyasutaa,東京キャスター,とうきょうきゃすたー
Dokusen'yoku,毒占欲,どくうらないよく
Ojama Mushi,おじゃま虫,おじゃまちゅう
Nyanmoku no Ryoukai,ニャン黙の了解,にゃんだまのりょうかい
Sakura Fubiki,桜吹雪,さくらふぶき
Higai Mousou Keitai Joshi (Wara),被害妄想携帯女子(笑),ひがいもうそうけいたいじょしえみ
Wandaarando to Hitsuji no Uta,ワンダーランドと羊の歌,わんだーらんどとひつじのうた
Kaitou Kuro Neko Chatnoir,怪盗黒猫シャノアール,かいとうくろねこしゃのあーる
Tengoku e Ikou,天国へ行こう,てんごくへいこう
Natsu ni Sarishi Kimi o Omofu,夏に去りし君を想フ,なつにさりしきみをそうふ
Uso to Diamond,嘘とダイヤモンド,うそとだいやもんど
Idol o Sakase,アイドルを咲かせ,あいどるをさかせ
Hoshizora no Gosenfu,星宙の五線譜,としひろのごせんふ
Same no Shitai wo Toukisuru dake no Kantan na O-shigoto desu,サメの死体を投棄するだけの簡単なお仕事です,さめのしたいをとうきするだけのかんたんなおしごとです
Kuusou Shoujo e no Koitegami,空想少女への恋手紙,くうそうしょうじょへのこいてがみ
Seeraafuku ga Daikirai,セーラー服が大嫌い,せーらーふくがだいきらい
Aimai na Reversi,曖昧なリバーシ,あいまいなりばーし
Bitamin Busoku,ビタミン不足,びたみんふそく
Kimi to Mahou no Monogatari o,君と魔法の物語を,きみとまほうのものがたりを
Kakusei Torigaa,覚醒トリガー,かくせいとりがー
Yami Iro Alice,闇色アリス,やみしょくありす
Senshuu Ichiya,千秋一夜,ちあきかずよ
Souka Hyakkei,想歌百景,そうひやつけい
Tawagoto Speaker,戯言スピーカー,たわごとすぴーかー
Koko ni Kimi ga Inai Nara,ここに君がいないなら,ここにくんがいないなら
Bikutorii Zenkai ☆ Otome Haato,ビクトリー全快☆乙女ハート,びくとりーぜんかいおとめはーと
Kowase Kowase,壊セ壊セ,壊せ壊せ
Nurebairo,濡レ羽色,ぬれわしょく
Toumei Elegy,透明エレジー,とうめいえれじー
Hoshizora no Lion,星空のライオン,ほしぞらのらいおん
Tohoku Zunko no Zundoko Bushi,東北ずん子のズンドコ節,とうほくずんこのずんどこぶし
Koi wa Kitto Kyuujoushou☆,恋はきっと急上昇☆,こいはきっときゅうじょうしょう
Tsukiakari -Tsukiakari-,月陽-ツキアカリ-,つきひつきあかり
Soshite Kimi wa Tsuki ni Natta,そして君は月になった,そしてきみはつきになった
Miruku Ichikoreeto Zerii no Tsukurikata,ミルクイチコレートゼリーの作り方,みるくいちこれーとぜりーのつくりかた
Karakasa-san ga Tooru,唐傘さんが通る,とうかささんがとおる
Tsuki Kage Mai Ka,月・影・舞・華,つきかげまいはな
Koi wa Kimagure Illusion!!,恋は気まぐれイリュージョン!!,こいはきまぐれいりゅーじょん
Hadaka no Joou-sama,ハダカの女王様,はだかのじょおうさま
Kimi no Koe ga Kikoeru yo,きみの声がきこえるよ,きみのごえがきこえるよ
Sono Maou wa Marude Koisuru Otome no You ni,その魔王はまるで恋する乙女のように,そのまおうはまるでこいするおとめのように
Keikotou,蛍光灯,けいこうとう
Harukaze Morphing,春風モーフィング,しゅんぷうもーふぃんぐ
Baka wa Anomaly ni Akogareru,馬鹿はアノマリーに憧れる,ばかはあのまりーにあこがれる
Sekai wa Koi ni Ochiteiru,"""世界は恋に落ちている""",せかいはこいにおちている
Kakure Otaku de Gomennasai,隠れオタクでごめんなさい,かくれおたくでごめんなさい
Birōdo Arabesuku,天鵞絨アラベスク,びろうどあらべすく
Mugen no Synapse,無限のシナプス,むげんのしなぷす
Nemesis no Juukou,ネメシスの銃口,ねめしすのじゅうこう
Saigo no Revolver,最後のリボルバー,さいごのりぼるばー
Kanbanmusume no Warufuzake,看板娘の悪巫山戯,かんばんむすめのあくふざけ
Sono Ichibyou Suroo Mooshon,その一秒 スローモーション,そのいちびょうすろーもーしょん
Hinekuremono,ひねくれ者,ひねくれしゃ
Shinkai Summit,心壊サミット,こころ壊さみっと
Taimu Mashin,タイム真心,たいむまごころ
Kouya to Mori to Mahou no Uta,荒野と森と魔法の歌,あらのともりとまほうのうた
Inaiinai Izonshou,イナイイナイ依存症,いないいないいそんしょう
Ryuusen Kuraizu,流線クライズ,ながれせんくらいず
Inochi no Yuusutitia,命のユースティティア,いのちのゆーすてぃてぃあ
Shanowaaru no Bouken Sho,シャノワールの冒険書,しゃのわーるのぼうけんしょ
Shinzou Demokurashii,心臓デモクラシー,しんぞうでもくらしー
Namida wa Sora ni Furu,涙は宇宙に降る,なみだはうちゅうにふる
"Hitohira, Harari.",一片、はらり。,いっぺんはらり
Watashi Rice Teishoku Tabe ni Kita,わたしライス定食たべにきた,わたしらいすていしょくたべにきた
Davinci no Kokuhaku,ダヴィンチの告白,だゔぃんちのこくはく
Chiisana Sanagi wa Mayu no Naka,小さな蛹は繭の中,ちいさなさなぎはまゆのなか
Goojasu Biggu Taidan,ゴージャスビッグ対談,ごーじゃすびっぐたいだん
Izayoi Seeing,十六夜シーイング,いざよいしーいんぐ
Meikyou Oni Warabe,明鏡鬼童,めいきょうおんどう
Haruka Kanata e,遥か彼方へ,はるかかなたへ
300 Pun Toraberu,300分トラベル,ふんとらべる
Sakasama Reinbō,逆さまレインボー,さかさまれいんぼー
Nounai Kakumei Gaaru,脳内革命ガール,のうないかくめいがーる
Romaji: Ima Suki ni Naru.,今好きになる。,こんすきになる
Garakuta Innocence,我楽多イノセンス,がらくおおいのせんす
Monogatari wa Chitta Ato ni,物語は散った後に,ものがたりはちったのちに
Hakkoutai no Rudy,発光体のルーディ,はっこうたいのるーでぃ
Yume no Tsuzuki,夢の続き,ゆめのつづき
Goumontou wa Nemuranai,拷問塔は眠らない,ごうもんとうはねむらない
Jigen Chouyaku Shanpuu Hatto,次元跳躍シャンプーハット,じげんちょうやくしゃんぷーはっと
Kon'ya ga Supankii,今夜がスパンキー,こんやがすぱんきー
Ike Renka,イケ恋歌,いけこいうた
Jiko Ken-o,自己嫌悪,じこけんお
Sandosukureipā -Sabaku no Tokkyuusen-,サンドスクレイパー -砂漠の特急線-,さんどすくれいぱーさばくのとっきゅうせん
O☆niishite Nani ga Warui no!,オ☆ニーして何が悪いの!,おにーしてなにがわるいの
Paakaa Kita Kyara wa Dou Kangaete mo Kagepuro no Pakuri,パーカー着たキャラはどう考えてもカゲプロのパクリ,ぱーかーきたきゃらはどうかんがえてもかげぷろのぱくり
Acchi Kocchi,彼方此方,かなたこのかた
Miketsu no Matsuri,御饌津の祭,ご饌津のまつり
Shounen wa Kyoushitsu ga Kirai datta no da,少年は教室がきらいだったのだ,しょうねんはきょうしつがきらいだったのだ
Ama Yume Rou,雨夢楼,あめゆめろう
Futairo,双色,そうしょく
Sakanagurashi,サカナ暮らし,さかなくらし
Kyoukaisen wa Orenji,境界線はオレンジ,きょうかいせんはおれんじ
Sono Kuchibiru wa Biyakunari,その唇は媚薬なり,そのくちびるはびやくなり
Ashita ni Nareba Mata Tsuzuku,明日になればまた続く,あしたになればまたつづく
Sajou no Yume Kui Shoujo,沙上の夢喰い少女,いさごじょうのゆめくいしょうじょ
Otogibanashi,音偽バナシ,おとにせばなし
Shin'on no Tokeitou,針音ノ時計塔,はりおんのとけいとう
Hayate,疾風,しっぷう
Soukyoku-sei Torankiraizaa,双極性トランキライザー,そうきょくせいとらんきらいざー
Kodoku no Bannin,孤独の番人,こどくのばんにん
Ukareta Daigakusei wa Shine,浮かれた大学生は死ね,うかれただいがくせいはしね
Yume no Akuma,夢の惡魔,ゆめの惡魔
Yurufuwa Jukai Gaaru,ゆるふわ樹海ガール,ゆるふわじゅかいがーる
Kimi wa Inase na Gaaru,君はいなせなガール,きみはいなせながーる
Tokiwasurebito,時忘人,とき忘人
Onamae,御名前,ごなまえ
Mazu no Bouryaku Fikusaazu,魔都の謀略フィクサーズ,まとのぼうりゃくふぃくさーず
Nibiirozora ni Hanafubuki,鈍色空に花吹雪,にぶいろそらにはなふぶき
Ano Ko wa Ryuu ni Au,あの子は竜に逢う,あのこはりゅうにあう
Batsu Geemu,罰ゲーム,ばつげーむ
Dennou Kyou Ai Gaaru,電脳狂愛ガール,でんのうきょうあいがーる
Uta,詩,し
Unrequited Love Samba,片想いサンバ,かたおもいさんば
Paretto ni wa Kimi ga Ippai,パレットには君がいっぱい,ぱれっとにはきみがいっぱい
Kaitou・Kubozono Chiyoko wa Zettai Misuranai,怪盗・窪園チヨコは絶対ミスらない,かいとうくぼぞのちよこはぜったいみすらない
Chitei-jin ga Miseta Batsugun Seikatsu-kan,地底人が見せた抜群の生活感,ちていじんがみせたばつぐんのせいかつかん
Akai Kutsu no Pareedo,赤い靴のパレード,あかいくつのぱれーど
Nishi e Iku,西へ行く,にしへいく
Mase Renka,マセ恋歌,ませこいうた
Yooguruto Shoujo,優酪乳少女,ゆう酪乳しょうじょ
Chikemuri Ryojo Inmoraru Teisuto,血煙旅情インモラルテヰスト,ちけむりりょじょういんもらるてゐすと
Koi Nooto////,恋ノート////,こいのーと
Kyoto Dagashiya Sensou,京都ダ菓子屋センソー,きょうとだかしやせんそー
"Ureshii, Tanoshii, Shiawase Kaanibaru.",嬉しい、楽しい、幸せカーニバル。,うれしいたのしいしあわせかーにばる
Bakusai Purin,爆砕プリン,爆砕ぷりん
Tonchinkan no En,頓珍漢の宴,とんちんかんのうたげ
Aiyoku no Purizunaa,愛欲のプリズナー,あいよくのぷりずなー
Dekiwaku,溺惑,溺惑
Tokyo Riaru Waarudo,東 京 リ ア ル ワ ー ル ド,ひがしきょうりあるわーるど
Kurisutiine no Shashin,クリスティーネの写真 ,くりすてぃーねのしゃしん
Boukoku no Nemesis,亡国のネメシス,ぼうこくのねめしす
Kamuiyou,神居謡,かむいうたい
Shakai Shugi★Darin,社会主義★だーりんっ,しゃかいしゅぎだーりんっ
Omamori,御守,おんもり
Mishiranu Hito no Tame no Waltz,見知らぬ人のためのワルツ,みしらぬひとのためのわるつ
Nanakorobiyaoki Sennen no Tabi,七転び八起き千年の旅,ななころびやおきちとせのたび
Sennen Time Capsule,1000年タイムカプセル,せんねんたいむかぷせる
Kaitou Piitaa & Jenii,怪盗ピーター&ジェニイ,かいとうぴーたーじぇにい
Kouhaku Manjusha Uta,紅白曼珠沙歌,べにはくまんみさうた
Mahō Shōjo Rajikaru Peinto,魔法少女ラジカルペイント,まほうしょうじょらじかるぺいんと
Kurasuruumu no Boukan-sha,クラスルームの傍観者,くらするーむのぼうかんしゃ
Kuusou Ressha,空奏列車,そらそうれっしゃ
Daisoushi,大宗師,たいそうし
Homura Hime,焔姫,ほのおひめ
Monkii Dansu no Sennou Jutsu,モンキーダンスの洗脳術,もんきーだんすのせんのうじゅつ
Gosenfu no Ura no Love Letter,五線譜の裏のラブレター',ごせんふのうらのらぶれたー
Analoguma no Uta,アナロ熊のうた,あなろぐまのうた
Mistletoe ~Tamashii no Yadorigi~,ミスルトウー魂の宿り木ー,みするとうーたましいのやどりぎー
Seimeitsuki Dacchiwaifu,生命付ダッチワイフ,せいめいづけだっちわいふ
Hoshi ni Dakarete,星に抱かれて,ほしにいだかれて
Asa Iro no Kami Hikouki,朝色の紙飛行機,ちょうしょくのかみひこうき
Miku-chan no Tezukuri Shinfonia,ミクちゃんの手作りシンフォニア,みくちゃんのてづくりしんふぉにあ
Shopan to Kouri no Hakken,ショパンと氷の白鍵,しょぱんとこおりのしろかぎ
Yumekake Uta,夢懸歌,ゆめかかうた
Onii-san wa Shinpaishou,お兄さんは心配性,おにいさんはしんぱいせい
"Matsuri da, Hey C'mon",祭りだヘイカモン,まつりだへいかもん
"Kono Fuzaketa Subarashiki Sekai wa, Boku no Tame ni Aru",このふざけた素晴らしき世界は、僕の為にある,このふざけたすばらしきせかいはぼくのためにある
Haijitsu,廃日,はいび
Kouon Chuu On'iki Tesuto,高音厨音域テスト,たかねくりやおんいきてすと
Limelight wa Chi o Aruku,ライムライトは地を歩く,らいむらいとはちをあるく
Kakeochi Cycle,駆け落ちサイクル,かけおちさいくる
Chuubyou Gekihatsu Boy,厨病激発ボーイ,ちゅうびょうげきはつぼーい
Pari Eiga Shoujo,巴里映画少女,はりえいがしょうじょ
Sono Kuchibiru wa Shouwaru nari,その唇は性悪なり,そのくちびるはしょうわるなり
Sherbet Blue no Kaze,シャーベットブルーの風,しゃーべっとぶるーのかぜ
Oni Mikage Enbu Kyou-Kitsune no Yomeiri-,鬼美影演舞狂-狐ノ嫁入リ-,おにみえいえんぶきょうきつねのよめいり
Tousou Honnou,逃走本能,とうそうほんのう
"Towa ni Tsuzuku Gosenfu - You'll see the sign, and realize your sin.",永久に続く五線譜,えいきゅうにつづくごせんふ
"Toaru Shoufu no Koi - Yes, We are the Opium Prostitutes!",とある娼婦の恋,とあるしょうふのこい
Omaan Ko,オマーン湖,おまーんこ
Ryuu Ten ni Noboru,龍天に登る,りゆうてんにのぼる
Higen no Bara,緋弦の薔薇,ひづるのばら
Akatsuki Zukuyo - Akatsuki Zukuyo -,"暁月夜-アカツキヅクヨ-""",あかつきつきよあかつきづくよ
Luna ~Umi no Yousei~,ルナ ー海の妖精ー,るなーうみのようせいー
Akai Mi Hajiketa,赤い実はじけた,あかいじつはじけた
Kimi no Merodii,君のメロディー,きみのめろでぃー
Mistletoe ~Tensei no Yadorigi~,ミスルトウー転生の宿り木ー,みするとうーてんせいのやどりぎー
Kimi e no Sasameki,君へのささめき,きみへのささめき
Setsugetsuka,刹月華,刹月はな
Kindan no Ruuretto,禁断のルーレット,きんだんのるーれっと
Bankan Ginyuu,万感吟遊,ばんかんぎんゆう
Kurenai no Hana,紅の花,べにのはな
Harukaze,春風,しゅんぷう
Sakurazukiyo,桜月夜,さくらつきよ
Anata o Matou,あなたを待とう,あなたをまとう
Anata ni Hana o Watashi ni Uta o,貴方に花を 私に唄を,あなたにはなをわたしにうたを
Shigoto ni Ikitakunai Blues,仕事に行きたくないブルース,しごとにいきたくないぶるーす
Konya mo Sefusefu,今夜もセフセフ,こんやもせふせふ
Jouren Patishiee,常連パティシエー,じょうれんぱてぃしえー
Kuusou Teien Izonshou,空想庭園依存症,くうそうていえんいそんしょう
Sekai o Kowashiteiru,世界を壊している,せかいをこわしている
Heta Renka,ヘタ恋歌,へたこいうた
Goumou Haato,剛毛ハート,ごうもうはーと
Kutsu o Awaseru Koto,靴を合わせること,くつをあわせること
Yasagu Renka,ヤサグ恋歌,やさぐこいうた
Tsubomizakura,蕾桜 -ツボミザクラ-,つぼみさくらつぼみざくら
Usotsuki Shinduroomu,嘘吐きシンドローム,うそつきしんどろーむ
Owakare Bayashi,お別れ囃子,おわかれはやし
Mebae,芽生,めむ
Endorooru ni Boku no Namae o Irenaide,エンドロールに僕の名前をいれないで,えんどろーるにぼくのなまえをいれないで
Oshi Botan Shiki Densha wa Tsumetaku Atatakai,押し釦式電車は冷たく温かい,おしぼたんしきでんしゃはつめたくあたたかい
Miimiru no Hana,ミーミルの花,みーみるのはな
Gyakuzai Koushinkyoku,逆罪行進曲,ぎゃくつみこうしんきょく
Ouka Ryouran,桜花繚乱,さくらばなりょうらん
Tsugihagi Sandoku,ツギハギ惨毒,つぎはぎむごどく
Natsu to Rouka to Hanabatake,夏と廊下と花畑,なつとろうかとはなはた
2 Choume Blues ~Anta Atai no Nannanosa...~,2丁目ブルースーあんたあたいの何なのさ...ー,にちょうめぶるーすーあんたあたいのなになのさー
Plateau no Hana,プラトーの花,ぷらとーのはな
Glassred no Shouzou,グラスレッドの肖像,ぐらすれっどのしょうぞう
Ryuusen Purizumu,流線プリズム,ながれせんぷりずむ
Kimi o Sagasu Sora,君を捜す空,きみをさがすそら
Hoshi no Note,星のノート,ほしののーと
"Hakushiki de Aru ga Yue, Kyouki",博識であるが故、狂気,はくしきであるがこきょうき
Gekkou Stage,月光ステージ,げっこうすてーじ
Bokura o Miteita,僕らを見ていた,ぼくらをみていた
Madoushi Futari Tabi ~Chouheki to Bannin~,魔道師二人旅ー長壁と番人ー,まどうしふたりたびーおさかべとばんにんー
Neji to Haguruma to Pride,ネジと歯車とプライド,ねじとはぐるまとぷらいど
Hoshi Meguri no Waltz,星巡りのワルツ,ほしめぐりのわるつ
Yumezakura ,夢桜,ゆめさくら
Bannin to Kama,番人と鎌,ばんにんとかま
Garasuiro no Airisu,硝子色のアイリス,がらすしょくのあいりす
Shinwairo no Misuterii,神話色のミステリイ,しんわしょくのみすてりい
Aijou Raison D'étre,愛情レゾンデートル,あいじょうれぞんでーとる
Fushigi no Kuni no Alice,不思議の国のアリス,ふしぎのくにのありす
Midori no Tsuki,碧ノ月,へきのつき
Yami Hime,病姫,やまいひめ
Haijin Chekku,廃人チェック,はいじんちぇっく
Karakurishi to Midori,絡繰師と碧,絡繰しとへき
Hi no Hanaga,火ノ花香,ひのはなか
Boku ga Monsutaa ni Natta Hi,僕がモンスターになった日,ぼくがもんすたーになったひ
Shuumatsu Kan'nushi★Norito Gaaru,週末神主★祝詞ガール,しゅうまつかんぬしのりとがーる
Toki no Orugooru,時のオルゴール,ときのおるごーる
Chuuzuri Danshingu,宙吊りダンシング,ちゅうづりだんしんぐ
Hoshizora to Yuki no Budoukai,星空と雪の舞踏会,ほしぞらとゆきのぶとうかい
Purin Insyo,プリン飲すょ,ぷりんいんすょ
Bunpou ShoujoΦRirika,文法少女Φリリカ,ぶんぽうしょうじょふぁいりりか
Shinshoku Doguman,心蝕ドグマ,こころ蝕どぐま
Owaranai Pareedo,終わらないパレード,おわらないぱれーど
Mukuchi na Kimi e,無口な君へ,むくちなきみへ
Kyoretsu na Iro,強烈な色,きょうれつないろ
Imouto Puri~zu!,妹プリーズ!,いもうとぷりーず
Shuumatsu no Myuutorogia,終末のミュートロギア,しゅうまつのみゅーとろぎあ
Kirisaki Sachiko wa Yonaga ni Warau,切裂サチコは夜長に笑う,せつ裂さちこはよながにわらう
Shoujo wa Yoru to Azayaka ni,少女は夜と鮮やかに,しょうじょはよるとあざやかに
Shimizu Motsu Karee no Uta,清水もつカレーのうた,しみずもつかれーのうた
Yuien Sakura Shou,結遠桜抄,ゆいとおさくらしょう
Romaji: Boufu Hakurei no Sugata wa Shibomeru Hana no Youni Iro Noute,亡婦魄霊の姿は凋める花の様に色無うて,なふ魄霊のすがたはしぼめるはなのようにいろなうて
Sekai ni Kirawareta Love Song,世界に嫌われたラブソング,せかいにきらわれたらぶそんぐ
Shishunki ♥ Senseeshon,思春期♥センセーション,ししゅんきはーとせんせーしょん
Kuishinbou no Rhapsody,食いしん坊のラプソディ,くいしんぼうのらぷそでぃ
Shintoatsu,浸透圧,しんとうあつ
Seishun Omnibus,青春オムニバス,せいしゅんおむにばす
Purinsesu wa Yume no Naka,プリンセスは夢の中,ぷりんせすはゆめのなか
Shiki Toki Uta,四季刻歌,しきこくか
"Kairaku to Sougi, Mitasarenai Dinner",快楽と葬儀、満たされないディナー,かいらくとそうぎみたされないでぃなー
Koi wa Furu Surottoru!!,恋はフルスロットル!!,こいはふるすろっとる
Mikagura no Noritogoto,御神楽の詔刀言,ごかぐらのみことのりがたなげん
Kokuu Senshi Maji Supaidaa,虚空戦士マジスパイダー,こくうせんしまじすぱいだー
Arikitari Hiiroozu,在来ヒーローズ,ありきたりひーろーず
Shasou no Kanojo,車窓の彼女へ,しゃそうのかのじょへ
Kurobuchi Megane Gaaru,黒縁眼鏡ガール,くろぶちめがねがーる
Aoi Toki,蒼い時間,あおいじかん
Hazukashii no Love Song o Kimi Ni.,恥ずかしいほどのラブソングを君に。,はずかしいほどのらぶそんぐをきみに
Yoimachigoi,宵待恋,よいまちこい
"Gokusai, Senken no Sakana.",極彩、嬋娟ノ魚。,ごくいろどりせんけんのさかな
Itsuki no Otome ~Sennen no Wiegenlied~,樹の乙女ー千年のヴィーゲンリートー,きのおとめーちとせのゔぃーげんりーとー
Banjou Toshi Piano Forte,盤上都市ピアノフォルテ,ばんじょうとしぴあのふぉるて
Gyakushuu no Roodorooraa,逆襲のロードローラー,ぎゃくしゅうのろーどろーらー
Dare mo Shiranai Happi Endo,誰も知らないハッピーエンド,だれもしらないはっぴーえんど
Tsuisou no Orugooru,追想のオルゴール,ついそうのおるごーる
Namekuji to Bigazoo,蛞蝓とビガゾー,なめくじとびがぞー
"Soushuu Renbo<ref group=""note"">蘇州 in Japanese is usually pronounced as ""'''Soshuu'''"", but the author asserts ""'''Soushuu'''"".</ref>",蘇州恋慕,そしゅうれんぼ
Natsugare Blues,夏枯れブルース,なつがれぶるーす
Shuumatsu Shounen Hänsel,終末少年ヘンゼル,しゅうまつしょうねんへんぜる
Mugen Utopia,夢幻ユートピア,むげんゆーとぴあ
Santa Kuroosu no Deshi,サンタクロースの弟子,さんたくろーすのでし
Watashi Otoko to Ore Onna,私男と俺女,わたしおとことおれおんな
Anon Kanon ni Jazz o Utatte Itadakimashita,杏音鳥音にジャズを歌っていただきました,あのんかのんにじゃずをうたっていただきました
Furkanken no Niwa,フランケンの庭,ふらんけんのにわ
Ikiteru Obake wa Ikite iru,生きてるおばけは生きている,いきてるおばけはいきている
Kimi no Hou e Boku no Hou e.,君の方へ、僕の方へ。,きみのほうへぼくのほうへ
Youtei no Mori,幼帝ノ森,ようみかどのもり
Sugee App Kaihatsuchuu,すげえアプリ開発中,すげえあぷりかいはつちゅう
Soushitsu Monokuroomu,喪失モノクローム,そうしつものくろーむ
Tasogare,誰そ彼,だれそかれ
Mattaku Mi ni Naranai Songu,全く身にならないソング,ぜんくみにならないそんぐ
Omae to Iu Na no Monogatari wa Namida de Yogorechimatteru,お前という名の物語は泪で汚れちまってる,おまえというなのものがたりはなみだでよごれちまってる
Sono Na o Kuchi ni Suru,其の名を口にする,そのなをくちにする
Samishii Nettaigyo,淋しい熱帯魚,さびしいねったいぎょ
Soshite Shoujo wa Kurui Dashita -Shuumatsu Tsukiyo Shou-,そして少女は狂いだした -終末月夜抄-,そしてしょうじょはくるいだしたしゅうまつつきよしょう
Bariizooru no Kodomo wa Hitorikko,バリーゾールの子供は一人っ子,ばりーぞーるのこどもはひとりっこ
Kazoe Kirenai Hoshi wa,数えきれない星は,かぞえきれないぼしは
Ruuju no Dengon,ルージュの伝言,るーじゅのでんごん
Kubitsuribito no Ki to Futari no Otoko,首吊り人の樹と二人の男,くびつりじんのきとふたりのおとこ
Gomennasai wo Ieru Kana,ごめんなさいを言えるかな,ごめんなさいをいえるかな
Hon o Tojireba,本を閉じれば,ほんをとじれば
Gekkou Tootaru Ikuripusu,月光トータルイクリプス,げっこうとーたるいくりぷす
Boku wa Oppai Seijin,僕はおっぱい星人,ぼくはおっぱいせいじん
Ima wo Ikiru Boku e,今を生きる僕へ,いまをいきるぼくへ
Ruri-iro Ginga,瑠璃色銀河,るりいろぎんが
Kirisaku Shijima,切り裂く静寂,きりさくせいじゃく
Tasogare Iro no Kioku,たそがれ色の記憶,たそがれしょくのきおく
Onna no Ko no Skirt ga Totsuzen Mekuretari Shinai ka naa,女の子のスカートが突然めくれたりしないかなあ,おんなのこのすかーとがとつぜんめくれたりしないかなあ
Himeyuri Enbukyo,姫百合演舞京,ひめゆりえんぶきょう
Watashi to Hitotsu no Shinzou o,私ト一ツノ心臓ヲ,わたしといちつのしんぞうを
Kokuu no Hate ni,黒雨の果てに,くろうのはてに
Buraikku Jikoraizaa,無頼ック自己ライザー,ぶらいっくじこらいざー
Watashi wa Futari no Oiwai ni,私ハ二人ノオ祝イニ,わたしはににんのおいわいに
Kurisumasu Ivu no Yoru ni -Shiawase Saido-,クリスマスイヴの夜に-幸せサイド-,くりすますいゔのよるにしあわせさいど
Kurisumasu Ivu no Yoru ni -Fushiawase Saido-,クリスマスイヴの夜に -不幸せサイド-,くりすますいゔのよるにふしあわせさいど
Koi Iro Sukereton,恋色スケルトン,こいろすけるとん
Nokoru Natsu ni Hanataba o,残る夏に花束を,のこるなつにはなたばを
Hoshizora Eetaru Geizaa,星空エーテルゲイザー,ほしぞらえーてるげいざー
Getsumen no Machi,月面の街ーけ ゙つめんのまちー,げつめんのまちーけつめんのまちー
Rensou Kakudai Chokorei Horikku,恋想拡大チョコレイホリック,こいそうかくだいちょこれいほりっく
Zetsu no Goku,絶の獄,ぜっのごく
Iroha-ni-Jinseicho,いろはに人生帳,いろはにじんせいちょう
Yumemiru Makaron Gaaru,夢見るマカロンガール,ゆめみるまかろんがーる
Mirukuraun Rensa,ミルクラウン恋鎖,みるくらうんこいくさり
Machi Tsuzuketa Tegami,待ち続けた手紙,まちつづけたてがみ
Oikakekko wa Yume no Naka,追いかけっこは夢の中,おいかけっこはゆめのなか
Himitsu ~Shiro no Chikai~,秘蜜ー白の誓いー,ひみつーしろのちかいー
Himitsu ~Seisen no Chikai~,秘蜜ー聖戦の誓いー,ひみつーせいせんのちかいー
Dappou Rokku,脱法ロック,だつほうろっく
Shukufuku no Messiah to Ai no Tou,祝福のメシアとアイの塔,しゅくふくのめしあとあいのとう
Yuutousei Syndrome,優等生シンドローム,ゆうとうせいしんどろーむ
Meitei Disutooshon,酩酊ディストーション,めいていでぃすとーしょん
Eiyuu no Yoroi wa Tsune ni Akaku,英雄の鎧は常に紅く,えいゆうのよろいはつねにあかく
Danzai no Serenaata,断罪のセレナータ,だんざいのせれなーた
Rettousei Shindoroomu,劣等生シンドローム,れっとうせいしんどろーむ
Zecchou Patishieeru,絶頂パティシエール,ぜっちょうぱてぃしえーる
Akatsuki no Monoroogu,暁のモノローグ,あかつきのものろーぐ
Kannazuki no Tomurai ~Yado Shinobu no Shuukakusai~,神無月の弔いー宿怨の収穫祭ー,かんなづきのとむらいーしゅくえんのしゅうかくさいー
Mikansei Hiiroo Tan,未完成ヒーロー譚,みかんせいひーろーたん
Ishidatami no Akaki Akuma,石畳の緋き悪魔,いしだたみのひきわるま
Shinigami no Gitaa,死神のギター,しにがみのぎたー
Kumano o Utau Imayou,熊野を歌う今様,くまのをうたういまよう
Bannen,晩年,ばんねん
Ka no Ou wa Doro Yori Umareta,彼の王は泥より生まれた,かれのおうはどろよりうまれた
"Hanauta Biyori ~Souji, Sentaku, Kaji, Watashi~",ハナウタ日和 ー掃除、洗濯、家事、ワタシー,はなうたひよりーそうじせんたくかじわたしー
Setsugetsuka,雪月花,せつげっか
Shinshou Monokuroomu,心傷モノクローム,こころきずものくろーむ
Kou Renka,紅恋歌,べにこいうた
Hyakko Ryouran,百狐繚乱,ひゃくきつねりょうらん
Famima Loud Park ten ni itte Kanban Kiiro ni Shitara Okorareta,ファミマ ラウドパーク店に行って看板黄色にしたら怒られた,ふぁみまらうどぱーくてんにいってかんばんきいろにしたらおこられた
Shizakura,死桜,しさくら
Dairin no Hana,大輪の花,たいりんのはな
Gusoku Musha,愚足武者,ぐあしむしゃ
Fushigi Omocha Gangara Ding Dong,不思議玩具ガンガラディンドン,ふしぎおもちゃがんがらでぃんどん
Gekkou Junshoku Gaaru,月光潤色ガール,げっこうじゅんしょくがーる
Rensou Actress ~Karyuudo to Kemono~,連想アクトレスー狩人と獣ー,れんそうあくとれすーかりゅうどとししー
Schwartzschild Hankei,シュワルツシルト半径,しゅわるつしるとはんけい
Warau Manekin,嗤うマネキン,嗤うまねきん
Buranko Nori no Saint-Exupery,ブランコ乗りのサン=テグジュペリ,ぶらんこのりのさんてぐじゅぺり
Hoshi no Tonari no Utsukemono ~Hikoboshi~,星のとなりの空け者 ー彦星ー,ほしのとなりのあけしゃーひこぼしー
Hoshi no Tonari no Utsukemono ~Orihime~,星のとなりの空け者 ー織姫ー,ほしのとなりのあけしゃーおりひめー
Gessouya,月想夜,つきそうよる
Zenryoku Shissou Boy Meets Girl,全力疾走ボーイミーツガール,ぜんりょくしっそうぼーいみーつがーる
Misshitsu Silent,密室サイレント,みっしつさいれんと
Gokuraku Nostalgic,極楽ノスタルジック,ごくらくのすたるじっく
Midori no Kawa no Nagareru Oka ni Tatsu Jinbutsu ga Dono You na Shinjou ni Ochiitta no ka Seishinteki Bunseki o Fukumi Shissou Suru Tabi ni Utau Uta,緑の川の流れる丘に立つ人物がどの様な心情に陥ったのか精神的分析を含み疾走するたびに唄う歌,みどりのかわのながれるおかにたつじんぶつがどのようなしんじょうにおちいったのかせいしんてきぶんせきをふくみしっそうするたびにうたううた
Seo-chan Onigiri Katte Koi!,せおちゃんおにぎり買ってこい!,せおちゃんおにぎりかってこい
Hanii Jerii; Mousou Gakuen;,ハニージェリー;妄想学園;,はにーじぇりーもうそうがくえん
Sei,生,なま
Tabibito no Uta,旅人の謌,たびびとの謌
Utakata Maameido,泡沫マーメイド,ほうまつまーめいど
Ririi wa Yoru Hiraku,リリーは夜ひらく,りりーはよるひらく
Abukuhime to Ai no imi,泡姫と愛の忌み,あわひめとあいのいみ
Utsukushiki Kemono no Uta,美しき獣のうた,うつくしきししのうた
Boushuu no Étranger,忘愁のエトランゼ,忘愁のえとらんぜ
Seiran no Étranger,静嵐のエトランゼ,せいあらしのえとらんぜ
Gekkou,月紅,つきべに
Onago to wa Osoroshiki Ikimono Nari,おなごとは恐ろしき生き物なり,おなごとはおそろしきいきものなり
Gunshin Odin,軍神オーディン,ぐんしんおーでぃん
Raison D'etre no Hana,レゾンデートルの花,れぞんでーとるのはな
Haikei Dopperugengaa,拝啓ドッペルゲンガー,はいけいどっぺるげんがー
Pandemic no Souji,パンデミックの掃除,ぱんでみっくのそうじ
Otogibayashi,御伽囃子,おとぎはやし
Housenka,鳳仙花,ほうせんかはな
Domino Taoshi,ドミノ倒シ ,どみの倒し
Hoshi no Tonari no Utsukemono ~Kappa~,星のとなりの空け者 ーカッパー,ほしのとなりのあけしゃーかっぱー
Sanbyakurokujuugogatsubyou,365月病,つきびょう
Nanairo Palette,七色パレット,なないろぱれっと
(;`・ω・) Chaahan Tsukuru yo!,(;`・ω・)チャーハン作るよ!,おめがちゃーはんつくるよ
Amatsubu Wonderland,雨粒ワンダーランド,あまつぶわんだーらんど
Te o Tsunaide,手をつないで,てをつないで
Gensou Pianist,幻想ピアニスト,げんそうぴあにすと
Kuusou Waitress,空想ウェイトレス,くうそううぇいとれす
Kimi to Byebye,君とバイバイ,きみとばいばい
Yoake no Uta,夜明けの詩,よあけのし
Menya Gurotesuku,麺屋ぐろてすく,めんやぐろてすく
Kimi o Dakishimeru Tame ni Umareta,きみを抱きしめるために生まれた,きみをだきしめるためにうまれた
Jauzaa no Te o Tomose,ジャウザーの手を灯せ,じゃうざーのてをともせ
Kasei no Tart,火星のタルト,かせいのたると
Umi no Mukou e,海の向こうへ,うみのむこうへ
Namidagoe Shingaa,涙声シンガー,なみだごえしんがー
Kimi o Sagashi ni,君を探しに,きみをさがしに
Okuri Uta,おくり歌,おくりか
Yuugure Puroroogu,夕暮れプロローグ,ゆうぐれぷろろーぐ
"Ano ne... Jitsu wa Watashi, Yumemi Nemu Nanda...",あのね...実はわたし、夢眠ねむなんだ...,あのねじつはわたしゆめみねむなんだ
Haato no Shuuchou,ハートの主張,はーとのしゅちょう
Majika Nambā,魔法数字,まほうすうじ
Kawazoe Ruuzaa,川沿ルーザー,かわぞえるーざー
Koi-iro ni Sake,恋色に咲け,こいいろにさけ
Black Note ni Obore Sasete,ブラックノートに溺れさせて,ぶらっくのーとにおぼれさせて
Hoshino Kiseki,星之奇迹,せいじき迹
Akuyaku ni Kisu Shīn o,悪役にキスシーンを,あくやくにきすしーんを
Kakuen no Philosophia,赫焉のフィロソフィア,てらし焉のふぃろそふぃあ
Sekai wa Bokura no Te no Naka,世界は僕らの手の中,せかいはぼくらのてのなか
Omoide Love Letter,思い出ラブレター,おもいでらぶれたー
Ransou Metsuretsu Gaaru,乱躁滅裂ガール,らん躁滅裂がーる
Rin Ren Maido Fakkutaa,凛恋メイドファクター,りんこいめいどふぁくたー
Uta no Sumu Ie ~Maison Hatsune~,歌の棲む家ーメゾン初音ー,うたのすむいえーめぞんはつねー
Asu wa Subarashi,明日ハ素晴ラシ,あしたはすばるらし
Kado-wana-ruk-a Kisou,カドワナルカ綺想,かどわなるかあやぎぬそう
Irodoru Sekai no Namari Hime,色偸るセカイの鉛姫,いろ偸るせかいのなまりひめ
Byoumei wa Ai datta,病名は愛だった,びょうめいはあいだった
Hoshizuku,星屑,ほしくず
Kono Tokubetsu na Neiro ga Subarashii,このとくべつな音色が素晴らしい ,このとくべつなおとしょくがすばらしい
Sonzai Imajineeshon,存在イマジネーション,そんざいいまじねーしょん
Ayana Kurepasu,彩愛クレパス,あやあいくれぱす
Yume yo Mirai e,夢よ未来へ,ゆめよみらいへ
Sangatsu Iro,三月色,さんがつしょく
Motivation ga Shinderu,"""モチベーションが死んでる""",もちべーしょんがしんでる
Umi o Oyogu Tsuki,海を泳ぐ月,うみをおよぐつき
Soshite Shoudou wa Gekijou ni Kawaru.,そして衝動は激情に変わる。,そしてしょうどうはげきじょうにかわる
Tsuki ni Ippo,月の一歩,つきのいちほ
Seikuu Shingou,晴空信号,はれそらしんごう
Fuyuiro no Aria,冬色のアリア,ふゆしょくのありあ
Roriipoppu to Yobanaide,ロリーポップと呼ばないで,ろりーぽっぷとよばないで
Houkai Bunmei to Yukiusagi,ロリーポップと呼ばないで,ろりーぽっぷとよばないで
Amekigoe Zankyou,雨き声残響,あめきこえざんきょう
Mikansei Taimu Rimittaa,未完成タイムリミッター,みかんせいたいむりみったー
Shissou Waado,失想ワアド,しつそうわあど
Tsurumaru Senseshon,鶴丸センセーション,つるまるせんせーしょん
Kamisama kara no Ankeeto,神様からのアンケート,かみさまからのあんけーと
Wakusei Ruupu,惑星ループ,わくせいるーぷ
Paafekuto Seimei,パーフェクト生命,ぱーふぇくとせいめい
Suisei Hanemuun,彗星ハネムーン,すいせいはねむーん
Sutego no Stella,捨て子のステラ,すてごのすてら
Yuuzome,夕染,ゆうそめ
Asa o Nomu,朝を呑む,あさをのむ
Juuzoku Furittaa,従属ふりったー,じゅうぞくふりったー
Soredemo Boku wa Utawanakucha,それでも僕は歌わなくちゃ,それでもぼくはうたわなくちゃ
Dokuro no Hana,髑髏の華,しゃれこうべのはな
Tokyo Roman Joshi Ouka Ranmachi Roku Kyuu Nana Banchi no Koi,東京浪漫女子謳歌蘭街六九七番地ノ恋,とうきょうろうまんじょしおうからんがいろくきゅうななばんちのこい
Ano Ko Shiikuretto,あの娘シークレット,あのむすめしーくれっと
Zaregoto no Zatsuon,戯言の雑音,たわごとのざつおん
Tokarev to Shoujo,トカレフと少女,とかれふとしょうじょ
Kanzen Chouaku Roryita Konpurekkusu,完全懲悪ロリィタコンプレックス,かんぜん懲悪ろりぃたこんぷれっくす
Sekai no Mannaka wo Aruku,世界の真ん中を歩く,せかいのまんなかをあるく
Ashita wa Shinu Koto ni Shita,あしたは死ぬことにした,あしたはしぬことにした
Mahoroba Shounen Hanashi,まほろば少年譚,まほろばしょうねんたん
Nadeshiko Iro Haato,撫子色ハート,なでしこしょくはーと
Sakusou,錯蒼,錯蒼
Bousou Lolita Holic,暴走ロリィタホリック,ぼうそうろりぃたほりっく
Music Like Magic!,魔法みたいなミュージック!,まほうみたいなみゅーじっく
"Totsuzen Desu ga, Idol Hajimemashita",突然ですが、アイドル始めました,とつぜんですがあいどるはじめました
Akusei Lolita Machiavelism,悪性ロリィタマキャヴェリズム,あくせいろりぃたまきゃゔぇりずむ
Nanji wa Jinrou Nari ya?,汝は人狼なりや?,なんじはじんろうなりや
Aku no Inga wa Owaranai,悪の因果は終わらない,あくのいんがはおわらない
Juugosai no Megai,15歳の女神,じゅうごさいのめがみ
Aozora o Mitsuketa Hi,青空を見つけた日,あおぞらをみつけたひ
Bookaroido Tachi ga Tada Sakebu Dake,ボーカロイドたちがただ叫ぶだけ,ぼーかろいどたちがたださけぶだけ
Bookaroido tachi ga 2 Koodo Kurikaeshite tettey-terettey toka Sakebu Dake,ボーカロイドたちが2コードくり返してテッテーテレッテーとか叫ぶだけ,ぼーかろいどたちがこーどくりかえしててってーてれってーとかさけぶだけ
Onii Yuukai ,御兄誘拐,ごあにゆうかい
Yami Purogramaa,闇プログラマー,やみぷろぐらまー
Awase Kagami no Shisha,合わせ鏡の使者,あわせきょうのししゃ
Aun no Biitsu,阿吽のビーツ,あうんのびーつ
Saigo no Jyoou,最後の女王,さいごのじょおう
"Yuiitsu, Ai no Uta",唯一、愛ノ詠,ゆいいつあいのえい
Kinsei no Dansu,金星のダンス,きんぼしのだんす
Usubeni,薄紅,うすきくれない
Mousou Jenereetaa,妄想ジェネレーター,もうそうじぇねれーたー
Yume Fanfaare,夢ファンファーレ,ゆめふぁんふぁーれ
Utahime no Uta,歌姫の詩,うたひめのし
Retro Mania Kyousoukyoku,レトロマニア狂想曲,れとろまにあきょうそうきょく
Saishigure,彩時雨,あやしぐれ
Donna Kotoba Nara Todokimasu ka?,どんな言葉なら届きますか?,どんなことばならとどきますか
Waifai Bousou Booi,わいふぁい暴想ボーイ,わいふぁい暴想ぼーい
Mirai e Tomo ni,未来へともに,みらいへともに
Kieyuku Anata e,消えゆくあなたへ,きえゆくあなたへ
Yugiri no Tabiji,湯霧ノ旅路,ゆきりのたびじ
Zenmai Shoujo Tokei,撥条少女時計,ばちじょうしょうじょとけい
Koi no Jumon wa Sorasora,恋の呪文はソラソラ,こいのじゅもんはそらそら
Buriki no Tsubame,錻のツバメ,錻のつばめ
Kanata Made Niji o Kakete,彼方まで虹を架けて,かなたまでにじをかけて
Bokura wa Minna Imi Fumei,ぼくらはみんな意味不明,ぼくらはみんないみふめい
Shirayuki,白ゆき,はくゆき
Rikei Joshi wa Warawanai,理系女子は笑わない,りけいじょしはわらわない
Renkyori En'ai,恋距離遠愛,こいきょりとあ
Shihatsu to Kafka,始発とカフカ,しはつとかふか
Kanojo wa Yoru ni Toketa,彼女は夜に溶けた,かのじょはよるにとけた
Mugen ni Homete Kureru Haruno Sora Sensei,無限にホメてくれる桜乃そら先生,むげんにほめてくれるさくらおさむそらせんせい
Kibou no Tsuki,幾望の月,いくもちのつき
Ene no Dennou Kikou,エネの電脳紀行,えねのでんのうきこう
Toumei Ansaa,透明アンサー,とうめいあんさー
Jibun Rule,自分ルール,じぶんるーる
Zesshou no Kavarieere,絶唱のカヴァリエーレ,ぜっしょうのかゔぁりえーれ
Sanbyakurokujuugonichi Tsuzuritsuzuketa Koibumi no You ni,365日綴り続けた恋文のように,さんびゃくろくじゅうごにちつづりつづけたこいぶみのように
Odoru Kyouryuu-san,365日綴り続けた恋文のように,さんびゃくろくじゅうごにちつづりつづけたこいぶみのように
Gomi Dame no Tori,ゴミ溜めの烏,ごみためめのからす
Kimi e Tsuzuku Kiseki,君へ続く軌跡,きみへつづくきせき
Sukuramburu Kousai,スクランブル交際,すくらんぶるこうさい
Natsu ni Ochiru Sandee,夏に落ちるサンデー,なつにおちるさんでー
Kimi no Iru Tokoro e,君のいる所へ,きみのいるところへ
"Kyuuso, Neko o Kamu",窮鼠、猫ヲ噛ム,きゅうそねこを噛む
Tokyo Hyakki Yagyou,東京百鬼夜行,とうきょうひゃっきやこう
Nekomimi Complex,猫耳コンプレックス,ねこのみみこんぷれっくす
Aru Keikaku wa Ima mo Hisoka ni,ある計画は今も密かに,あるけいかくはいまもひそかに
Boku ga Yume o Sutete Otona ni Naru made,僕が夢を捨てて大人になるまで,ぼくがゆめをすてておとなになるまで
Ramuneido Buruu no Shoukei,ラムネイドブルーの憧憬,らむねいどぶるーのどうけい
Ikite yuku no ni kokoro wa,生きてゆくのに心は,いきてゆくのにこころは
Machinozonda Iesu (Jesus),待ち望んだイエス,まちのぞんだいえす
Tou-san Kaa-san,父さん母さん,とうさんかあさん
Shinario wa Ame to Hanataba o Rasuto Shiin ni Eranda.,シナリオは雨と花束をラストシーンに選んだー。,しなりおはあめとはなたばをらすとしーんにえらんだー
Kazemachi Hello World,風待ちハローワールド,かぜまちはろーわーるど
Kokoro Shouheki,心傷癖,こころきずくせ
Shinkai Shoujo (Anazaa),深海少女 (アナザー),ふかうみしょうじょあなざー
Kimi wa Tada Nikai Tobeba Ii,君はただ二回飛べばいい,きみはただにかいとべばいい
Nyannyanteki Uchuuron,猫猫的宇宙論,まおまおてきうちゅうろん
Chikyuu o Ageru,地球をあげる,ちきゅうをあげる
Taisetsu na Kimi e Okuru Uta,大切な君へ贈る歌,たいせつなきみへおくるうた
Aimai Ereji,愛迷エレジー,あいまいえれじー
Yakushi,野狗子,のいぬこ
40-sai Kurai de Shinitai.,40歳くらいで死にたい。,よんじっさいくらいでしにたい
Mokusei no Beat,木星のビート,もくせいのびーと
Yuurei Tokyo,幽霊東京,ゆうれいとうきょう
"Rock and Roll Koukyoukyokudai 28-ban ""Onsen""",ロックンロール交響曲第28番『温泉』,ろっくんろーるこうきょうきょくだいにじゅうはちばんおんせん
Kasei Jaanii 2076,火星漫游2076,かせい漫游
Byouyomi Ningyou to Hai no Oka,病読み人形と灰の丘,やまいよみにんぎょうとはいのおか
Yokubou Gaman Suru Koto Nakare,欲望我慢スル事ナカレ,よくぼうがまんするごとなかれ
Koi wa Nana Moyou,恋は七模様,こいはななもよう
Seni Hitokukaku,遷移一区画,せんいいちくかく
Yuujuufudan Boy,遊獣浮男ボーイ,ゆうじゅううきだんぼーい
Emotion o Suteru,エモーションを捨てる,えもーしょんをすてる
Ansatsu Princess,暗殺プリンセス,あんさつぷりんせす
Koisuru☆Biimu,恋する☆ビーム,こいするびーむ
Zettai Ansei,絶体暗星,ぜったいくらぼし
Hyakkisai,百鬼祭,なきりさい
Zhú Yīn yǔ Mirai,竹音与未来,たけおんあずかみらい
Mirai Deribarii,未来デリバリー,みらいでりばりー
Hoshitsuki Monogatari,星月物語,ほしづきものがたり
Hoshitsuki Monogatari,星月物語,ほしづきものがたり
Denji Parse,電磁パルス,でんじぱるす
"Shingakki, Joshikousei wa Jisatsu Suru.",新学期、女子高生は自殺する。,しんがっきじょしこうせいはじさつする
Akatsukiya Harumaki Don,あかつきや春巻丼,あかつきやはるまきどんぶり
Shuumatsu Dystopia,終末ディストピア,しゅうまつでぃすとぴあ
Hare wo Matsu,霽れを待つ,霽れをまつ
Hatsuhana,初花,しょっぱな
Kagirinaku Haiiro e,限りなく灰色へ,かぎりなくはいいろへ
Hotto Kokoa ~Tetsuya no Uta~ ,ホットココアー徹夜のうたー,ほっとここあーてつやのうたー
Hiwake wo Matsu,引き分けを待つ,ひきわけをまつ
Tenshi no Kuroobaa,天使のクローバー,てんしのくろーばー
Yasou Monsutaa,夜想モンスター,やそうもんすたー
Nagare iku inochi,流れ行く命,ながれゆくいのち
Aishiaiai Rifurekushon,相思相愛リフレクション,そうしそうあいりふれくしょん
Shinkyoku,神曲,かみきょく
