Kokoro,ココロ,こころ
Meruto,メルト,めると
Kantarera,カンタレラ,かんたれら
Sandoriyon,サンドリヨン,さんどりよん
Saihate,サイハテ,さいはて
Miku Miku ni Shite Ageru♪ (Shite Yan yo),みくみくにしてあげる♪【してやんよ】,みくみくにしてあげるしてやんよ
Romio to Shinderera,ロミオとシンデレラ,ろみおとしんでれら
Migikata no Chou,右肩の蝶,みぎかたのちょう
PoPiPo,ぽっぴっぽー,ぽっぴっぽー
Burakku★Rokku Shuutaa,ブラック★ロックシューター,ぶらっくろっくしゅーたー
Waarudo Izu Main,ワールドイズマイン,わーるどいずまいん
Hajimete no Koi ga Owaru Toki,初めての恋が終わる時,はじめてのこいがおわるとき
Onaka Suita Uta,おなかすいたうた,おなかすいたうた
Roorin Gaaru,ローリンガール,ろーりんがーる
Daburu Rariatto,ダブルラリアット,だぶるらりあっと
Matoryoshika,マトリョシカ,まとりょしか
Waaruzu Endo Dansuhooru,ワールズエンド・ダンスホール,わーるずえんどだんすほーる
Gekokujou (kan),下剋上(完),げこくじょうかん
Jemini,ジェミニ,じぇみに
Toeto,トエト,とえと
Suiito An no Uta,すいーとあん のうた,すいーとあんのうた
Guriin Guriin ~Midorimushi~,グリーングリーンーミドリムシー,ぐりーんぐりーんーみどりむしー
Yumemiru Kotori,夢みることり,ゆめみることり
Iroha Uta,いろは唄,いろはうた
Yumekui Shirokuro Baku,夢喰い白黒バク,ゆめくいしろくろばく
Senbonzakura,千本桜,せんぼんざくら
Kodoku no Hate,孤独の果て,こどくのはて
Tsumugi Uta,紡唄,つむぎうた
Boukyaku Shinjuu,忘却心中,ぼうきゃくしんじゅう
Tsukema Tsukeru,つけまつける,つけまつける
Rimokon,リモコン,りもこん
Tokyo Tedibea,東京テディベア,とうきょうてでぃべあ
Hitori ni Shinaide.,ひとりにしないで。,ひとりにしないで
Nazotoki,ナゾトキ,なぞとき
Merankorikku,メランコリック,めらんこりっく
Kagerou Deizu,カゲロウデイズ,かげろうでいず
Mozaikurooru,モザイクロール,もざいくろーる
Ikasama⇔Kajino,イカサマ⇔カジノ,いかさまかじの
Renraku Madaa?,レンラクマダー?,れんらくまだー
"Saa, Docchi?",さあ、どっち?,さあどっち
Juumensou,十面相,じゅうめんそう
Otona no Omocha,"""オトナのオモチャ""",おとなのおもちゃ
Suki Kirai,スキキライ,すききらい
Nazokake,ナゾカケ,なぞかけ
Amai Kotoba,甘い言葉,あまいことば
Kami Hikouki,紙飛行機,かみひこうき
Kakome Kakome,かこめかこめ,かこめかこめ
Shuujin,囚人,しゅうじん
Danshingu☆Samurai,ダンシング☆サムライ,だんしんぐさむらい
Gaikotsu Gakudan to Riria,骸骨楽団とリリア,がいこつがくだんとりりあ
"Yuragi no Uchuu, Koi to Mirai",ゆらぎの宇宙、恋と未来,ゆらぎのうちゅうこいとみらい
Mairisu Dame!,マイリスダメー!,まいりすだめー
"Higashi no Akatsuki, Nishi no Tasogare",東ノ暁 西ノ黄昏,ひがしのあかつきにしのたそがれ
Totemo Itai Itagaritai,とても痛い痛がりたい,とてもいたいいたがりたい
Kudoryafuka,クドリャフカ,くどりゃふか
Pantsu Nugeru mon!,パンツ脱げるもん!,ぱんつぬげるもん
Jinrou Kyoushikyoku,人狼狂詩曲,じんろうきょうしきょく
Boku ni Piano wo Hikasete,ぼくにピアノを弾かせて,ぼくにぴあのをひかせて
Torinoko Shiti,トリノコシティ,とりのこしてぃ
Uso to Time Machine,嘘とタイムマシン,うそとたいむましん
Boku to Arisu no Wandaarando,ボクとアリスのワンダーランド,ぼくとありすのわんだーらんど
Nanabanme no Boku,7番目の僕,ななばんめのぼく
Onihime to Hanaarashi,鬼姫と花嵐,おにひめとはなあらし
Kienai Hitomi.,きえないひとみ。,きえないひとみ
Tobira no Mukou,扉の向こう,とびらのむこう
Houkouonchi,方向音痴,ほうこうおんち
Ohime-sama ni Naritai no!,おひめさまになりたいのッ!,おひめさまになりたいのっ
Makuragi,枕木,まくらぎ
Kumo no Iseki,雲の遺跡,くものいせき
Hakaokuri no Uta,送墓唄,おくはかうた
Kemikaru Emōshon,ケミカルエモーション,けみかるえもーしょん
"Kochira, Koufuku Anshin Iinkai desu.",こちら、幸福安心委員会です。,こちらこうふくあんしんいいんかいです
Nayami Muyou!!,なやみむようっ!!,なやみむようっ
Nusumi wa Gedou?,ぬすみはげどう?,ぬすみはげどう
Shoujo to Kuroi Neko,少女と黒い猫,しょうじょとくろいねこ
Kessen Toujitsu!,けっせんとうじつ!,けっせんとうじつ
Tarinai Mono,'足りないもの,たりないもの
Shirokuro Byoutou,白黒病棟,しろくろびょうとう
Kimi ni Sasagu Fantajia,君に捧ぐファンタジア,きみにささぐふぁんたじあ
Himitsu Keisatsu,秘密警察,ひみつけいさつ
Kagamine Hachi-Hachi Hana no Kassen,鏡音八八花合戦,かがみねはちはちはなかっせん
Futatsu no Monogatari,二つの物語,ふたつのものがたり
Shinsetsu Shounen Shinkaron,新説少年進化論,しんせつしょうねんしんかろん
Majo,魔女,まじょ
Yumemite mo Iijanai no,夢見てもいいじゃないの,ゆめみてもいいじゃないの
"Hirari, Hirari",ひらり、ひらり,ひらりひらり
Yī Èr (Ii Aru) Fankurabu,いーあるふぁんくらぶ,いーあるふぁんくらぶ
Namae no Nai Uta,なまえのないうた,なまえのないうた
Rin-chan Nau!,リンちゃんなう!,りんちゃんなう
Okaasan,おかあさん,おかあさん
"E? Aa, Sou.",え?あぁ、そう。,えあぁそう
Deddo Rain Sakasu,デッドラインサーカス,でっどらいんさーかす
"Aa, Subarashiki Nyan-sei",嗚呼、素晴らしきニャン生,ああすばらしきにゃんせい
Saikyouiku,再教育,さいきょういく
Hajimete no Oto,ハジメテノオト,はじめてのおと
Ikasama Raifu Geimu,イカサマライフゲイム,いかさまらいふげいむ
Sakura no Ame,桜ノ雨,さくらのあめ
Shoujo Kanaria to Rengoku,少女カナリアと煉獄,しょうじょかなりあとれんごく
Ningen Shikkaku,人間失格,にんげんしっかく
Ririi Ririi★Baaningu Naito,リリリリ★バーニングナイト,りりりりばーにんぐないと
Piko Piko☆Rejendo Obu Za Naito,ピコピコ☆レジェンドオブザナイト,ぴこぴこれじぇんどおぶざないと
Kakurenbo,かくれんぼ,かくれんぼ
Gomibako,ごみばこ,ごみばこ
Sarubeeji,サルベージ,さるべーじ
Soiyassaa!!,そいやっさぁ!!,そいやっさぁ
Jinsei Risetto Botan,人生リセットボタン,じんせいりせっとぼたん
Erekutorikku Rabu,エレクトリック・ラブ,えれくとりっくらぶ
Konbini,コンビニ,こんびに
Watashi no Jikan,私の時間,わたしのじかん
Nemureru Mori,眠れる森,ねむれるもり
Ie ni Kaeru to Tsuma ga Kanarazu Shinda Furi wo Shiteimasu.,家に帰ると妻が必ず死んだふりをしています。,いえにかえるとつまがかならずしんだふりをしています
Hatsune Miku no Bousou,初音ミクの暴走,はつねみくのぼうそう
Rekodo Redo,レコード・レド,れこーどれど
Wasurenbou,わすれんぼう,わすれんぼう
Ikitemasu ,"生きてます'''"" ",いきてます
Mukashi Mukashi no Kyou no Boku,むかしむかしのきょうのぼく,むかしむかしのきょうのぼく
Saru no Haitta Onsen wa Totemo Yabai,猿の入った温泉はとてもヤバい,さるのはいったおんせんはとてもやばい
Kasa to Ame,傘と雨,かさとあめ
Yuuyami no Ayame Uta,夕闇ノ殺メ唄,ゆうやみのやめうた
miki miki★Romantikku Naito,ミキミキ★ロマンティックナイト,みきみきろまんてぃっくないと
Rinne,リンネ,りんね
Osananajimi ni sayonara,幼なじみにさよなら,おさななじみにさよなら
"Eien ni Shiawase ni Naru Houhou, Mitsuke Mashita.",永遠に幸せになる方法、見つけました。,えいえんにしあわせになるほうほうみつけました
Kurumi☆Ponchio,くるみ☆ぽんちお,くるみぽんちお
Wadachi,轍 -わだち-,わだちわだち
Kusari no Shoujo,鎖の少女,くさりのしょうじょ
Zen'yasai no Kuroneko,前夜祭の黒猫,ぜんやさいのくろねこ
Panda Hiiroo,パンダヒーロー,ぱんだひーろー
Taisetsu na Kotoba,大切なコトバ,たいせつなことば
Bucchigiri ni Shite Ageru♪,ぶっちぎりにしてあげる♪,ぶっちぎりにしてあげる
Akatsuki Arrival,アカツキアライヴァル,あかつきあらいゔぁる
Setsuna Torippu,セツナトリップ,せつなとりっぷ
Aku no Musume,悪ノ娘,あくのむすめ
Arubino,アルビノ,あるびの
Yokkorasekkusu,よっこらせっくす,よっこらせっくす
Maigo no Boku ni,迷子の僕に,まいごのぼくに
Aku no Meshitsukai,悪ノ召使,あくのめしつかい
Wandaarasuto,ワンダーラスト,わんだーらすと
Pookaa Feisu,ポーカーフェイス,ぽーかーふぇいす
Kuwagata ni Choppu Shitara Taimu Surippu Shita,クワガタにチョップしたらタイムスリップした,くわがたにちょっぷしたらたいむすりっぷした
Kiritorisen,キリトリセン,きりとりせん
Aitai,会いたい,あいたい
Shiryoku Kensa,シリョクケンサ,しりょくけんさ
Konoha no Sekai Jijou,コノハの世界事情,このはのせかいじじょう
Souzou Foresuto,想像フォレスト,そうぞうふぉれすと
Chirudoren Rekoodo,チルドレンレコード,ちるどれんれこーど
Intabyua,インタビュア,いんたびゅあ
Boku ga Boku ni Kaereru Basho,僕が僕に帰れる場所,ぼくがぼくにかえれるばしょ
Shiroi Yuki no Purinsesu wa,白い雪のプリンセスは,しろいゆきのぷりんせすは
Nandaka Ii Kanji,なんだかいいかんじ,なんだかいいかんじ
Jittaa Dooru,ジッタードール,じったーどーる
Yuurei Yashiki no Kubitsuri Shoujo,幽霊屋敷の首吊り少女,ゆうれいやしきのくびつりしょうじょ
Gomenne Gomenne,ごめんね ごめんね,ごめんねごめんね
Ai to Nasubi to Heiwa na Kajitsu,愛ト茄子ト平和ナ果実,あいとなすびとへいわなかじつ
Dou de mo Ii ya,どうでもいいや,どうでもいいや
Mono wo Parapara Kowasu,物をぱらぱら壊す,ものをぱらぱらこわす
Shingou de Futari Deatta,信号で二人出会った,しんごうでふたりであった
Kin no Irihi ni Tefuukin,金の入日に手風琴,きんのいりひにてふうきん
Haro/Hawayu,ハロ/ハワユ,はろはわゆ
Nekomimi Aakaibu,ネコミミアーカイブ,ねこみみあーかいぶ
Kokoro no Oto,心の音,こころのおと
Chikyuu Saigo no Kokuhaku wo,地球最後の告白を,ちきゅうさいごのこくはくを
Kyodai Shoujo,巨大少女,きょだいしょうじょ
Mousou Suketchi,妄想スケッチ,もうそうすけっち
Taimu Mashin,タイムマシン,たいむましん
Tsuioku no Koe,"追憶の声""",ついおくのこえ
Sarubia no Musume,サルビアの娘,さるびあのむすめ
Meguru Sekai no Rekuiemu,巡る世界のレクイエム,めぐるせかいのれくいえむ
Rarirerira,ラリレリラ,らりれりら
Rūbikku Kyūbu,ルービックキューブ,るーびっくきゅーぶ
Nodo ga Kawaku,のどが渇く,のどがかわく
Uso to Nuigurumi,嘘とぬいぐるみ,うそとぬいぐるみ
Ai Kotoba,愛言葉,あいことば
Tsuntsun Gokko,ツンツンごっこ,つんつんごっこ
Doku Ringo to Shinderera,毒林檎とシンデレラ,どくりんごとしんでれら
Amatsu Kitsune,アマツキツネ,あまつきつね
San Kyuu,39,
Horumarin no Umi,ホルマリンの海,ほるまりんのうみ
Yuudachi no Ribon,夕立のりぼん,ゆうだちのりぼん
Yumeyume,ゆめゆめ,ゆめゆめ
Karafuru × Merodi,カラフル×メロディ,からふるめろでぃ
Kashokusei: Aidoru Shoukougun,過食性:アイドル症候群,かしょくせいあいどるしょうこうぐん
Yume no Katachi,ゆめのかたち,ゆめのかたち
Kami Kyoku,神曲,かみきょく
Kimi no Inai Basho de,君のいない場所で,きみのいないばしょで
Kyatto Fuudo,キャットフード,きゃっとふーど
Byakkoya no Musume,白虎野の娘,びゃっこやのむすめ
Shounen Shoujo Kamereon Shinputomu,少年少女カメレオンシンプトム,しょうねんしょうじょかめれおんしんぷとむ
Haitoku no Hana,背徳の花,はいとくのはな
Ao,青,あお
Bokutachi no Hajimari,ぼくたちのはじまり,ぼくたちのはじまり
Jurietta to Romiwo,ジュリエッタとロミヲ,じゅりえったとろみを
Sairento・Majoriti,サイレント・マジョリティ,さいれんとまじょりてぃ
Sarishinohara,サリシノハラ,さりしのはら
Mekakushi Code,メカクシコード,めかくしこーど
Tsumi to Batsu,罪と罰,つみとばつ
Rorikon de Yokatta~,ろりこんでよかったー,ろりこんでよかったー
Ren-kyun Nau!,レンきゅんなう!,れんきゅんなう
Erekuto(ro) Bokkusu,エレクト(ロ)ボックス,えれくとろぼっくす
Kamisama Neji Maki,カミサマネジマキ,かみさまねじまき
Aijou Jurietto,愛錠ジュリエット,あいじょうじゅりえっと
Kanransha,"""観覧車""",かんらんしゃ
Sayonara Chainsaw,サヨナラチェーンソー,さよならちぇーんそー
Wan Ruumu・Ooru・Zatto・Jazu,ワンルーム・オール・ザット・ジャズ,わんるーむおーるざっとじゃず
Sutera,ステラ,すてら
Daiichiji Jibun Sensou,第一次ジブン戦争,だいいちじじぶんせんそう
Ame to Asufaruto,雨とアスファルト,あめとあすふぁると
Kimi no Koto ga Suki de Gomennasai,キミのことが好きでゴメンナサイ,きみのことがすきでごめんなさい
Akkanbee da,アッカンベーダ,あっかんべーだ
Saiko Mooshon,サイコモーション,さいこもーしょん
"Ichizu na Kataomoi, Minorasetai Chiisana Shiawase.",一途な片思い、実らせたい小さな幸せ。,いちずなかたおもいみのらせたいちいさなしあわせ
Neko ni Orenji,猫にオレンジ,ねこにおれんじ
Shinpakusuu ♯0822,心拍数♯0822,しんぱくすう
Densetsu no Majo,伝説の魔女,でんせつのまじょ
Yankii Booi・Yankii Gaaru,ヤンキーボーイ・ヤンキーガール,やんきーぼーいやんきーがーる
Uintaa ・ Happii Naito,ウィンター ・ ハッピーナイト,うぃんたーはっぴーないと
Shinde Shimau to wa Nasakenai!,しんでしまうとはなさけない!,しんでしまうとはなさけない
Enmei Chiryou,延命治療,えんめいちりょう
Oshare Dorobou to Iro Megane,オシャレ泥棒と色眼鏡,おしゃれどろぼうといろめがね
Hikoukai Nisshi,非公開日誌,ひこうかいにっし
Gyuunyuu Nome!,牛乳飲め!,ぎゅうにゅうのめ
Gaanetto Fosufa,ガーネットフォスファ,がーねっとふぉすふぁ
Serurian Vesupa,セルリアンヴェスパ,せるりあんゔぇすぱ
Nekomimi Suicchi,ねこみみスイッチ,ねこみみすいっち
Inmoraru Akutoresu,インモラルアクトレス,いんもらるあくとれす
Kunoichi Demo Koi ga Shitai,クノイチでも恋がしたい,くのいちでもこいがしたい
Suuiito Taimu,スウィートタイム,すうぃーとたいむ
Kogarashi no Asa,木枯らしの朝,こがらしのあさ
Kanashimi no Nami ni Oboreru,かなしみのなみにおぼれる,かなしみのなみにおぼれる
Idora no Saakasu,イドラのサーカス,いどらのさーかす
Azarea no Bourei,アザレアの亡霊,あざれあのぼうれい
Samaa Aidoru,サマーアイドル,さまーあいどる
Koi Iro Byoutou,恋色病棟,こいいろびょうとう
Osanana Blue,オサナナブルー,おさななぶるー
Rasuto Efekuto,ラストエフェクト,らすとえふぇくと
Heisei Cataclysm,ヘイセイカタクリズム,へいせいかたくりずむ
Rosu Taimu Memorii,ロスタイムメモリー,ろすたいむめもりー
Rikabarii,リカバリー,りかばりー
Singason,シンガソン,しんがそん
Daidai Genomu,橙ゲノム,だいだいげのむ
Hashire,走れ,はしれ
Boku wa Hatsune Miku to Kisu wo Shita,僕は初音ミクとキスをした,ぼくははつねみくときすをした
Hato,ハト,はと
Rokuberu,ロクベル,ろくべる
"Yume Janai, Uso Janai, Me no Mae ni Aru Shiawase na Joukei.",夢じゃない、嘘じゃない、目の前にある幸せな情景。,ゆめじゃないうそじゃないめのまえにあるしあわせなじょうけい
Misutaa Deja Bu,ミスターデジャブ,みすたーでじゃぶ
Taiyou no Kizuna,太陽の絆,たいようのきずな
Iijii Densu,イージーデンス,いーじーでんす
Hokorobi,ほころび,ほころび
Genjitsuteki Ronri Shugisha,現実的論理主義者,げんじつてきろんりしゅぎしゃ
Shabon no Saramandora,しゃぼんのサラマンドラ,しゃぼんのさらまんどら
Jabawokkii・Jabawokka,ジャバヲッキー・ジャバヲッカ,じゃばをっきーじゃばをっか
Shuukan Shounen Bai Bai,''週刊少年バイバイ'',しゅうかんしょうねんばいばい
Shinjuu,心中,しんじゅう
Arisu ni Sayonara,アリスにさよなら,ありすにさよなら
Tanshoku Sekai,単色世界,たんしょくせかい
Yuugure Semi Nikki,夕暮れ蝉日記,ゆうぐれせみにっき
Shiawase ni Nareru Kakushi Komando ga Arurashii,幸せになれる隠しコマンドがあるらしい,しあわせになれるかくしこまんどがあるらしい
Dareka no Uta de Boku ga Shinu,誰かの歌で僕が死ぬ,だれかのうたでぼくがしぬ
Guren no Yumiya,紅蓮の弓矢,ぐれんのゆみや
Kakushigoto,かくしごと,かくしごと
Tsugi Saku Hana no Iro wa,次咲く花の色は,つぎさくはなのいろは
Kyou mo Harebare,きょうもハレバレ,きょうもはればれ
Nakimushi Robot,ナキムシロボ,なきむしろぼ
Koi Tsubaki Hime,恋椿姫,こいつばきひめ
Yukue Shirezu,ユクエシレズ,ゆくえしれず
Dorobou Night Trick,ドロボウナイトトリック,どろぼうないととりっく
Koutetsu no Tori,鋼鉄ノ鳥,こうてつのとり
Ayano no Koufuku Riron,アヤノの幸福理論,あやののこうふくりろん
Kokuhaku Yokou Renshuu,告白予行練習 ,こくはくよこうれんしゅう
Dare de mo Ii kara Tsukiaitai,誰でもいいから付き合いたい,だれでもいいからつきあいたい
Utsukushiki Kajitsu,美しき果実,うつくしきかじつ
Jougen no Tsuki,上弦の月,じょうげんのつき
Kimi ga Sora Koso Kanashikere,君ガ空コソカナシケレ,きみがそらこそかなしけれ
Boku wa Gachapoid,ぼくはガチャッポイド,ぼくはがちゃっぽいど
Rekuiemu,レクイヱム,れくいゑむ
Kokoro・Kiseki,ココロ・キセキ,こころきせき
Disuko☆Shokoratekku,でぃすこ☆しょこらてっく,でぃすこしょこらてっく
Shuumatsu ga Yattekuru!,しゅうまつがやってくる!,しゅうまつがやってくる
Hāto Disuku Doraibu,ハートディスクドライブ,はーとでぃすくどらいぶ
Ageage Agein,アゲアゲアゲイン,あげあげあげいん
Nijiiro*Adobenchua,ニジイロ*アドベンチュア,にじいろあどべんちゅあ
Bokura no Let-it-Be,ぼくらのレットイットビー,ぼくらのれっといっとびー
Sekihi no Uta,石碑のうた,せきひのうた
Yamero,やめろ,やめろ
Garakuta Hime to Aposutorofu,ガラクタ姫とアポストロフ,がらくたひめとあぽすとろふ
Kitsune no Yomeiri,狐ノ嫁入リ,きつねのよめいりり
Sutorobo Rasuto,ストロボラスト,すとろぼらすと
Shiro no Musume,白ノ娘,しろのむすめ
Sweet Float Apaato,スイートフロートアパート,すいーとふろーとあぱーと
Hatsune Miku no Bunretsu→Hakai,初音ミクの分裂→破壊,はつねみくのぶんれつはかい
Sutorobo Naitsu,ストロボナイツ,すとろぼないつ
Kimi no Oto ga,君の音が,きみのおとが
Hamon,波紋,はもん
Chimidoro Suicchi,チミドロスイッチ,ちみどろすいっち
Ie no Ura de Manbou ga Shinderu,家の裏でマンボウが死んでる,いえのうらでまんぼうがしんでる
Ifuudoudou,威風堂々,いふうどうどう
Otsukimi Risaitaru,オツキミリサイタル,おつきみりさいたる
Minna to Waratta,みんなとわらった,みんなとわらった
Ten Sho Sho Ten Sho,てんしょう しょうてんしょう,てんしょうしょうてんしょう
Sessha mo Dareka to Tsukiaitai,拙者も誰かと付き合いたい,せっしゃもだれかとつきあいたい
Mousou Zei,妄想税,もうそうぜい
Tawaa,タワー,たわー
Tsugihagi Eden,ツギハギエデン,つぎはぎえでん
Shineba Ii No Ni,しねばいいのに,しねばいいのに
"*Sayonara, World End.",*サヨナラ、ワールドエンド。,さよならわーるどえんど
AaAaAaAAaAaAAa,あぁあぁあぁああぁあぁああぁ,あぁあぁあぁああぁあぁああぁ
Aikarakaia,あいからかいあ,あいからかいあ
Meiteki Saibanetikkusu,迷的サイバネティックス,めいてきさいばねてぃっくす
E//X,エ//クス,えくす
Houshanou ga Kuru,放射能がくる,ほうしゃのうがくる
Paranoido,パラノイド,ぱらのいど
Garasu no Hana,硝子ノ華,がらすのはな
Sateraito,サテライト,さてらいと
Neko Neko☆Suupaa Fiibaa Naito,ネコネコ☆スーパーフィーバーナイト,ねこねこすーぱーふぃーばーないと
IA IA★Naito obu Dezaia,イアイア★ナイトオブデザイア,いあいあないとおぶでざいあ
Hakamairi,墓参り,はかまいり
Kaze no Tadaima,風のただいま,かぜのただいま
Doonatsu Hooru,ドーナツホール,どーなつほーる
Autaa Saiensu,アウターサイエンス,あうたーさいえんす
Koufuku na Shi wo,幸福な死を,こうふくなしを
Meteo,メテオ,めてお
Arifureta Sekai Seifuku,ありふれたせかいせいふく,ありふれたせかいせいふく
Mane Mane Psychotropic,マネマネサイコトロピック,まねまねさいことろぴっく
Sayonara Joushiki Kuukan,''さよなら常識空間'',さよならじょうしきくうかん
Dou Iu Koto Nano!?,どういうことなの!?,どういうことなの
Sora Moyou,そらもよう,そらもよう
"""Kishidou""","""騎士道""",きしどう
Haiboku no Shounen,敗北の少年,はいぼくのしょうねん
Nina,ニナ,にな
"Su-Su-Su-Su, Suki, Daaisuki",すすすす、すき、だあいすき,すすすすすきだあいすき
Zutsuki,頭突き,ずつき
Zora Miku ★ Ekisentorikku Fuyuuchaa Naito,ゾラミク★エキセントリックフューチャーナイト,ぞらみくえきせんとりっくふゅーちゃーないと
Majenta,マジェンタ,まじぇんた
Tsunawatari,綱渡り,つなわたり
Tensen Makura,てんせんまくら,てんせんまくら
Genjitsu Sekai Tsukami,げんじつせかいつかみ,げんじつせかいつかみ
Kamisama no Iu Toori,神様の云う通り,かみさまのいうとおり
Suteki na Kimochi,素敵な気持ち,すてきなきもち
Misemono Raifu,見世物ライフ,みせものらいふ
Hito(ri)goto,ヒト(リ)ゴト,ひとりごと
Don Don♪ Galaxy!,どんどん♪ぎゃらくしぃ!,どんどんぎゃらくしぃ
Iro no asobi,色の遊び,いろのあそび
Namida no Doukeshi,ナミダの道化師,なみだのどうけし
Dachura no Haru,ダチュラの春,だちゅらのはる
Narisumashi Genga,なりすましゲンガー,なりすましげんがー
Yuuhizaka,夕日坂,ゆうひざか
Nisemono Chuuihou,ニセモノ注意報,にせものちゅういほう
Reiwai Terrorism,レイワイテロリズム,れいわいてろりずむ
Nayuta no Kanata Made,那由他の彼方まで,なゆたのかなたまで
Busamen Dokyumentarī,ブサメンドキュメンタリー,ぶさめんどきゅめんたりー
Kuranberii,クランベリー,くらんべりー
Towairaito Puranku,トワイライトプランク,とわいらいとぷらんく
Furaan Furaan ーZonbiiー,フラーンフラーンーゾンビーー,ふらーんふらーんーぞんびーー
Majikaru☆Nuko Ren Ren,マジカル☆ぬこレンレン,まじかるぬこれんれん
Tsukeru yo.,つけるよ。,つけるよ
Tomato Kirai no Uta,トマトきらいのうた,とまときらいのうた
Ikanaide,いかないで,いかないで
Shikiori no Hane,四季折の羽,しきおりのはね
Andawa,アンダワ,あんだわ
Jibeta Toraberu,ジベタトラベル,じべたとらべる
Sekishinsei: Kamatoto Araryouji,赤心性:カマトト荒療治,せきしんせいかまととあらりょうじ
Meguri Hime Buyou Kyoku,巡姫舞踊曲,めぐひめぶようきょく
Sureddoneishon,スレッドネイション,すれっどねいしょん
Kasou Kyoku,火葬曲,かそうきょく
Negai wo Komete,願いを込めて,ねがいをこめて
Ashita wo Muite,明日を向いて,あしたをむいて
Mobairi:Senseeshon,モバイリ:センセーション,もばいりせんせーしょん
Purasu Danshi,+♂,
Nana Korobi Yaoki Nai,七転び八起きない,ななころびやおきない
Burafu Raiaa,ブラフライアー,ぶらふらいあー
Ryuu no Se ni Notte,龍の背に乗って,りゅうのせにのって
Senchimentaru Andoroido,センチメンタル・アンドロイド,せんちめんたるあんどろいど
Muchuu Ganbou,夢中願望,むちゅうがんぼう
Envi Kyatto Wooku,エンヴィキャットウォーク,えんゔぃきゃっとうぉーく
Ano Ko ga Boku wo Kowagarimasen,あの子がボクを怖がりません,あのこがぼくをこわがりません
Uta Tabigarasu,唄旅鴉,うたたびがらす
Hatsukoi no Nami,初恋の波,はつこいのなみ
Shittsui no Tenshaku,失墜の天爵,しっついのてんしゃく
Sutoriimingu Haato,ストリーミングハート,すとりーみんぐはーと
Chikyuu no Akichi,地球の空き地,ちきゅうのあきち
Chiri Chiri Juso,塵塵呪詛(チリチリジュソ),ちりちりじゅそちりちりじゅそ
Rori Yuukai,ロリ誘拐,ろりゆうかい
Shikabane no Odori,しかばねの踊り,しかばねのおどり
Shounen Kaguya,少年かぐや,しょうねんかぐや
Heimensetsu,平面説,へいめんせつ
Kami no Manimani,神のまにまに,かみのまにまに
Kimi no Irodoru Senritsu,君の彩る旋律,きみのいろどるせんりつ
Inokori Sensei,イノコリ先生,いのこりせんせい
Doesu,どえす,どえす
Lilachorn,リラホルン,りらほるん
Koin Rokkaa Beibii,コインロッカーベイビー,こいんろっかーべいびー
Kimi no Uta,君のうた,きみのうた
Yuu Hanabi,夕花火,ゆうはなび
Hitori Kakurenbo,ひとりかくれんぼ,ひとりかくれんぼ
Konsento Gaaru,コンセントガール,こんせんとがーる
Sayonara Lechenaultia,さよならレシェノルティア,さよなられしぇのるてぃあ
Anata no Utahime,あなたの歌姫,あなたのうたひめ
Aironi,アイロニ,あいろに
Ai Sensaa,アイセンサー,あいせんさー
Doemu,どえむ,どえむ
Sekai Nante Isshun de Kawaru,世界なんて一瞬で変わる,せかいなんていっしゅんでかわる
Jishou Mushoku,自傷無色,じしょうむしょく
Yuukei Iesutadei,夕景イエスタデイ,ゆうけいいえすたでい
Doragon Raijingu,ドラゴンライジング,どらごんらいじんぐ
Tatta Hitotsu no Dangan de,たった一つの弾丸で,たったひとつのだんがんで
E no Umakatta Tomodachi,絵の上手かった友達,えのうまかったともだち
Discommunication,ディスコミュニケーション,でぃすこみゅにけーしょん
Mirai Gurafu,ミライグラフ,みらいぐらふ
Koshitantan,虎視眈々,こしたんたん
Megane No Mukou No Sekai,メガネの向こうの世界,めがねのむこうのせかい
Asutoro Toruupaa,アストロトルーパー,あすとろとるーぱー
Teroru,テロル,てろる
Kotoba Meteo,言葉メテオ,ことばめてお
Gishin'anki,疑心暗鬼,ぎしんあんき
Gozen Sanji no Heddofon,午前3時のヘッドフォン,ごぜんさんじのへっどふぉん
Kyouhansha,共犯者,きょうはんしゃ
Kimi no haato itadaki masu!,キミのハートいただきます!,きみのはーといただきます
Dreamin Chuchu,どりーみんチュチュ,どりーみんちゅちゅ
Yami no Kanata,闇の彼方,やみのかなた
Doushin Shoujo to Otona Sekai,童心少女と大人世界,どうしんしょうじょとおとなせかい
Sekai he Okuru Rekuiemu,世界へ送るレクイエム,せかいへおくるれくいえむ
Hikari,ヒカリ,ひかり
Okochama Sensou,おこちゃま戦争,おこちゃませんそう
Purei,プレイ,ぷれい
Dame da Koitsu,駄目だこいつ,だめだこいつ
Hanbunko.,はんぶんこ。,はんぶんこ
Kimashita waa!,キマシタワー!,きましたわー
Ren'ai Firosofia,恋愛フィロソフィア,れんあいふぃろそふぃあ
13943 Goushitsu,13943号室 ,ごうしつ
Sayonara Suingu Bai,サヨナラスイングバイ,さよならすいんぐばい
Ookami Girl,オオカミガール,おおかみがーる
Wasureru Wake Nai Desho,忘れるわけないでしょ,わすれるわけないでしょ
Suroo Mooshon,すろぉもぉしょん,すろぉもぉしょん
Enjoi Kuruu!,エンジョイクルー!,えんじょいくるー
Kinou Mita Yume,昨日見た夢,きのうみたゆめ
Tasogare no Namida,黄昏の涙,たそがれのなみだ
Guddonaito,グッドナイト,ぐっどないと
Anata no Koto ga Suki na Dake ,あなたのことが好きなだけ,あなたのことがすきなだけ
Zutsuki Choujou Kessen,頭突き頂上決戦,ずつきちょうじょうけっせん
Tuinkuru Sumairu,トゥインクル・スマイル,とぅいんくるすまいる
Tasogareyuku Omoi,黄昏ゆく想い,たそがれゆくおもい
Dere-ka Genshou 100%,デレ化現象100%,でれかげんしょうひゃくぱーせんと
Shiwa,しわ,しわ
Toppingu Furuutsu♪,とっぴんぐフルーツ♪,とっぴんぐふるーつ
Kippuru Indasutorii,キップル・インダストリー,きっぷるいんだすとりー
Erekutorikku Majikku,エレクトリック・マジック,えれくとりっくまじっく
Kokoro Motion,ココロ・モーション,こころもーしょん
Howaito Auto,ホワイトアウト,ほわいとあうと
Hinekure Neji to Ame,ひねくれネジと雨,ひねくれねじとあめ
Ren'ai Saiban,恋愛裁判,れんあいさいばん
Andeddo Enemii,アンデッドエネミー,あんでっどえねみー
Terekakushi Shishunki,テレカクシ思春期,てれかくしししゅんき
Moratorian,モラトリアン,もらとりあん
Yakimochi no Kotae,ヤキモチの答え,やきもちのこたえ
Taitoru Mitei,タイトル未定,たいとるみてい
Inpaafekuto Animaruzu,インパーフェクトアニマルズ,いんぱーふぇくとあにまるず
Kuronofobia,クロノフォビア,くろのふぉびあ
Himitsu no Houkago,秘密の放課後,ひみつのほうかご
Koko ni iteyo...,ここにいてよ・・・,ここにいてよ
Sutorenji Animaru,ストレンジアニマル,すとれんじあにまる
Akutoku no Jajjimento,悪徳のジャッジメント,あくとくのじゃっじめんと
Piero,ピエロ,ぴえろ
Masshuruumu Mazaa,マッシュルーム・マザー,まっしゅるーむまざー
Mushikui Saikederizumu,ムシクイサイケデリズム,むしくいさいけでりずむ
Nijiiro Monster,にじいろモンスター,にじいろもんすたー
Fukigen Warutsu,フキゲンワルツ,ふきげんわるつ
Sutoratosufia,ストラトスフィア,すとらとすふぃあ
Nemurase Hime Kara no Okurimono,眠らせ姫からの贈り物,ねむらせひめからのおくりもの
Mājinaru,マージナル,まーじなる
Kimi Dake wo Matteru,君だけを待ってる,きみだけをまってる
Suteki na Mahou no Nana Kyuu Kyuu,素敵な魔法の799,すてきなまほうの
Inochi no Uta,いのちの歌,いのちのうた
Rabu Risuto Koushinchuu?,ラブリスト更新中?,らぶりすとこうしんちゅう
"""Furetai"" to Itte",「触れたい」と言って,ふれたいといって
Odeko ni Haeta Biwa no Seikaku ga Warui,"""おでこに生えたビワの性格が悪い""",おでこにはえたびわのせいかくがわるい
Deriheru Yondara Kimi ga Kita,デリヘル呼んだら君が来た,でりへるよんだらきみがきた
Zettai Ongaku de Odore,絶対音楽で踊れ,ぜったいおんがくでおどれ
Sensen Fukoku Buraindo,宣戦布告ブラインド,せんせんふこくぶらいんど
Mairuumu Deisuko Naito,マイルームディスコナイト,まいるーむでぃすこないと
Minagoroshi no Majikku,皆殺しのマジック,みなごろしのまじっく
Gaichuu,害虫,がいちゅう
Higo Sai,庇護祭,ひごさい
Hāto♥Bureiku,ハート♥ブレイク,はーとぶれいく
Hashi-Rana-kya!,ハシらなキャ!,はしらなきゃ
Mahou no Te,魔法の手,まほうのて
Byoumei Koi Wazurai,病名恋ワズライ,びょうめいこいわずらい
Kokuhaku Raibaru Sengen,告白ライバル宣言,こくはくらいばるせんげん
Kin'youbi no Ohayou,金曜日のおはよう,きんようびのおはよう
Hatsukoi no Ehon,初恋の絵本,はつこいのえほん
Sakurairo Taimu Kapuseru,桜色タイムカプセル,さくらいろたいむかぷせる
Heisei Sayonara Baibai,ヘイセイサヨナラバイバイ,へいせいさよならばいばい
Ren'ai Shikkan,恋愛疾患,れんあいしっかん
Burenai Ai de,ぶれないアイで,ぶれないあいで
Mottainai to Rando,もったいないとらんど,もったいないとらんど
Hajimete no Chuu,はじめてのチュウ,はじめてのちゅう
Soba ni Ite,そばにいて,そばにいて
Bungakusha no Koibumi,文学者の恋文,ぶんがくしゃのこいぶみ
Watashi no Sekai,私の世界,わたしのせかい
Rabu Dooru,ラブドール,らぶどーる
Eto Setora,エト・セトラ,えとせとら
Sakura Zensen Ijou Nashi,桜前線異常ナシ,さくらぜんせんいじょうなし
Ikiryou,生霊,いきりょう
Kirai na Hito,きらいな人,きらいなひと
Waaruzu Endo Tansuhooru,ワールズエンドタンスホール,わーるずえんどたんすほーる
Yuragi,ユラギ,ゆらぎ
Nakigoto,ナキゴト,なきごと
Hibikase,ヒビカセ,ひびかせ
Yume no Chikara,ユメノチカラ,ゆめのちから
Yubikiri,指切り,ゆびきり
Hai wa Hai ni,ハイハハイニ,はいははいに
Isshu no Pokemon Ieru no ka!,イッシュのポケモン 言えるのか!,いっしゅのぽけもんいえるのか
Buraddi Gurabiti,ブラッディ グラビティ,ぶらっでぃぐらびてぃ
Kitsune no Yomeiri,狐の嫁入り,きつねのよめいり
Purezentii,プレゼンティー,ぷれぜんてぃー
Taiyou to Tsuki no Rondo,太陽と月のロンド,たいようとつきのろんど
Youkai Taisou Daiichi,ようかい体操第一,ようかいたいそうだいいち
Haato a ra moodo,ハートアラモード,はーとあらもーど
Tsurareta Otoko to Yume Onna,吊られた男と夢女,つられたおとことゆめ
Shura no Niwa,修羅ノ庭,しゅらのにわ
Tetorodotokisaiza Ni Gou,テトロドトキサイザ2号,てとろどときさいざにごう
Monotoon Korekutaa,モノトーンコレクター,ものとーんこれくたー
Sayonara Ryou-Kataomoi,さよなら両片想,さよならりょうかたおもい
Yoru no Yume,よるのゆめ,よるのゆめ
Rozetta,ロゼッタ,ろぜった
Ookina Sekai,大きなセカイ,おおきなせかい
Sekai no Hazama,セカイの狭間,せかいのはざま
Keppekishou,ケッペキショウ,けっぺきしょう
Bungaku Shounen no Yuu Utsu,文学少年の憂鬱,ぶんがくしょうねんのゆううつ
Nantonaku Ittemitai Kotoba,何となく言ってみたい言葉,なんとなくいってみたいことば
Orenji,オレンジ,おれんじ
Masa ni... Masa ni... Megami-sama!!,まさに・・・まさに・・・女神サマ!!,まさにまさにめがみさま
Umiyuri Kaiteitan,ウミユリ海底譚,うみゆりかいていたん
Toosenbo,とおせんぼ,とおせんぼ
Sakasama Uchuu,さかさまうちゅう,さかさまうちゅう
Shounen to Mahou no Robotto,少年と魔法のロボット,しょうねんとまほうのろぼっと
Hoshi ni Negai ga Todoku nara,星に願いが届くなら,ほしにねがいがとどくなら
Sore ga Anata no Shiawase to Shite mo,それがあなたの幸せとしても,それがあなたのしあわせとしても
Bouken no Sho ga Kiemashita!,ぼうけんのしょがきえました!,ぼうけんのしょがきえました
Aru Bakeneko no Koi Monogatari,或る化け猫の恋物語,あるるばけねこのこいものがたり
Niji,虹,にじ
Majikaru Shinmetori,マジカルシンメトリ,まじかるしんめとり
Katorea,カトレア,かとれあ
Chou to Hana to Kumo,蝶と花と蜘蛛,ちょうとはなとくも
Pazuru,パズル,ぱずる
Suisei,彗星,すいせい
Shokora to Inseki,ショコラと隕石,しょこらといんせき
Kyandi Adikuto Furu Koosu,キャンディアディクトフルコォス,きゃんでぃあでぃくとふるこぉす
Jubunairu,ジュブナイル,じゅぶないる
Sayonara·Gubbai,サヨナラ・グッバイ,さよならぐっばい
Invijivuru Kokupitto,インヴィジヴルコクピット,いんゔぃじゔるこくぴっと
Burakku Goorudo,ブラックゴールド,ぶらっくごーるど
Kakumei,革命,かくめい
Kaze ga Fukeba Jinrui ga Owaru,風が吹けば人類が終わる,かぜがふけばじんるいがおわる
Ame ga Futte.,雨が降って。,あめがふって
Kaanibaru,カーニバル,かーにばる
Kicchin de Kappa ga Tanishi Yudeteru,キッチンでカッパがタニシ茹でてる,きっちんでかっぱがたにしゆでてる
Suriipu・Sukai・Wouku,スリープ・スカイ・ウォーク,すりーぷすかいうぉーく
Disutopia・Jipangu,ディストピア・ジパング,でぃすとぴあじぱんぐ
Kanjou Dorobou,感情泥棒,かんじょうどろぼう
Matsuribayashi,祭囃子,まつりばやし
Kagerou Nikki,蜻蛉日記,かげろうにっき
Doutoku no Jukai,道徳の樹海,どうとくのじゅかい
Sekai no Hajimari,世界のはじまり,せかいのはじまり
Babiron,バビロン,ばびろん
Kakurenbo,かくれんぼ,かくれんぼ
Genjitsu,幻日,げんじつ
Tasukete Doraemon,たすけてドラえもん,たすけてどらえもん
Kono Uta ga Owatte mo,この歌が終わっても,このうたがおわっても
Kurou Gaaru,クロウガール,くろうがーる
Maigo Raifu,迷子ライフ,まいごらいふ
Yotsuba no Kuroobaa,よつばのクローバー,よつばのくろーばー
Juusan-banme no Mokushiroku,十三番目の黙示録,じゅうさんばんめのもくしろく
Gachapocha,がちゃぽちゃ,がちゃぽちゃ
Romaji: Sadisutikku Rabu,サディスティック・ラブ,さでぃすてぃっくらぶ
PojiPoji,ポジポジ,ぽじぽじ
Bungaku Shoujo Insein,文学少女インセイン,ぶんがくしょうじょいんせいん
Haru! Sakura! Ninja!,春!桜!ニンジャ!,はるさくらにんじゃ
Suupaa Hiiroo,スーパーヒーロー,すーぱーひーろー
Sakusesu☆Rabu☆Misshon,さくせす☆ラブ☆みっしょん,さくせすらぶみっしょん
Kuriya Sukai Kikan,クリヤスカイ機関,くりやすかいきかん
Miito Miitsu Gaaru,ミートミーツガール,みーとみーつがーる
Aoi Konbini de Aimashou,青いコンビニであいましょう,あおいこんびにであいましょう
Mitsuboshi Reshipi,三ッ星レシピ,みつぼしれしぴ
Karafuru Firutaa,カラフルフィルター,からふるふぃるたー
Konbini to Anata no Soujisei ni Kansuru Arekore,コンビニとあなたの相似性に関するアレコレ,こんびにとあなたのそうじせいにかんするあれこれ
Konbini Yotte Kaerouyo,コンビニよって帰ろうよ,こんびによってかえろうよ
Sutoraipu no Santakurousu,ストライプのサンタクロース,すとらいぷのさんたくろーす
Haremachi Yozora,ハレマチ夜空,はれまちよぞら
Kimi no Sei dayo.,きみのせいだよ。,きみのせいだよ
Chekku en Cheisu,チェックエンチェイス,ちぇっくえんちぇいす
Naifu,ナイフ,ないふ
Purimavueera,プリマヴェーラ,ぷりまゔぇーら
Yumemidori,夢魅鳥,ゆめみどり
Suzume no Namida,スズメノナミダ,すずめのなみだ
Kimi no Taion,君の体温,きみのたいおん
Koneko no Paya Paya,子猫のパヤパヤ,こねこのぱやぱや
Betsuni-kun to Kirai-chan,ベツニ君とキライちゃん,べつにくんときらいちゃん
Rokkuya-san no Gudaguda Mainichi,ロック屋さんのぐだぐだ毎日,ろっくやさんのぐだぐだまいにち
Kokyuu,呼吸,こきゅう
Yuugure Sensei,夕暮れ先生,ゆうぐれせんせい
Toumei Suisai,透明水彩,とうめいすいさい
Zutto Kono Mama,ずっとこのまま,ずっとこのまま
Futari de.,ふたりで。,ふたりで
Yakusoku,約束,やくそく
Yoake to Hotaru,夜明けと蛍,よあけとほたる
Ji Owata\(^0^)/,ジオワタ\(^0^)/,じおわた
Nakimushi Kareshi,泣キ虫カレシ,なきむしかれし
Nanatsu no Kane,七つの鐘,ななつのかね
Puropaganda,プロパガンダ,ぷろぱがんだ
Isshinfuran,一心不乱,いっしんふらん
Hatsukoi Gakuen・Jun'ai Ka,初恋学園・純愛科,はつこいがくえんじゅんあいか
Kyouki Ranbu,狂喜乱舞,きょうきらんぶ
Iya Iya Seijin,イヤイヤ星人,いやいやせいじん
Gekioko Punpun Maru,激おこぷんぷん丸,げきおこぷんぷんまる
Naitomea☆Paatii Naito,ナイトメア☆パーティーナイト,ないとめあぱーてぃーないと
Doushite Kou Natta,どうしてこうなった,どうしてこうなった
Asutoronootsu,アストロノーツ,あすとろのーつ
Sora no Sakana,そらのサカナ,そらのさかな
Sore ga Bokura no JASUTISU,それが僕らのジャスティス,それがぼくらのじゃすてぃす
Yakubyougami,ヤクビョウガミ,やくびょうがみ
Shuuen no Shiori,終焉ノ栞,しゅうえんのしおり
Aru Futekigousha no Dokuhaku,或る不適合者の独白,あるるふてきごうしゃのどくはく
Usotsuki Beti,嘘つきベティ,うそつきべてぃ
Doubutsu Uranai,どうぶつ占い,どうぶつうらない
Rorikon wa Dame da yo~,ろりこんはだめだよー,ろりこんはだめだよー
Harou Sutorobo,ハローストロボ,はろーすとろぼ
Garakuta no Erejī,ガラクタのエレジー,がらくたのえれじー
Toraianguru Haato,トライアングル・ハート,とらいあんぐるはーと
Sutorobo Raito,ストロボライト,すとろぼらいと
Uta o Utau Hito,うたをうたうひと,うたをうたうひと
Reiyaa Rabu,れいやー・らぶ,れいやーらぶ
Inobeeshon,イノベーション,いのべーしょん
Sainou Sanpuraa,サイノウサンプラー,さいのうさんぷらー
"Ameku, Yukinaku.","""雨く、雪なく。""",あめくゆきなく
Hoshi no Uta,星の唄,ほしのうた
Tsugihagi Staccato,ツギハギスタッカート,つぎはぎすたっかーと
Kureijii・Kuraun,クレイヂィ・クラウン,くれいぢぃくらうん
Boku wa Haineko,僕は灰猫,ぼくははいねこ
Hi Rai Shin,飛雷震,ひらいしん
Ai×Ai Hoissuru,愛×愛ホイッスル,あいかけるあいほいっする
Aikagi Ganman to Aikagi Ninja,合鍵ガンマンと合鍵忍者,あいかぎがんまんとあいかぎにんじゃ
Yume no Tonneru,夢のトンネル,ゆめのとんねる
Masutaa Obu Papettsu,マスターオブパペッツ,ますたーおぶぱぺっつ
Tsuki Mukou Made no Toraberu,月向うまでのトラベル,つきむこうまでのとらべる
Jugemu Shiikensaa,ジュゲムシーケンサー,じゅげむしーけんさー
Sunoman,スノーマン,すのーまん
Naito ando Dei,ナイトアンドデイ,ないとあんどでい
Repurikanto,レプリカント,れぷりかんと
"GUBBAI, ROKKU N ROORU",グッバイ、ロックンロール,ぐっばいろっくんろーる
Erekutorikku・Sutaa,エレクトリック・スター,えれくとりっくすたー
Yuki Usagi,ゆきうさぎ,ゆきうさぎ
Manatsu no Juusei,真夏の銃声,まなつのじゅうせい
Shoujo Misui,少女未遂,しょうじょみすい
Sora to Tsunagaru Made,空と繋がるまで,そらとつながるまで
Sayonara Porarisu,さよならポラリス,さよならぽらりす
Torikorooru Ea Rain,トリコロール・エア・ライン,とりころーるえあらいん
Suteppu Fowādo,ステップフォワード,すてっぷふぉわーど
Sakura no Kisetsu,桜の季節,さくらのきせつ
Mitsugetsu An Du Torowa,蜜月アン・ドゥ・トロワ,みつげつあんどぅとろわ
Kankoku no Minasan Shinde Kudasai,韓国の皆さん 死んでください,かんこくのみなさんしんでください
Ai,愛,あい
Sora No Kanata,ソラノカナタ,そらのかなた
Bokumetsu na no desu!,撲滅なのです!,ぼくめつなのです
Kuppuku to Taida,屈服と怠惰,くっぷくとたいだ
Nankai Ren'ai,ナンカイレンアイ,なんかいれんあい
Kimi ni,キミに,きみに
Bureinzu Gaisuto,ブレインズガイスト,ぶれいんずがいすと
Inishie ni Fuuin Sareshi Kyuukyoku Kuro Mahou (Butsuri),古に封印されし究極黒魔法(物理),いにしえにふういんされしきゅうきょくくろまほうぶつり
Raia,ライア,らいあ
Haato Tu Haato,ハートトゥハート,はーととぅはーと
Piero Purei,ピエロプレイ ,ぴえろぷれい
Nibyoukan,ニビョウカン,にびょうかん
Okizari Tsukiyo Shou,置き去り月夜抄,おきざりつきよしょう
Morumotto to Youhei,モルモットと傭兵,もるもっととようへい
Shugaabain,シュガーバイン,しゅがーばいん
Enzerufisshu,エンゼルフィッシュ,えんぜるふぃっしゅ
Sayoko,小夜子,さよこ
Kono Shiawase wo,このしあわせを,このしあわせを
Bai Bai Sūpāsutā,ばいばいスーパースター,ばいばいすーぱーすたー
Ame ga Fureba,あめがふれば,あめがふれば
Kimi wo Wasurenai,きみをわすれない,きみをわすれない
Kimi no Koe,キミノコエ,きみのこえ
Haiiro no Rakuen,灰色の楽園,はいいろのらくえん
Appaa Chuun,アッパーチューン,あっぱーちゅーん
Minna de! Yattaa!!,みんなで!やったー!!,みんなでやったー
Nemuri Hime,ネムリヒメ,ねむりひめ
Jun'ai Risutoreinto,純愛リストレイント,じゅんあいりすとれいんと
Hoshi Hime,星姫,ほしひめ
Dandan Takaku Naru,だんだん高くなる,だんだんたかくなる
Onigumo to Kitsune no Shishi to,鬼蜘蛛ト狐ノ獅子ト,おにぐもときつねのししと
Hajimari no Sayonara,ハジマリノサヨナラ,はじまりのさよなら
Kimi ga Mata Utaitaku Naru Koro ni.,キミがまた歌いたくなる頃に。,きみがまたうたいたくなるころに
Nyuusu 39,ニュース39,にゅーす
Asu no Hikari,アスノヒカリ,あすのひかり
Kyousou Hyupunoshisu,狂躁ヒュプノシス,きょうそうひゅぷのしす
Chokoreito no Namida,チョコレイトの涙,ちょこれいとのなみだ
Kotoba no Iranai Yakusoku,"言葉のいらない約束""",ことばのいらないやくそく
Manatsu no Senkou,真夏の閃光,まなつのせんこう
Hoshi no Kakera,星のかけら,ほしのかけら
Mahou no Kotoba,魔法の言葉,まほうのことば
Suuji Asobi Kuizu,数字遊びクイズ,すうじあそびくいず
Okotowari Shimasu,お断りします,おことわりします
Shimiyuku,シミユク,しみゆく
Otona Paati,オトナ・パーティ,おとなぱーてぃ
Taitoru,タイトル,たいとる
Koudai na Ginga,広大な銀河,こうだいなぎんが
Itachigokko ∞ Lovers,いたちごっこ ∞ らゔぁーず,いたちごっこらゔぁーず
Rin-tan no tēma,リンたんのテーマ,りんたんのてーま
Ren-tan no tēma,レンたんのテーマ,れんたんのてーま
Miku-tan no Teema,ミクたんのテーマ,みくたんのてーま
"Itsuka, Shinderera ga",いつか、シンデレラが,いつかしんでれらが
Hakoniwa no Yume,箱庭の夢,はこにわのゆめ
Pantsu no Uta,ぱんつのうた,ぱんつのうた
Tengoku to Jigoku,てんごくとじごく,てんごくとじごく
Toriatama,トリアタマ,とりあたま
Shiawase no Katachi,幸せのかたち,しあわせのかたち
Haisensu Nansensu,ハイセンスナンセンス,はいせんすなんせんす
Onegai Sekai,オネガイセカイ,おねがいせかい
Mahou no Kagami,魔法の鏡,まほうのかがみ
Peropero,ぺろぺろ,ぺろぺろ
Teito Gunjou,帝都群青,ていとぐんじょう
Anderutse,アンデルツェ,あんでるつぇ
Garakuta Pareedo,ガラクタ・パレード,がらくたぱれーど
Puraguauto,プラグアウト,ぷらぐあうと
Omuraisu ga Taberarenai,オムライスが食べられない,おむらいすがたべられない
Gobanme no Piero,五番目のピエロ,ごばんめのぴえろ
Tsubaki Oni,椿鬼,つばきおに
Mahou Shoujo Koufukuron,魔法少女幸福論,まほうしょうじょこうふくろん
Erekutoronikku・Jenosaido,エレクトロニック・ジェノサイド,えれくとろにっくじぇのさいど
Makeinu Shijou Shugi,負け犬至上主義,まけいぬしじょうしゅぎ
Noboribou,のぼり棒,のぼりぼう
Kotoba Asobi,言葉遊び,ことばあそび
Sayonara Dake ga Jinsei da,さよならだけが人生だ,さよならだけがじんせいだ
Kokoro Kizu,ココロキズ,こころきず
KURISUMASU ROOZU,"""クリスマスローズ""",くりすますろーず
Shokuetsu Parasaito,"食悦パラサイト'''"" ",しょくえつぱらさいと
Debu no Subete,デブのすべて,でぶのすべて
Ton Ton Mae!,とんとんまーえ!,とんとんまーえ
Maindo Burando,マインドブランド,まいんどぶらんど
Garakuta to Kagayakanai Hoshi,ガラクタと輝かない星,がらくたとかがやかないほし
Moukyoujo,孟姜女,もうきょうじょ
Mangetsu no Jikkenshitsu,満月の実験室,まんげつのじっけんしつ
Umitagari,うみたがり,うみたがり
Doushite-chan no Teema,どうしてちゃんのテーマ,どうしてちゃんのてーま
Utautai no Uta,うたうたいのうた,うたうたいのうた
Tsumetai Te,冷たい手,つめたいて
Meryuu,メリュー,めりゅー
732 Nichi,732日,にち
Mirai no Uta,未来の歌,みらいのうた
Watashi no Nanatsu no Oiwai ni,私ノ七ツノオ祝イニ,わたしのななつのおいわいに
Barerii Ko,バレリーコ,ばれりーこ
Futariboshi,フタリボシ,ふたりぼし
Kamigami no Shimon,神々の指紋,かみがみのしもん
Sandee Rabu Jetto Juusu,サンデーラブジェットジュース,さんでーらぶじぇっとじゅーす
Kuiin Obu Haato,クイーンオブハート ,くいーんおぶはーと
Ame,雨,あめ
Suiito Dekora Aisu Kuriimu Horikku,スイートデコラアイスクリームホリック,すいーとでこらあいすくりーむほりっく
Rin Rin Rintte Shitekurin♪,リンリンリンってしてくりん♪,りんりんりんってしてくりん
Yuugure Nosutarujikku,夕暮れノスタルジック,ゆうぐれのすたるじっく
Tsuukasei Majikku Pen,通過性マジックペン,つうかせいまじっくぺん
Kotonoha Yuugi,言ノ葉遊戯,ことのはゆうぎ
Kikoete Imasu ka,聴こえていますか,きこえていますか
Hoshi wo Tsukuru Hito,ほしをつくるひと,ほしをつくるひと
Peyangu Dabaa,ペヤングだばあ,ぺやんぐだばあ
Juunanasai no Shinigami,十七歳の死神,じゅうななさいのしにがみ
Kuusou Shoumonai Hibi,空想しょうもない日々,くうそうしょうもないひび
Aka Pen Onegai Shimasu,赤ペンおねがいします,あかぺんおねがいします
Ai to Uragirisu,愛とウラギリス,あいとうらぎりす
Pinku Muun,ピンクムーン,ぴんくむーん
Hajimemashite Chikyuujin-san,はじめまして地球人さん,はじめましてちきゅうじんさん
Kuroi Tou no Ouji,黒い塔の王子,くろいとうのおうじ
Zekkyou Paranoia,絶境パラノイア,ぜっきょうぱらのいあ
Hoshiori Uta,星織り唄,ほしおりうた
Mama,ママ,まま
Yuuhigaoka ni Saita Hana wa,夕陽ケ丘に咲いた花は,ゆうひがおかにさいたはなは
Mei,メイ,めい
Amagasa Kakumei,雨傘革命,あまがさかくめい
Hitori-bocchi no UFO,ひとりぼっちのユーエフオー,ひとりぼっちのゆーえふおー
Nijiiro Yuuki,虹色勇気,にじいろゆうき
Ame to Kusari,飴と鎖,あめとくさり
Masumati Gaaru,マスマティガール,ますまてぃがーる
Kauntodaun,カウントダウン,かうんとだうん
Oorudo Rajio,オールドラジオ,おーるどらじお
Hansuu to Fuka,反芻と孵化,はんすうとふか
Kuku no Uta,九九の歌,くくのうた
Piero,ピエロ,ぴえろ
Tojinai Me,閉じない目,とじないめ
Sukuramaizu,スクラマイズ,すくらまいず
Gekijou Ai Ka,劇場愛歌,げきじょうあいか
Natsu Sou Ei,夏葬詠,なつそうえい
Doro ni Nemuru Soko ni Nemuru,泥に眠る底に眠る,どろにねむるそこにねむる
Taiyou Pakupaku,太陽ぱくぱく,たいようぱくぱく
Razuberii*Monsutaa,ラズベリー*モンスター,らずべりーもんすたー
Koperunikusu,コペルニクス,こぺるにくす
Kago no Tori,籠の鳥,かごのとり
Perusonariti Conpurekkusu,ペルソナリティ・コンプレックス,ぺるそなりてぃこんぷれっくす
Ai no Uta,愛の詩,あいのうた
Boku no Sainou,僕のサイノウ,ぼくのさいのう
Enkyori Koibito ni Aitai,遠距離恋人に会いたい,えんきょりこいびとにあいたい
Shokuji,食事,しょくじ
Miraikei Inosensu,未来景イノセンス,みらいけいいのせんす
Saikorojikku,サイコロジック,さいころじっく
Doraggu Sukoa,ドラッグスコア,どらっぐすこあ
Yume Hanabi,夢花火,ゆめはなび
Haatofuru Messeeji,ハートフルメッセージ,はーとふるめっせーじ
Gurea,グレア,ぐれあ
Amata Moyou,あまた模様,あまたもよう
Sekai no Chuushin ni Kimi ga Iru,世界の中心に君がいる,せかいのちゅうしんにきみがいる
Ai ga Tarinai,愛が足りない,あいがたりない
Boudou,暴動,ぼうどう
Suiito Majikku,スイートマジック,すいーとまじっく
Fumenai Daichi to Te no Todoku Sora,踏めない大地と手のとどく空,ふめないだいちとてのとどくそら
Amedama,あめだま,あめだま
Kabi Haeta Uta,カビはえたうた ,かびはえたうた
Wansuteppu Reiyaado,ワンステップ・レイヤード,わんすてっぷれいやーど
Kusari,鎖,くさり
Marionetto Shindoroomu,マリオネットシンドローム,まりおねっとしんどろーむ
Gizumo,ぎずも,ぎずも
Boku no Naka no Ana,ぼくの なかの あな,ぼくのなかのあな
Baibai Sukaiburuu,"""ばいばいスカイブルー""",ばいばいすかいぶるー
Setsuna Purasu,刹那プラス,せつなぷらす
Yonjuunana,ヨンジュウナナ,よんじゅうなな
Akaito,アカイト,あかいと
Kuuchuu Yuuei,空中遊泳,くうちゅうゆうえい
Kyuukutsu no Tetsugaku,窮屈の哲学,きゅうくつのてつがく
Yume to Hazakura,夢と葉桜,ゆめとはざくら
Sasurau Tabibitotachi,さすらう旅人たち,さすらうたびびとたち
Pedaru Haato,ペダルハート,ぺだるはーと
Tayutau Yumeji,揺蕩う夢路,たゆたうゆめじ
Ai no Mayoigo,愛のまよいご,あいのまよいご
Sakura Uta Kanade,桜歌奏,さくらかなで
Rinkaaneeshon,リンカーネーション,りんかーねーしょん
Naito Obu Raito,ナイト・オブ・ライト,ないとおぶらいと
Merankorii,メランコリー,めらんこりー
Hoshifuru Yoru no Komori Uta,星降る夜の子守唄,ほしふるよるのこもりうた
Saasha,サーシャ,さーしゃ
Emo Rabu,えもラブ,えもらぶ
Jisatsu no Uta,自殺のうた,じさつのうた
Issou Chigiri,一双契り,いっそうちぎり
Shinryaku,侵略,しんりゃく
Nanatsu no Tsumi to Batsu,七つの罪と罰,ななつのつみとばつ
Sekai de Ichiban Chikaku ni Iru no ni,世界で一番近くに居るのに,せかいでいちばんちかくにいるのに
Sakura no you na Koi Deshita,桜のような恋でした,さくらのようなこいでした
Uu Nyaa Puu,うーにゃーぷー,うーにゃーぷー
Tokimeki Hapinesu☆,トキメキはぴねす☆,ときめきはぴねす
Kimi no Moto e,キミノモトヘ,きみのもとへ
Asu no Yozora Shoukaihan,アスノヨゾラ哨戒班,あすのよぞらしょうかいはん
Yoru no Kakera,夜の欠片,よるのかけら
Toukyou Zonbi Rando,東京ゾンビランド,とうきょうぞんびらんど
Koori no Netsujou,氷の熱情,こおりのねつじょう
Sakura Mau Ima,桜舞う 今,さくらまういま
"Gimi Rabu, Gimi Kisu",ギミラブ、ギミキス,ぎみらぶぎみきす
Usotsuki Majo to Haiiro no Niji,嘘つき魔女と灰色の虹,うそつきまじょとはいいろのにじ
Maindo Boisu,マインドボイス,まいんどぼいす
Sayonakidori,サヨナキドリ,さよなきどり
Ayumi no Michi,歩ノ路,あゆみのみち
Ronrii Puranetaria,ロンリィプラネタリア,ろんりぃぷらねたりあ
Rappa Fuki no Shounen,ラッパ吹きの少年,らっぱふきのしょうねん
Sakura Maichirinu,桜舞イ散リヌ,さくらまいいちりぬ
Hana to Yume,花とゆめ,はなとゆめ
Henachoko Knight,へなちょこナイト,へなちょこないと
Kuroi Taiyou,黒い太陽,くろいたいよう
Den Paradaimu,デンパラダイム,でんぱらだいむ
Rakuin,烙印,らくいん
Wasurenaide,忘れないで,わすれないで
Mada Aishiteru,まだ愛してる,まだあいしてる
Watashitachi no Kako,私たちの過去,わたしたちのかこ
"Merii Kurisumasu, Mai Hiiroo.",メリークリスマス、マイヒーロー。,めりーくりすますまいひーろー
Purasuchikku・Gaaru,プラスチック・ガール,ぷらすちっくがーる
Ofutun Furaingu Shisutemu,オフトゥンフライングシステム,おふとぅんふらいんぐしすてむ
Sayonara Arigatou,さよならありがとう,さよならありがとう
Guren Hyakkiyakou,紅蓮百鬼夜行,ぐれんひゃっきやこう
Nisemono Gyazaringu,偽物ギャザリング,にせものぎゃざりんぐ
Pinku Supaidaa,ピンクスパイダー,ぴんくすぱいだー
Dokutaa=Fankubiito,ドクター=ファンクビート,どくたーふぁんくびーと
Cherii Cherii,チェリーチェリー,ちぇりーちぇりー
Dare mo Shiranai,誰も知らない,だれもしらない
Rihaasaru,リハーサル,りはーさる
Oyasumi no Uta,おやすみの唄,おやすみのうた
Nugeba Ii tte Mon ja Nai!,脱げばいいってモンじゃない!,ぬげばいいってもんじゃない
Ginsei no Arutemisu,銀聖のアルテミス,ぎんせいのあるてみす
Hakoniwa no Shoujo,箱庭の少女,はこにわのしょうじょ
Chaban Kapurishio,茶番カプリシオ,ちゃばんかぷりしお
"Kimi wa, Boka no,",キミハ、ボクノ、,きみはぼくの
Sandome no Fuyu,三度目の冬,さんどめのふゆ
Monokurōmumonorōgu,モノクロームモノローグ,ものくろーむものろーぐ
Ancheindo Memorii,アンチェインド・メモリー,あんちぇいんどめもりー
Penshiru Deizu,ペンシル・デイズ,ぺんしるでいず
Rasuto Rasuto,ラストラスト,らすとらすと
Kuriaransu Seeru ・ Faitaa,クリアランスセール・ファイター,くりあらんすせーるふぁいたー
Mujin Eki,無人駅,むじんえき
"\Nekomimi, Suki desu ka!/",\ネコミミ、好きですか!/,ねこみみすきですか
Otonagai Shimasu,大人買いします,おとながいします
Himitsu no Shukumei,秘密の宿命,ひみつのしゅくめい
Geragera to Warauna,ゲラゲラと笑うな,げらげらとわらうな
Setsuna Doraibu,セツナドライブ,せつなどらいぶ
Sutaasutoraku,スターストラク,すたーすとらく
Ibuki,息吹,いぶき
Tajiu Jinkaku,タヂウ人格,たぢうじんかく
Oha-Yo-del!!,おはヨーデル,おはよーでる
Sukotoomafobia,スコトーマフォビア,すことーまふぉびあ
Koisuru Apuri,恋するアプリ,こいするあぷり
Ookami no Shounen no Tou,狼の少年の塔,おおかみのしょうねんのとう
Oni Kanojo,鬼彼女,おにかのじょ
Yakiimo no Uta,やきいものうた,やきいものうた
Editto Moodo no Uta,えでぃっともーどのうた,えでぃっともーどのうた
Boukoku Kyouen Naitomea,亡国饗宴ナイトメア,ぼうこくきょうえんないとめあ
Ganbarou yo,頑張ろうよ,がんばろうよ
Aka Kese no Uta,垢消せのうた,あかけせのうた
Hisenkei no Tsubasa,非線形の翼,ひせんけいのつばさ
Zenmai Jikake no Komoriuta,ぜんまい仕掛けの子守唄,ぜんまいじかけのこもりうた
Hane no Nai Senaka ni,羽のない背中に,はねのないせなかに
Kureijii Gureneedo Kurasshaa Bonbaa,クレイジーグレネードクラッシャーボンバー,くれいじーぐれねーどくらっしゃーぼんばー
Kokoro Chaaji Myuujikku,ココロ・チャージ・ミュージック,こころちゃーじみゅーじっく
Amaki Shi no Hitsugi,甘き死の柩,あまきしのひつぎ
Erikubi,襟首,えりくび
Itsumo Yori Nakimushi na Sora,いつもより泣き虫な空,いつもよりなきむしなそら
Usagi hoomushikku,うさぎホームシック,うさぎほーむしっく
Yuurei Ningyou,幽霊人形,ゆうれいにんぎょう
Sorairo!,ソライロ!,そらいろ
"Atashi tte, Honto Baka",あたしって、ほんとバカ,あたしってほんとばか
Kugui,鵠(くぐい),くぐいくぐい
Akai Numa no Soko,赤い沼の底,あかいぬまのそこ
Antai,安泰,あんたい
Yamato Nadeshiko,大和撫子,やまとなでしこ
Omocha bako,オモチャ箱,おもちゃばこ
Ourin no Honoo,黄燐の炎,おうりんのほのお
Juppun no Koi,10分の恋,じゅっぷんのこい
Gekkou to Kuro,月光と黒,げっこうとくろ
Hiraita Tegami ni,ひらいたてがみに,ひらいたてがみに
Denshi,電子,でんし
Mata Aeru Yo,またあえるよ,またあえるよ
Gurea,グレア,ぐれあ
Aoi Koori no Shiro,青い氷の城,あおいこおりのしろ
Surii Piisu Horowu,スリー・ピース・ホロウ,すりーぴーすほろう
"Hagane no Joou, Ori no Hime",鋼ノ女王、檻ノ姫,はがねのじょおうおりのひめ
Umi ni Natta Shounen,海になった少年,うみになったしょうねん
Zureteiku,ずれていく,ずれていく
Hoshizora Dansu,星空ダンス,ほしぞらだんす
Yabee Bare Chatta,ヤベーばれちゃった,やべーばれちゃった
Kaitei Shinsou Rapuchaa,海底深層ラプチャァ,かいていしんそうらぷちゃぁ
Doriimu Merutikku Harowin,ドリィムメルティックハロウィン,どりぃむめるてぃっくはろうぃん
Kuuchuu Teien,空中庭園,くうちゅうていえん
Idarugo,イダルゴ,いだるご
Suki suki Darling,すきすきだぁりん,すきすきだぁりん
Yume Nikki no Tame no Waltz,ゆめにっき の ため の ワルツ,ゆめにっきのためのわるつ
"Yoru no Naka, Shunsetsu",夜の中、春雪,よるのなかしゅんせつ
Sazanami,漣,さざなみ
Omoi Kibako,重い木箱,おもいきばこ
"Haikei, Ido no Sokokara",拝啓、井戸の底から,はいけいいどのそこから
Shitai yo (male),したいよ,したいよ
Kokyou no Sora ni,故郷の空に,こきょうのそらに
Yotei Chouwa ni Shizumu,予定調和に沈む,よていちょうわにしずむ
"Kyou, Sotsugyou Shimasu.",今日、卒業します。,きょうそつぎょうします
Jiraigen Yomichi,地雷原夜道,じらいげんよみち
Oto no Shizuku,音のしずく,おとのしずく
Mirakuru Tayun,ミラクルたゆん,みらくるたゆん
Arisu,アリス,ありす
Sekai no Hajimari,世界のはじまり,せかいのはじまり
Takanari,タカナリ,たかなり
Zonbi Meikaa,ゾンビメイカー,ぞんびめいかー
Kiiwi,キーウィ,きーうぃ
Rojikku Eejento,ロジックエージェント,ろじっくえーじぇんと
"Zutto, Zutto...",ずっと、ずっと・・・,ずっとずっと
Purisetto,プリセット,ぷりせっと
Pirori Kin no Uta,ピロリ菌のうた,ぴろりきんのうた
Yuki ga Tokeru Mae ni,雪がとける前に,ゆきがとけるまえに
Warabe Uta 3.0,わらべうた3.0,わらべうた
Kimi no Uwasa,君の噂,きみのうわさ
Goosuto Ruuru,ゴーストルール,ごーすとるーる
Kimi Koishi,君恋し,きみこいし
Meruri ni Suwaretai no?,メルリに吸われたいの?,めるりにすわれたいの
Kakure Oni,かくれおに,かくれおに
Dokubou Sutera Shiata,独房ステラシアタ,どくぼうすてらしあた
Supuraito Akeru Yoru ni,スプライト開ける夜に,すぷらいとあけるよるに
"Kimi no Hana to Ame, Boku no Koe",君の花と雨、僕の声,きみのはなとあめぼくのこえ
Machi no Miraizu,街の未来図,まちのみらいず
Okoto Kyoushitsu,おこと教室,おこときょうしつ
Ai Uon Chuu,あいうぉんちゅー,あいうぉんちゅー
Higashi no Majo,東の魔女,ひがしのまじょ
Abazure ni Buruusu o,あばずれにブルースを,あばずれにぶるーすを
Warutsu no Ma ni Fukarete,ワルツの魔に吹かれて,わるつのまにふかれて
Garakuta no Boku Ni,がらくたの僕に,がらくたのぼくに
Tenohira,テノヒラ,てのひら
Shiro no Kisetsu,白の季節,しろのきせつ
Haroo Nyuu Waarudo,ハロー・ニューワールド,はろーにゅーわーるど
Karafuru na Ame to Monokuro no Kioku,カラフルな雨とモノクロの記憶,からふるなあめとものくろのきおく
Kuina,水鶏,くいな
Hatsutaiken,初体験 ,はつたいけん
Watashi no Aaru,わたしのアール,わたしのあーる
Merri Baddo,メリーバッド,めりーばっど
Ranshou Seimei,濫觴生命,らんしょうせいめい
Noraneko,ノラネコ,のらねこ
Dasuto,ダスト,だすと
Teitei Shinjae,ていていしんじゃえ,ていていしんじゃえ
Yumekui,ユメクイ,ゆめくい
Nemuraneeze,ネムラネーゼ,ねむらねーぜ
Utsukushii Hana,鬱くしい花,うつくしいはな
Shinpurizumu,シンプリズム,しんぷりずむ
"Shinitai Juudai, Koroshitai Nijuudai",死にたい十代、殺したい二十代,しにたいじゅうだいころしたいにじゅうだい
Sutoratokyasutaa,ストラトキャスター,すとらときゃすたー
Chi no Hana,血の華,ちのはな
Seishuu Rainaa,セイシュンライナー,せいしゅんらいなー
"Toki no Ame, Saishuu Sensou",時ノ雨、最終戦争,ときのあめさいしゅうせんそう
Kotonoha Kurinikku,言の葉クリニック,ことのはくりにっく
Shoujo Keshigomu,少女ケシゴム,しょうじょけしごむ
Atooi Jisatsu ni Teihyou no Arumicchan,後追い自殺に定評のあるみっちゃん,あとおいじさつにていひょうのあるみっちゃん
Manhooru Daibaa,マンホールダイバー,まんほーるだいばー
Koufuku na Shounen,幸福な少年,こうふくなしょうねん
Korusetto Waiyaa Dureeshon,コルセット・ワイヤー・デュレーション,こるせっとわいやーでゅれーしょん
Hatsune Miku no Yasashii Nemuri,初音ミクの優しい眠り,はつねみくのやさしいねむり
Hayari Kotoba,はやりことば,はやりことば
Bachisukeefu Karoru,バチスカーフ・カロル,ばちすかーふかろる
Hana Miru Hito,花見る人,はなみるひと
Kiyoku Tadashiku,清く正しく,きよくただしく
Kanzen na Kousou,完全な構想,かんぜんなこうそう
Mai Hatto Fantajii,マイハットファンタジー,まいはっとふぁんたじー
Haroo Waarudo,ハローワールド,はろーわーるど
Sekijitsu Anaguramu,昔日アナグラム,せきじつあなぐらむ
Soutai no Mon,相対の門,そうたいのもん
Ekohiiki,エコヒイキ,えこひいき
Shiawase no Kotoba,幸せの言葉,しあわせのことば
Mugen Yakou,無限夜行,むげんやこう
Kimi Nashi Bijon,キミナシビジョン,きみなしびじょん
Susanoo,スサノヲ,すさのを
Shuuen no Utahime,終焉の歌姫,しゅうえんのうたひめ
Kimera,キメラ,きめら
Tori Setsu,トリセツ,とりせつ
Hayashi Uta,囃子唄,はやしうた
Haru Koi Uta,ハルコイウタ,はるこいうた
Ue kara Mesen,上から目線,うえからめせん
"Boku Mitai na Kimi, Kimi Mitai na Boku",僕みたいな君 君みたいな僕,ぼくみたいなきみきみみたいなぼく
Petenshi ga Warau Koro ni,ペテン師が笑う頃に,ぺてんしがわらうころに
Kokuhaku,告白,こくはく
Karafuru × Sekushii,カラフル×セクシィ,からふるせくしぃ
Konekutikku Gaaru,コネクティックガール,こねくてぃっくがーる
Izayoi Gekka,十六夜月花,いざよいげっか
Tenshi Tsuihou,天使追放,てんしついほう
Guuzou Musen,偶像無線,ぐうぞうむせん
Ikirouta,イキロウタ,いきろうた
Enban,えんばん,えんばん
Tomoshibi,灯火,ともしび
Nekototori,ネコトトリ,ねこととり
Onaji Youni,同じように,おなじように
Maria,マリア,まりあ
Miku Miku☆Samaa Naito Fantajii,ミクミク☆サマーナイトファンタジー,みくみくさまーないとふぁんたじー
Myuujikku Raundo,ミュージックラウンド,みゅーじっくらうんど
Tsumi no Tsuki,罪ノ月,つみのつき
Dai Sanji Purin Sensou,第三次プリン戦争,だいさんじぷりんせんそう
Naichingerru no Uta,ナイチンゲールノウタ,ないちんげーるのうた
Syugaa Sain,シュガーサイン,しゅがーさいん
Katatsumuri,かたつむり,かたつむり
Pokkan Karaa,ぽっかんカラー,ぽっかんからー
Mata Ashita,また明日,またあした
☆Majikaru☆,☆マジカル☆,まじかる
Sorairo Deizu,空色デイズ,そらいろでいず
Yumemi Gokochi,夢見心地,ゆめみごこち
Kafe Ratte,カフェラッテ,かふぇらって
Kuroneko,黒猫,くろねこ
Tsumi no Namae,罪の名前,つみのなまえ
Riaru Hatsune Miku no Shoushitsu,リアル初音ミクの消失,りあるはつねみくのしょうしつ
Nayameru Shounen Nuge Shoujo,悩める少年脱げ少女,なやめるしょうねんぬげしょうじょ
Ookami Nanka Kowakunai!,おおかみなんかこわくないッ!,おおかみなんかこわくないっ
Tantei Yowane Haku no Yuuutsu,探偵弱音ハクの憂鬱,たんていよわねはくのゆううつ
Himawari to Uta no Hanataba,ひまわりと歌の花束,ひまわりとうたのはなたば
Greedy Halloween Candy Nights,グリィディハロウィンキャンディナイツ,ぐりぃでぃはろうぃんきゃんでぃないつ
Kujira no Machi,"""くじらの街",くじらのまち
364 Piisu no Jaanii,364ピースのジャーニー,ぴーすのじゃーにー
Yume no Shima,夢ノ島,ゆめのしま
Ameijingu Majishan,アメイジング・マジシャン,あめいじんぐまじしゃん
VOCALOID-tachi ga Tada tettey-terettey Suru Dake,ボーカロイドたちがただテッテーテレッテーするだけ,ぼーかろいどたちがただてってーてれってーするだけ
Genjitsu Nonfikkushon,現実ノンフィクション,げんじつのんふぃくしょん
Dekinai Sagi,デキナイ詐欺,できないさぎ
Katana Uta,刀歌,かたなか
Hanamusubi,花結び,はなむすび
Kuusou Shoujo,空想少女,くうそうしょうじょ
Hikarizakura,ヒカリザクラ,ひかりざくら
Attakaito,あったかいと,あったかいと
Nabaasu,ナーバス,なーばす
Happii Torappu,ハッピートラップ,はっぴーとらっぷ
Kimi no Kotoba,キミノコトバ,きみのことば
Matataki,またたき,またたき
Dokoka de Kiita Uta,どこかで聞いた唄,どこかできいたうた
Ito Denwa,糸電話,いとでんわ
Ai no Chaban Gekijou,あいの茶番劇場,あいのちゃばんげきじょう
Toshin,妬心,としん
"Nozarashi no Kubi, Onigashima Nite",野ざらしの首、鬼ヶ島にて,のざらしのくびおにがしまにて
Karafuu Poppu Biito,カラフルポップビート,からふるぽっぷびーと
Buchi Nuke! 2008!,ぶちぬけ!2008!,ぶちぬけ
Kikai Jikake no Utahime,機械仕掛けの歌姫,きかいじかけのうたひめ
Furu Pawaa! Majikaru Boisu!,フルパワー!まじかるぼいすっ!,ふるぱわーまじかるぼいすっ
Mentaru Risetto no Uta,メンタルリセットの歌,めんたるりせっとのうた
Chiruno no Suugaku Kyoushitsu,チルノのすうがく教室,ちるののすうがくきょうしつ
Sou Ai Sei Ri Ron,相愛性理論,そうあいせいりろん
Tsubaki no Hana,椿の花,つばきのはな
Asuterizumu,アステリズム,あすてりずむ
Donguri Korokoro,どんぐりころころ,どんぐりころころ
Hamabe no Uta,浜辺の歌,はまべのうた
Mosura no Uta,モスラの歌,もすらのうた
Kiseki no Yukue,奇跡の行方,きせきのゆくえ
Seichi Erusaremu,聖地エルサレム,せいちえるされむ
Bokaran Sagi,ボカラン詐欺,ぼからんさぎ
Rurira Rurira to Hibiku Uta,るりらるりらと響く唄,るりらるりらとひびくうた
Kimi Ijou Boku Miman,キミ以上、ボク未満。,きみいじょうぼくみまん
Mitsuba,みつば,みつば
Kimochiwarui,きもちわるい,きもちわるい
"Mata ne, Tameiki.",またね、ため息。,またねためいき
Ryuu no Tani to Taiyou no Toride,龍の谷と太陽の砦,りゅうのたにとたいようのとりで
Kirameki Sunou Sutaa Main,キラメキスノウスターマイン,きらめきすのうすたーまいん
Chururira・Chururira・Daddadda!,チュルリラ・チュルリラ・ダッダッダ!,ちゅるりらちゅるりらだっだっだ
Hoshi no Uta,ホシノウタ,ほしのうた
Kowarete iku,壊れて行く,こわれていく
Kibou no Uta,希望の歌,きぼうのうた
Kimi ga Suki,きみがすき,きみがすき
Eirian Gaarufurendo,エイリアンガールフレンド,えいりあんがーるふれんど
Tsuki to Fuusen,月と風船,つきとふうせん
Sukina Koto Dake de ii Desu,すきなことだけでいいです,すきなことだけでいいです
Seireen,せいれーん,せいれーん
China Cyber@Wo Ai Ni,チャイナサイバー@ウォーアイニー,ちゃいなさいばーうぉーあいにー
Kurisumasu Ibu no Yoru ni -Hitorimi Saido-,クリスマスイヴの夜に-独り身サイド-,くりすますいゔのよるにひとりみさいど
Yamete Yoshite Hairanaide,やめてよして入らないで,やめてよしてはいらないで
Aiiro no Chou,藍色の蝶,あいいろのちょう
Shita to Ura,舌と裏,したとうら
Onibi,鬼火,おにび
Hitosama Allergy,ヒトサマアレルギー,ひとさまあれるぎー
Arigatou no Kiseki,アリガトウノキセキ,ありがとうのきせき
Kubinashi Enbu Kyou,首無演舞狂,くびなしえんぶきょう
Shikyou Amanojaku,死凶天邪鬼,しきょうあまのじゃく
Kagami no Mahou,鏡の魔法,かがみのまほう
Shiroi Renga to Kuroi Mofuku,白いレンガと黒い喪服,しろいれんがとくろいもふく
Unmei Gokko,運命ごっこ,うんめいごっこ
Mugen Duroppu,夢幻ドロップ,むげんどろっぷ
Amagoi Uta,雨乞い唄,あまごいうた
Hiyashite Narasou Okashi no Ii Oto,冷やして鳴らそうお菓子のいい音,ひやしてならそうおかしのいいおと
Guree Zoon ni te.,グレーゾーンにて。,ぐれーぞーんにて
Tako Ruka Poruka,たこルカポルカ,たこるかぽるか
Iinari Reidee,唯々なりレイデエ,いいなりれいでえ
Torikku oa Toriito,とりっくおあとりーと,とりっくおあとりーと
Chotto,ちょっと,ちょっと
"Youkame, Ame ga Yamu Mae ni.","""八日目、雨が止む前に。""",ようかめあめがやむまえに
Taiyou,太陽,たいよう
Za Pyua Songu,ザ・ピュアソング,ざぴゅあそんぐ
Pokettosaizu Doramachikari,ポケットサイズ・ドラマチカリ,ぽけっとさいずどらまちかり
Boku to Kaeru no Rabu Romansu,僕とカエルのラブロマンス,ぼくとかえるのらぶろまんす
Kirai Kirai Jiga Hidai!,キライ・キライ・ジガヒダイ!,きらいきらいじがひだい
Taimu Toraberaa,タイムトラベラー,たいむとらべらー
San Kyuu Myuujikku!,39みゅーじっく!,みゅーじっく
Saisho no Tegami,最初の手紙,さいしょのてがみ
Jazu Dansu Suteppu,"""ジャズ・ダンス・ステップ""",じゃずだんすすてっぷ
Tameiki no Yukue,溜息の行方,ためいきのゆくえ
Hanarebanashi,ハナレバナシ,はなればなし
Sayonara Suubenia,さよならスーヴェニア,さよならすーゔぇにあ
Aishite,アイシテ,あいして
Iiya,いいや,いいや
Kimagure Merushii,気まぐれメルシィ,きまぐれめるしぃ
Watashi to Jurietto,私とジュリエット,わたしとじゅりえっと
Unmei no Megami,運命の女神,うんめいのめがみ
Onigashima no Shitou,鬼ヶ島ノ死闘,おにがしまのしとう
Koi Yami Rou,恋闇楼,こいやみろう
Shizumi Yuku Ai,沈みゆく哀,しずみゆくあい
Ingaritsu no Hana,因果律の花,いんがりつのはな
Shoujo Ningyou no Mita Yume,少女人形の見た夢,しょうじょにんぎょうのみたゆめ
Anakuronoizu,あなくろノイズ,あなくろのいず
Boku ga Saigo ni Tsukuru Puranetariumu,僕が最期に創るプラネタリウム,ぼくがさいごにつくるぷらねたりうむ
Ano Hashi ni Chikatte,あの橋に誓って,あのはしにちかって
Sakasa Bohyou no Neomaria,逆さ墓標のネオマリア,さかさぼひょうのねおまりあ
Dasshutsu Geemu,脱出ゲヱム,だっしゅつげゑむ
Esoragoto Supairaru,絵空事スパイラル,えそらごとすぱいらる
Himitsu no Papurika,秘密のパプリカ,ひみつのぱぷりか
Feiku Karaazu,フェイクカラーズ,ふぇいくからーず
Doukoku Kyuuketsuki (Doukoku Banpaia),慟哭吸血鬼,どうこくきゅうけつき
Dorufin Rei,ドルフィンレイ,どるふぃんれい
Kyarameru Taruto,キャラメルタルト,きゃらめるたると
Aishite Aishite Aishite,愛して愛して愛して,あいしてあいしてあいして
Gurukagon,グルカゴン,ぐるかごん
detsuaa-tsuaa,デツアーツアー,でつあーつあー
Furarete mo Furarete mo,振られても 振られても,ふられてもふられても
Misoshiru Paradaisu,みそしるパラダイス,みそしるぱらだいす
Himitsu no Kingyo,秘密ノ金魚,ひみつのきんぎょ
Sairen ni Madoromu,サイレンに微睡む,さいれんにまどろむ
Enkantaada,エンカンターダ,えんかんたーだ
Haroo Mai Waarudo,ハローマイワールド,はろーまいわーるど
Negai Saki Urami Chiru,願い咲き 恨み散る,ねがいさきうらみちる
Ageha Gurou,アゲハグロウ,あげはぐろう
Ribaashiburu Kyanpeen,リバーシブル・キャンペーン,りばーしぶるきゃんぺーん
Mentarizumu Maria,メンタリズムマリア,めんたりずむまりあ
Hoshi no Kuni,星の国,ほしのくに
Uguisu Baita,ウグイス売女,うぐいすばいた
Anzu,あんず,あんず
Yuudachi to Koi Hanabi,夕立と恋花火,ゆうだちとこいはなび
Gureito Bizu Shoutaimu,グレイトビズショウタイム,ぐれいとびずしょうたいむ
Pandora no Kagi,パンドラの鍵,ぱんどらのかぎ
Kamikire no Sekai,紙切れのセカイ,かみきれのせかい
Omoide Kakera,想イ出カケラ,おもいでかけら
Eirian Eirian,エイリアンエイリアン,えいりあんえいりあん
Kimi ga Iru,キミがいる,きみがいる
Yuuki no Uta,ゆうきのうた,ゆうきのうた
Butaiura no Hanayome,舞台裏の花嫁,ぶたいうらのはなよめ
Ren'ai Geemu,レンアイゲーム,れんあいげーむ
Hina Nige,雛逃げ,ひなにげ
Fukashi Kyoukaisen no Hazama nite,不可視境界線の狭間にて,ふかしきょうかいせんのはざまにて
Hikari yo,光よ,ひかりよ
Furoirain=Biburochika,フロイライン=ビブリォチカ,ふろいらいんびぶりぉちか
"Maegamisuto""",マエガミスト,まえがみすと
Akai Me no Reko,赤い眼のレコ,あかいめのれこ
Shian no Me,シアンの目,しあんのめ
Kaguya,迦具夜,かぐや
Ougon Konoha ga Mau Koro ni,黄金木の葉が舞う頃に,おうごんこのはがまうころに
Kami no Kotoba,カミノコトバ,かみのことば
Taitoru, ,
Uta,歌,うた
Aisai,アイサイ,あいさい
Chikin Haateddo,チキンハーテッド,ちきんはーてっど
Guren,紅蓮,ぐれん
Rihito,リヒト,りひと
Kakusei,覚醒,かくせい
Fumou!,不毛!,ふもう
Kamisama no Itazura,神様のいたずら,かみさまのいたずら
Koigokoro,コイゴコロ,こいごころ
Andante,アンダンテ,あんだんて
Orufeusu,オルフェウス,おるふぇうす
Nanatsu no Aizai,七つの愛罪,ななつのあいざい
Tenjou Tenge,天上天下,てんじょうてんげ
Yaten no Hi,夜天の陽,やてんのひ
Toki no Mawashibito,ときのまわしびと,ときのまわしびと
"Mou Ichido, Sakura Fubuki",もう一度、桜吹雪,もういちどさくらふぶき
Mizu no Mamoribito,みずのまもりびと,みずのまもりびと
Cheche Chekku Wan Tsuu!,チェチェ・チェック・ワンツー!,ちぇちぇちぇっくわんつー
Mousou Kanshou Daishou Renmei,妄想感傷代償連盟,もうそうかんしょうだいしょうれんめい
Tsurara no Nageki Uta,氷柱の嘆き唄,つららのなげきうた
Kumori nochi Yuki.,曇りのち雪。,くもりのちゆき
Sekibetsu no Himawari,惜別の向日葵,せきべつのひまわり
Amayo no Tsuki,雨夜の月,あまよのつき
Ame no Merodi,雨のメロディ,あめのめろでぃ
Yume no Uta,ゆめ の うた,ゆめのうた
Yume no Ohanashi,ゆめ の おはなし,ゆめのおはなし
Shounin to Tooi Machi,商人と遠い町,しょうにんととおいまち
Aijou Hanbaiki,愛情販売機,あいじょうはんばいき
Aoi Tori,蒼イ鳥,あおいいとり
Ijiwaru na Deai,イジワルな出会い,いじわるなであい
Neji,螺子,ねじ
Misuto ando Aamondo,ミストアンドアーモンド,みすとあんどあーもんど
Dantoudai no Aika,断頭台の哀歌,だんとうだいのあいか
Kurosu Shizaazu,クロスシザーズ,くろすしざーず
Mata Ashita Haru Mata Itsuka,また明日春またいつか,またあしたはるまたいつか
Mayuzumi no You na Sora kara,まゆずみのような空から,まゆずみのようなそらから
Hana ni Kawaru,花に変わる,はなにかわる
Koe,声,こえ
Nanairo Sekai,七色世界,なないろせかい
Noroi no Kugi,呪ノ釘,のろいのくぎ
Aira,アイラ,あいら
Niko Neko Nyanko Choko Sutoroberii,ニコネコニャンコチョコストロベリー,にこねこにゃんこちょこすとろべりー
Aimu Hai,アイムハイ,あいむはい
Nusubito Shinderera,盗人シンデレラ,ぬすびとしんでれら
haiyuki,灰雪,はいゆき
Mi ni Amaru Keibetsu,身に余る軽蔑,みにあまるけいべつ
Chiisana Tenshi,小さな天使,ちいさなてんし
"Sayounara, Hanadorobou-san",さようなら、花泥棒さん,さようならはなどろぼうさん
Howaito Happii,ホワイトハッピー,ほわいとはっぴー
Appuru Dotto Komu,アップルドットコム,あっぷるどっとこむ
Kago no Tori,籠ノ鳥,かごのとり
Suna no Wakusei,砂の惑星,すなのわくせい
Boku no Koe,ボクノコエ,ぼくのこえ
Kyuuketsuki to Piano,吸血鬼とピアノ,きゅうけつきとぴあの
Koisuru Wendigo,恋するウェンディゴ,こいするうぇんでぃご
Sora ni Todoku Suna no Yama,空に届く砂の山,そらにとどくすなのやま
Hibana,ヒバナ,ひばな
Boku no Kotoba,ボクノコトバ,ぼくのことば
Kosho Yashiki Satsujin Jiken,古書屋敷殺人事件,こしょやしきさつじんじけん
Ikoku Ningyoukan Satsujin Jiken,異国人形館殺人事件,いこくにんぎょうかんさつじんじけん
Uminaoshi,うみなおし,うみなおし
Kimi ga Ikitenaku te Yokatta,君が生きてなくてよかった,きみがいきてなくてよかった
Demodemo Naito,デモデモナイト,でもでもないと
Mayoigo Romanchisuto,迷い子ロマンチスト,まよいごろまんちすと
Rondon Suraggu Paati Hai,ロンドンスラッグパーティハイ,ろんどんすらっぐぱーてぃはい
Madara Karuta,マダラカルト,まだらかると
Ooedo Juria Naito,大江戸ジュリアナイト,おおえどじゅりあないと
Manikku,マニック,まにっく
Infuruensaa Izu Deddo,インフルエンサー・イズ・デッド,いんふるえんさーいずでっど
Shippaisaku Shoujo,失敗作少女,しっぱいさくしょうじょ
Inochi ni Kirawarete iru.,命に嫌われている。,いのちにきらわれている
Watashi ni Dekiru Hitotsu no Koto,私にできるひとつのこと,わたしにできるひとつのこと
Shinkai,深海,しんかい
Rabizu Porarisu,ラヴィズポラリス,らゔぃずぽらりす
Shiikuretto Koodo,シークレット・コード,しーくれっとこーど
Nia,ニア,にあ
Kanashimi ga,悲しみが,かなしみが
Puranetariumu,"プラネタリウム""",ぷらねたりうむ
Kimi no Uta,きみのうた,きみのうた
Goosuto Shippu,ゴーストシップ,ごーすとしっぷ
Yumemi Gachi na Monogatari,夢見がちな物語,ゆめみがちなものがたり
Amai Keibetsu,甘い軽蔑,あまいけいべつ
Seidenki Ningen,セイデンキニンゲン,せいでんきにんげん
Daarin,ダーリン,だーりん
Kieta Natsu no Yume,消えた夏の夢,きえたなつのゆめ
Saisei,再生,さいせい
Hitogoroshi no Bakemono,ひとごろしのバケモノ,ひとごろしのばけもの
Kokoro Hana,ココロハナ,こころはな
Shinenai Hoshi,死ねない星,しねないほし
Nakanaide,泣かないで,なかないで
Reberu Risetto,レベルリセット,れべるりせっと
Beri Happi,べりはっぴ,べりはっぴ
Puropoozu,プロポーズ,ぷろぽーず
Yume Ippai,ユメいっぱい,ゆめいっぱい
Saidaa,サイダー,さいだー
Minto Guriin Suusaido,ミントグリーン・スーサイド,みんとぐりーんすーさいど
Romeo,ロメオ,ろめお
Boku ga Namae wo Yobu Hi,僕が名前を呼ぶ日,ぼくがなまえをよぶひ
Sakura Saku,サクラサク,さくらさく
Himawari,ひまわり,ひまわり
"Kimi, Furu, Yamu",君、降る、止む,きみふるやむ
Kimi to Makaron,君とマカロン,きみとまかろん
Fuurinkazan,風林火山,ふうりんかざん
"Mou,,,, Sekai Saigo no Keshiki de","もう,,,,世界最後の景色で",もうせかいさいごのけしきで
I~ya I~ya I~ya,いーやいーやいーや,いーやいーやいーや
Intaanetsu Disuko,インターネッツ・ディスコ,いんたーねっつでぃすこ
Chokoreeto Ribaibaru,チョコレート・リバイバル,ちょこれーとりばいばる
Karafuru Kakuteru,カラフルカクテル,からふるかくてる
Hanamai Tsukuyomi Tan,花舞月詠譚,はなまいつくよたん
Watashi ga Koi wo Shiru Hi,私が恋を知る日,わたしがこいをしるひ
Kokoro no Katachi,ココロノカタチ,こころのかたち
Enpuresu=Disuko,エンプレス=ディスコ,えんぷれすでぃすこ
Sakkyokusuru Nara Ima no Uchi!,作曲するならいまのうち!,さっきょくするならいまのうち
Mirakuru Shoutaimu,ミラクルショウタイム,みらくるしょうたいむ
Kokuhaku,告白,こくはく
Pojitibu☆Dansu Taimu,ポジティブ☆ダンスタイム,ぽじてぃぶだんすたいむ
Hayaku Sore ni Naritai!,はやくそれになりたい!,はやくそれになりたい
Baka wo Yaru Nara,バカをやるなら,ばかをやるなら
Periko Supeesu Shippaa,ペリコ・スペースシッパー,ぺりこすぺーすしっぱー
Yoake no Ubugoe,よあけのうぶごえ,よあけのうぶごえ
Sakihokore Tokoyo no Hana,咲キ誇レ常世ノ華,さきほこれとこよのはな
Batafurai Gurafiti,バタフライ・グラフィティ,ばたふらいぐらふぃてぃ
Kutabarou ze,くたばろうぜ,くたばろうぜ
Shikku shikku shikku,シックシックシック,しっくしっくしっく
Toutetsu,トウテツ,とうてつ
Aaaaaaaaaaaa,ああああああああああああ,ああああああああああああ
Kurabu=majesuti,クラブ=マジェスティ,くらぶまじぇすてぃ
Wandahoo Nippon!,ワンダホー・ニッポン!,わんだほーにっぽん
Doubutsu no Subete,動物のすべて,どうぶつのすべて
Jasutin⇒Jaibu⇒Jasutifai,ジャスティン⇒ジャイブ⇒ジャスティファイ,じゃすてぃんじゃいぶじゃすてぃふぁい
Hai no Shi,灰ノ詩,はいのし
Shingu=Raika majiku,シング=ライカマジク,しんぐらいかまじく
Mizugiwa no Hekishoku,水際の碧色,みずぎわのへきしょく
Suupaa Nuko Waarudo,すーぱーぬこわーるど,すーぱーぬこわーるど
Kokuhaku,告白,こくはく
Kotoba Naki Kotoba,コトバナキコトバ,ことばなきことば
Shiritakunai,しりたくない,しりたくない
Shisutaa=sekutoruuju,シスター=セクトルージュ,しすたーせくとるーじゅ
Terumii,てるみい,てるみい
Shuutingu Sutaa,シューティングスター,しゅーてぃんぐすたー
Kokoro Mirai,こころみらい,こころみらい
Sharuru,シャルル,しゃるる
Chigau!!!,ちがう!!!,ちがう
Dansu Robotto Dansu,ダンスロボットダンス,だんすろぼっとだんす
Himitsu no Hako,秘密ノ箱,ひみつのはこ
Itsumademo,いつまでも,いつまでも
Sukippu Randoseru,スキップランドセル,すきっぷらんどせる
Fushichou,不死鳥,ふしちょう
Tako Ruka★Maguro Fiibaa,たこルカ★マグロフィーバー,たこるかまぐろふぃーばー
Shikakui Chikyuu wo Maruku suru,四角い地球を丸くする,しかくいちきゅうをまるくする
Shabadiiba,しゃばでぃーば,しゃばでぃーば
Hanamaru Sekai,はなまるセカイ,はなまるせかい
Kureepu! Sanpun Kukkingu♪,くれーぷ!3ぷんくっきんぐ♪,くれーぷぷんくっきんぐ
Monokuro ni Saku Beni,モノクロに咲く紅,ものくろにさくべに
Pein Ireisaa,ペインイレイサー,ぺいんいれいさー
"Watashi, Aidoru Sengen",私、アイドル宣言,わたしあいどるせんげん
Kire Kyari On,キレキャリオン,きれきゃりおん
Datsugoku,脱獄,だつごく
Sunoo Torikku,スノートリック,すのーとりっく
Panpukinzu Naitomea,パンプキンズナイトメア,ぱんぷきんずないとめあ
Gooruden Jipangu,ゴールデンジパング,ごーるでんじぱんぐ
Uchuu no ☆ Fantashii,うちゅーの☆ふぁんたじー,うちゅーのふぁんたじー
Aishiteru,愛してる,あいしてる
Chiisana Seiya no Tegami,小さな聖夜の手紙,ちいさなせいやのてがみ
Kieru Hikari,消える光,きえるひかり
Haru no Mahou,春の魔法,はるのまほう
Tenshi da to Omotte ita no ni,天使だと思っていたのに,てんしだとおもっていたのに
Dokuhaku,ドクハク,どくはく
Taiyoukei Desuko,太陽系デスコ,たいようけいですこ
Nansensu Bungaku,ナンセンス文学 ,なんせんすぶんがく
Kanshou Rein,感傷レイン,かんしょうれいん
Kareshi=Makura,カレシ=マクラ,かれしまくら
Prinsesu Kaugaaru Shoo,プリンセス・カウガール・ショー,ぷりんせすかうがーるしょー
Bokura no Dimenshon,ぼくらのディメンション,ぼくらのでぃめんしょん
Sore de Ii,それでいい,それでいい
Famiresu Ikou yo,ファミレスいこうよ,ふぁみれすいこうよ
Suupaamaaketto☆Fiibaa,スーパーマーケット☆フィーバー,すーぱーまーけっとふぃーばー
Kimi wa Daijoubu,きみはだいじょうぶ,きみはだいじょうぶ
∞Mawaru∞,∞まわる∞,まわる
\Oopun Waarudo!!!/,\オープンワールド!!!/,おーぷんわーるど
Usotsuki wa Koi no Hajimari,嘘つきは恋のはじまり,うそつきはこいのはじまり
Rabu Sejitariasu,ラブ・サジタリアス,らぶさじたりあす
Waarudowaido Fesutibaru,ワールドワイドフェスティバル,わーるどわいどふぇすてぃばる
Uragiri Mojuuru,ウラギリモジュール,うらぎりもじゅーる
Aioraito ni,アイオライトに,あいおらいとに
Sandee Minami Paaku,サンデーミナミパーク,さんでーみなみぱーく
Jama,邪魔,じゃま
Baka,馬鹿,ばか
Majikku Awaa,"""マジックアワー""",まじっくあわー
Boku no Machi,僕の街,ぼくのまち
Uorukanikku Rei Rizumu,ヴォルカニックレイリズム,ゔぉるかにっくれいりずむ
Oovaakurokku,オーヴァークロック,おーゔぁーくろっく
Yasashii Hito ni Naritai,優しい人になりたい,やさしいひとになりたい
Karafuru Pasuteru,"カラフル・パステル""",からふるぱすてる
Ningen Datta,人間だった,にんげんだった
Mata Ashita,またあした,またあした
Roki,ロキ,ろき
Sukai Rabu Fantajia,スカイラブファンタジア,すかいらぶふぁんたじあ
Koko ni Aru Koto,ここにあること,ここにあること
Kaerimichi,かえりみち,かえりみち
Negaigoto,ねがいごと,ねがいごと
Iyahon to Semishigure,イヤホンと蝉時雨,いやほんとせみしぐれ
Zantou Hanabi,残灯花火,ざんとうはなび
Mawaru Sora Usagi,回る空うさぎ,まわるそらうさぎ
Kaisei,快晴,かいせい
Izanami Toubatsu Senki,イザナミ討伐戦記,いざなみとうばつせんき
Guraave,グラーヴェ,ぐらーゔぇ
Urageshi Haato,ウラガエシハート,うらがえしはーと
Daikirai na Hazu Datta.,大嫌いなはずだった。,だいきらいなはずだった
Furamingo,フラミンゴ,ふらみんご
Doramatsurugii,ドラマツルギー,どらまつるぎー
Nijiiro no Haru,にじいろのはる,にじいろのはる
Arukoobu,アルコーブ,あるこーぶ
Ame to Petora,雨とペトラ,あめとぺとら
Hayabusa,はやぶさ,はやぶさ
Nonfantashii,ノンファンタジー,のんふぁんたじー
Hanairo ☆ Shai Gaaru,ハナイロ☆シャイガール,はないろしゃいがーる
Haroo Disutopia,ハローディストピア,はろーでぃすとぴあ
Tsuru,弦,つる
Moji no Hana,文字の華,もじのはな
Teo,テオ,てお
Dikadizumu,ディカディズム,でぃかでぃずむ
Nonde Panacea,ノンデ・パナシーア,のんでぱなしーあ
Shuumei to araba,主命とあらば,しゅうめいとあらば
Koi no Sainou,恋の才能,こいのさいのう
Andoromeda Andoromeda,アンドロメダアンドロメダ,あんどろめだあんどろめだ
Roketto Saidaa,ロケットサイダー,ろけっとさいだー
Hau Tu Waapu,ハウトゥワープ,はうとぅわーぷ
Hikou Shoujo,飛行少女,ひこうしょうじょ
Sutorato Sutera,ストラトステラ,すとらとすてら
Myoujou Gyarakutika,明星ギャラクティカ,みょうじょうぎゃらくてぃか
Ribaasu Yunibaasu,リバースユニバース,りばーすゆにばーす
"Bai Bai, Nosutarujiika",ばいばい、ノスタルジーカ,ばいばいのすたるじーか
Kabin ni Fureta,花瓶に触れた,かびんにふれた
Aikyuu Okuu,愛及屋烏,あいきゅうおくう
Koizora Yohou,恋空予報,こいぞらよほう
Suki Suki Zecchou Shou,スキスキ絶頂症,すきすきぜっちょうしょう
Ai ni Kijutsushi,愛に奇術師,あいにきじゅつし
Seishun Shoukougun,青春症候群,せいしゅんしょうこうぐん
Inochi Bakkari,命ばっかり,いのちばっかり
Oki ni Mesu mama,お気に召すまま,おきにめすまま
Raimu Raito,ライムライト,らいむらいと
Aijou Kyougen,"""愛情狂現""",あいじょうきょうげん
Roman Shugi,浪漫主義,ろまんしゅぎ
Kagefumi Etoranze,影踏みエトランゼ,かげふみえとらんぜ
Rettou Joutou,劣等上等,れっとうじょうとう
Zetsumetsu Shigan Gisoushu,絶滅志願偽装種,ぜつめつしがんぎそうしゅ
Hyouriittai,表裏一体,ひょうりいったい
Odoryanse,おどりゃんせ,おどりゃんせ
Kesera Rizumu,ケセラリズム,けせらりずむ
Bakemono Gurui,ばけものぐるい,ばけものぐるい
Dareka no Shinzou ni Nareta Nara,だれかの心臓になれたなら,だれかのしんぞうになれたなら
Shuumatsu ja nai,終末じゃない,しゅうまつじゃない
Disaido!,ディサイド!,でぃさいど
Owaru Mae no Shunkan,終わる前の瞬間,おわるまえのしゅんかん
Haipaa Goa Musasabi Sutikku Disapiari Jiiniasu,ハイパーゴアムササビスティックディサピアリジーニャス,はいぱーごあむささびすてぃっくでぃさぴありじーにゃす
Eru Tango Egoisuta,エル・タンゴ・エゴイスタ,えるたんごえごいすた
Hajimari no Iro Ritānā,ハジマリノイロリターナー,はじまりのいろりたーなー
Suimu Toraberu,スイムトラベル,すいむとらべる
Tamashii Nagashi,魂流し,たましいながし
Dandan Hayaku Naru,だんだん早くなる,だんだんはやくなる
Shoujo Rei,少女レイ,しょうじょれい
Machigai Sagashi,マチガイサガシ,まちがいさがし
Aisowarai,アイソワライ,あいそわらい
Benomu,ベノム,べのむ
Kokoro Nansensu,ココロナンセンス,こころなんせんす
Arukari Rettousei,アルカリレットウセイ,あるかりれっとうせい
Iya Gaaru,イヤガール,いやがーる
Remingu Mingu,レミングミング,れみんぐみんぐ
Barabara Kokoro,バラバラココロ,ばらばらこころ
Yoake no Ubugoe,よあけのうぶごえ,よあけのうぶごえ
Obake no Ukenerai,おばけのウケねらい,おばけのうけねらい
Onsen Zabun,温泉ざぶん,おんせんざぶん
Kimi no Kanojo,君の彼女,きみのかのじょ
Obake no Ukenerai,おばけのウケねらい,おばけのうけねらい
Kuronikuru,クロニクル,くろにくる
Haikyo no Kuni no Arisu,廃墟の国のアリス,はいきょのくにのありす
Hitotsu Me no Dokuhaku,ヒトツメの独白,ひとつめのどくはく
Jikoaisei Kawaizumu,自己愛性カワイズム,じこあいせいかわいずむ
White☆Christmas,ホワイト☆クリスマス,ほわいとくりすます
Hetarenaide yo!,ヘタレないでよ!,へたれないでよ
Adishonaru Memorii,アディショナルメモリー,あでぃしょなるめもりー
Merii☆Sekkusumasu,めりー☆せっくすます,めりーせっくすます
Shota Shota ni Shite Ageru,"ショタショタにしてあげる♪""",しょたしょたにしてあげる
Mujouken Koufuku,"""無条件幸福""",むじょうけんこうふく
Ebaaguriin,エバーグリーン,えばーぐりーん
Shinpuru,シンプル,しんぷる
Shikisai Kuriaransu,色彩クリアランス,しきさいくりあらんす
Emerarudo Shitii,エメラルドシティ,えめらるどしてぃ
Suburiminaru,サブリミナル,さぶりみなる
Buririansu,ブリリアンス,ぶりりあんす
Iro no Nai Machi,"色の無い街'''"" ",いろのないまち
Happii Raifu Kaanibaru,ハッピーライフカーニバル,はっぴーらいふかーにばる
Shinonome Sukuranburu,東雲スクランブル,しののめすくらんぶる
VOCALOID-tachi ga Tada 2 Chords Kurikaesu Dake,ボーカロイドたちがただ2コードくりかえすだけ,ぼーかろいどたちがただこーどくりかえすだけ
Ningyohime,人魚姫,にんぎょひめ
Hoshi Furu Yoru Sekai no Naka de,星降る夜 世界の中で,ほしふるよるせかいのなかで
Akari ga Yatte Kita zot',アカリがやってきたぞっ,あかりがやってきたぞっ
Himitsu no Owari ni Shukufuku o,秘密ノ終ワリニ祝福ヲ,ひみつのおわりわりにしゅくふくを
Anchi Dejitarizumu,アンチ・デジタリズム,あんちでじたりずむ
Houkago,放課後,ほうかご
Ari no Kansatsu,アリの観察,ありのかんさつ
Maousama no Uta,まおうさまのうた,まおうさまのうた
Kotonoha Suticchi,言の葉ステッチ,ことのはすてっち
Zange Mairi,懺悔参り,ざんげまいり
Harehare Ya,ハレハレヤ,はれはれや
Miku Miku Miku Miku Mi,ミクミクミクミクミ,みくみくみくみくみ
Duu Mai Besuto!,どぅーまいべすと!,どぅーまいべすと
Kantaabire × Passhioone,カンタービレ×パッシオーネ,かんたーびれぱっしおーね
Kegare no Uta,ケガレの唄,けがれのうた
Mirai Eigou,未来永劫,みらいえいごう
Ikkitousen,一騎当千,いっきとうせん
Shimensoka,四面楚歌,しめんそか
Kakumeisei: Ousama Densenbyou,革命性:オウサマ伝染病,かくめいせいおうさまでんせんびょう
Mugen no Hana,夢幻ノ華,むげんのはな
Shinsou no furoirain,深窓のフロイライン,しんそうのふろいらいん
Roketto ☆ Doraibu,ロケット☆ドライブ,ろけっとどらいぶ
Supaaku Gaaru Shindoroomu,スパークガールシンドローム,すぱーくがーるしんどろーむ
Saien,再演,さいえん
Zankyou,残響,ざんきょう
Kujira Raidaa,くじらライダー,くじららいだー
Teikoku Shoujo,帝国少女,ていこくしょうじょ
Osanai Boku wa,ヲサナイボクハ,をさないぼくは
Hana,華,はな
Kimiiro ni Somaru,君色に染まる,きみいろにそまる
Akatsuki no Hana,アカツキノハナ,あかつきのはな
Dakara Itta Desho?,だから言ったでしょ?,だからいったでしょ
Kono Hana Saku Ya,コノハナサクヤ,このはなさくや
Morea,モレア,もれあ
Anbibarentsu,アンビバレンツ,あんびばれんつ
Arata na Tsuzuki,あらたなつづき,あらたなつづき
Kasa no Shita ni Ame ga Furu,傘の下に雨が降る,かさのしたにあめがふる
Usotsuiteru no,嘘ついてるの,うそついてるの
Itai Atashi Ashita Aitai,いたいあたしあしたあいたい,いたいあたしあしたあいたい
Jigusoo Pazuru,ジグソーパズル,じぐそーぱずる
Sekai no Chuushin de Nakayubi wo Tateta Bakamono,世界の中心で中指を立てた馬鹿者,せかいのちゅうしんでなかゆびをたてたばかもの
Kimi no Kaze ni Naru,キミノカゼニナル,きみのかぜになる
Taisetsu na Koto,たいせつなこと,たいせつなこと
Pojitibu Harasumento!!!,ポジティヴ・ハラスメント!!!,ぽじてぃゔはらすめんと
Hontou no Jibun,本当の自分,ほんとうのじぶん
Garando,ガランド,がらんど
Mirai (Itsuka),未来(いつか),みらいいつか
Aregura,アレグラ,あれぐら
Waamii Anaakii,ワーミー・アナーキー,わーみーあなーきー
Tuuru,トゥール,とぅーる
Dou Demo Ii ,どうでもいい,どうでもいい
Waitoauto Oobaarain,ワイトアウト・オーバーライン,わいとあうとおーばーらいん
Kase Kusari,枷鎖,かせくさり
Kaitou,かいとう,かいとう
Rasuto Dansu,ラストダンス,らすとだんす
Reinii Deizu,レイニーデイズ,れいにーでいず
Herushii Endo,ヘルシーエンド,へるしーえんど
Mizuiro no Hi,水色の日,みずいろのひ
Suiito Merii Kurisumasu,スウィートメリークリスマス,すうぃーとめりーくりすます
Daunaa Suteppaa,ダウナーステッパー,だうなーすてっぱー
Rakki☆Oobu,ラッキー☆オーブ,らっきーおーぶ
Kureijii Biito,クレイジー・ビート,くれいじーびーと
Baiorensu Torigaa,バイオレンストリガー,ばいおれんすとりがー
Hatsune Miku no Mousou Kyoushitsu,初音ミクの妄想教室,はつねみくのもうそうきょうしつ
Chanbara Jonii,チャンバラジョニー,ちゃんばらじょにー
Bitaa suwiito,ビタースウィート,びたーすうぃーと
Tsumiki no Ningyou,積み木の人形,つみきのにんぎょう
Hana Ichi Monme,はないちもんめ,はないちもんめ
Hikari,光,ひかり
Maruku Naru,まるくなる,まるくなる
Meebiusu,メービウス,めーびうす
Hitohira no,ひとひらの,ひとひらの
Watashi Rashiku o Hokorashiku,ワタシラシクヲホコラシク,わたしらしくをほこらしく
Setsubou,切望,せつぼう
Risuto Kattaa,リストカッター,りすとかったー
Subete ga Owatte shimau Mae ni,すべてが終わってしまう前に,すべてがおわってしまうまえに
Ikite Yuku Tame ni,生きてゆくために,いきてゆくために
Miraise / Mirai yo,未来世,みらいせ
5/29 -Boku No Oto-,5/29 -ボクノオト-,ぼくのおと
Paranoiya,パラノイヤ,ぱらのいや
Naizou Arimasu ka,内臓ありますか,ないぞうありますか
Monuke no Karada,もぬけのからだ,もぬけのからだ
Beautiful na Fiction,ビューティフルなフィクション,びゅーてぃふるなふぃくしょん
""") or find(title, ""^Pinyin: "") or find(title, ""^Romanization: "") then",,
Ai,アイ,あい
Otome Kaibou,乙女解剖,おとめかいぼう
Kuro Ageha,クロアゲハ,くろあげは
Shinitai-chan,シニタイちゃん,しにたいちゃん
Hitoribocchi no Hitorigoto,ひとりぼっちのひとりごと,ひとりぼっちのひとりごと
Kaerosutiumu,カエロスティウム,かえろすてぃうむ
Gaaruzu Intaahai,ガールズインターハイ,がーるずいんたーはい
Endaa Enbaamingu,エンダーエンバーミング,えんだーえんばーみんぐ
Meruti Rando Naitomea,メルティランドナイトメア,めるてぃらんどないとめあ
Yakousei Haizu,夜行性ハイズ,やこうせいはいず
Chokoreito Onnanoko,チョコレイト・オンナノコ,ちょこれいとおんなのこ
Meteoraito・Sateraito,メテオライト・サテライト,めておらいとさてらいと
Sutaa Naito Sunou,スターナイトスノウ,すたーないとすのう
Furiidamu Roriita,フリィダム ロリィタ,ふりぃだむろりぃた
Sekando Kisu,セカンド・キス,せかんどきす
Puritinkuru Shisutaa,ぷりてぃんくるしすたぁ,ぷりてぃんくるしすたぁ
Juugosai no Shuchou,15歳の主張,じゅうごさいのしゅちょう
Shururearisumu,シュルレアリスム,しゅるれありすむ
Kawaran ne,かわらんね,かわらんね
Shinitagari,死にたがり,しにたがり
Anchi Riarizumu,アンチリアリズム,あんちりありずむ
Oeoeo,おえおえお,おえおえお
Burasu Noizu Furamenko,ブラスノイズフラメンコ,ぶらすのいずふらめんこ
Oyasumi no Naka Oyasumi,おやすみの中おやすみ,おやすみのなかおやすみ
Hanabi,花火,はなび
Mairi sato,参り里,まいりさと
Haipaa Riariti Shou,ハイパーリアリティショウ,はいぱーりありてぃしょう
Suupaa Nuko ni Narenkatta,すーぱーぬこになれんかった,すーぱーぬこになれんかった
Burakuraku,ブラクラク,ぶらくらく
Shinigami Rekoodo,シニガミレコード,しにがみれこーど
Zeusu,ゼウス,ぜうす
Sooshio,ソーシオ,そーしお
Biidoro,ビイドロ,びいどろ
Fantomu Pein,ファントムペイン,ふぁんとむぺいん
Rasuto Messeeji,ラストメッセージ,らすとめっせーじ
Unmei Ketteiron,運命決定論,うんめいけっていろん
Kuusou Ryuuseigun,空想流星群,くうそうりゅうせいぐん
Rain Aato,ラインアート,らいんあーと
Katasutorofu,カタストロフ,かたすとろふ
Ayashii Gyousha ja Arimasen,"""あやしい業者じゃありません""",あやしいぎょうしゃじゃありません
Buresu Yua Buresu,ブレス・ユア・ブレス,ぶれすゆあぶれす
Andoroido Gaaru,アンドロイドガール,あんどろいどがーる
Urara Suteppu ♪,うららすてっぷ♪,うららすてっぷ
Ajisai,紫陽花,あじさい
Niji Shibou,"""二次死亡""",にじしぼう
Fianse,フィアンセ,ふぃあんせ
Kumo ni Nattara,雲になったら,くもになったら
Sutera,ステラ,すてら
Tsukiyo no Otome,月夜の乙女,つきよのおとめ
Taitoru,タイトル,たいとる
"""Sayonara"" no Tame no ""Arigatou""",「さよなら」のための「ありがとう」,さよならのためのありがとう
Medarisuto,メダリスト,めだりすと
Koi Monogatari,恋物語,こいものがたり
Abusoryuuto,アブソリュート,あぶそりゅーと
Chichibukuro -77296-,"乳袋'''"" -77296-",ちちぶくろ
Mirai,ミライ,みらい
Shinda Aidoru,死んだアイドル,しんだあいどる
Uwa no Sora,うわの空,うわのそら
Tadaima,ただいま,ただいま
Ichibanboshi,一番星,いちばんぼし
Umi no Mieru Ie,海の見える家,うみのみえるいえ
Tsuki no Shita,月の下,つきのした
Uragirimono-tachi yo,裏切者たちよ,うらぎりものたちよ
Okaasan Okaasan Okaasan,お母さんお母さんお母さん,おかあさんおかあさんおかあさん
Anheru,アンヘル,あんへる
Supesharu Gaaru,スペシャルガール,すぺしゃるがーる
Baguragu,バグラグ,ばぐらぐ
Amaoto Noise,雨音ノイズ,あまおとのいず
Karameru Sutaazu,カラメルスターズ,からめるすたーず
Sayonara Wandaa Noizu,さよならワンダーノイズ,さよならわんだーのいず
Toritsukarete,取り付かれて,とりつかれて
Jitaa Bagu,ジターバグ,じたーばぐ
Shiu,しう,しう
Mirai Jokyoku,未来序曲,みらいじょきょく
Ruma,ルマ,るま
"Nee, Dorodoro-san",ねぇ、どろどろさん,ねぇどろどろさん
Pokapoka no Hoshi,ぽかぽかの星,ぽかぽかのほし
Karaa Kopii,カラーコピー,からーこぴー
Supekutoramu,スペクトラム,すぺくとらむ
Ring no Serafu,,
Kyokou no Masukureido,虚構のマスカレイド ,きょこうのますかれいど
Shinde Shimatta no Darou ka,死んでしまったのだろうか,しんでしまったのだろうか
Haruka,はるか,はるか
Nijiiro Chouchou,虹色蝶々,にじいろちょうちょう
Rin Ren Raririn,リンレンラリリン,りんれんらりりん
Hangyaku,反逆,はんぎゃく
Puriti Panti ☆ Aku MaRin,プリティパンティ☆悪マリン,ぷりてぃぱんてぃあくまりん
Mata ne,またね,またね
Roodo Rooraa Robo no Teema,ロードローラー・ロボのテーマ,ろーどろーらーろぼのてーま
Awase Kagami,あわせ鏡,あわせかがみ
Renzoku ♪ Rinku ♪,レンゾク♪リンク♪,れんぞくりんく
Puriti Fundoshi ☆ Aku MaRen,プリティふんどし☆悪マレン,ぷりてぃふんどしあくまれん
Ryuukotsu no Fue no Shoujo,竜骨の笛の少女,りゅうこつのふえのしょうじょ
Hikari to Kage no Ryuu,光と影の竜,ひかりとかげのりゅう
Umi Wataru Kaze no Uta,海渡る風の唄,うみわたるかぜのうた
Taishou Romanchikku,大正ロマンチック,たいしょうろまんちっく
Shounen Ginga,少年銀河,しょうねんぎんが
Soratobazu,ソラトバズ,そらとばず
Otenba Hime no Uta ♪,おてんば姫の歌♪,おてんばひめのうた
Ame no Niwa,雨の庭,あめのにわ
Omedetou,オメデトウ,おめでとう
Finaare,フィナーレ,ふぃなーれ
Eba,エバ,えば
Ima Chotto Dake Wadai no Kamisama,"""今ちょっとだけ話題の神様""",いまちょっとだけわだいのかみさま
"Miru Koto ga Dekinai, Mitainai",見ることが出来ない、 見たいない,みることができないみたいない
Rasuto Rizooto,ラストリゾート,らすとりぞーと
Jehenna,ジェヘナ,じぇへな
Horon,ホロン,ほろん
Bokka dera Berita,ボッカデラベリタ,ぼっかでらべりた
Shinikaru Naito Puran,シニカルナイトプラン,しにかるないとぷらん
Saifai Ekusutashii,サイファイエクスタシー,さいふぁいえくすたしー
Rainboodaa,レインボーダー,れいんぼーだー
Cherushii,チェルシー,ちぇるしー
Mirion Daraa Doriimaa,ミリオンダラードリーマー,みりおんだらーどりーまー
Chokoreeto Torein,チョコレート・トレイン,ちょこれーととれいん
Furyouhin,不良品,ふりょうひん
Komori Uta,孤守唄,こもりうた
Majikku Ringu Naito,マジックリングナイト,まじっくりんぐないと
Yamitai Gaaru,ヤミタイガール,やみたいがーる
Hai to Kyoukai,灰と境界,はいときょうかい
Shuuchishin ni Korosareru,羞恥心に殺される,しゅうちしんにころされる
Tiadoroppusu,ティアドロップス,てぃあどろっぷす
Tsuki no Kodou,月の鼓動,つきのこどう
Mememememe,めめめめめ,めめめめめ
Ryuu no Ko,龍ノ子,りゅうのこ
Aijou Rettousei,アイ情劣等生,あいじょうれっとうせい
Gesellschaft,ゲゼルシャフト,げぜるしゃふと
Ragu Torein,ラグトレイン,らぐとれいん
Rosuto Anburera,ロストアンブレラ,ろすとあんぶれら
Aisarenakute mo Kimi ga Iru,愛されなくても君がいる,あいされなくてもきみがいる
Himitsu no Shougakusei,ひみつの小学生,ひみつのしょうがくせい
Kazemachigusa,カゼマチグサ,かぜまちぐさ
Anchisaikuron,アンチサイクロン,あんちさいくろん
Wasurenbou no Nekokaburi,忘れん坊の猫かぶり,わすれんぼうのねこかぶり
Nonyuusu,ノンユース,のんゆーす
Fuyuu Gekkougai,浮遊月光街,ふゆうげっこうがい
Sekai,セカイ,せかい
Utsushi Asobi,うつしあそび,うつしあそび
Tsukurikake no Shinshou,ツクリカケノ心象,つくりかけのしんしょう
Kounan Ame,江南雨,こうなんあめ
Pasukaru Biitsu,パスカルビーツ,ぱすかるびーつ
Namida Denpa,ナミダ電波,なみだでんぱ
Ruupu Supina,ループスピナ,るーぷすぴな
Kuuraa Gaaru,クーラーガール,くーらーがーる
Himitsu Ongaku,秘密音楽,ひみつおんがく
Sakasama Shoujokan,さかさま少女感,さかさましょうじょかん
Gubbai Sengen,グッバイ宣言,ぐっばいせんげん
Uzumaki Hanabi,渦巻ハナビ,うずまきはなび
Kurayami ni,暗闇に,くらやみに
Ai no Katamari,愛のかたまり,あいのかたまり
Saihate no Butoukai,最果ての舞踏会,さいはてのぶとうかい
Butai,舞台,ぶたい
Egoisuto,エゴイスト,えごいすと
Chichin Pui Pui,チチンプイプイ,ちちんぷいぷい
Bookaroido no Uta,ボーカロイドのうた,ぼーかろいどのうた
Mizuiro Shinryaku,水色侵略,みずいろしんりゃく
Hajimari no Medoree ~Puraimarii Karaazu~,はじまりのメドレー ープライマリーカラーズー,はじまりのめどれーーぷらいまりーからーずー
Sheema,シェーマ,しぇーま
Sekai wa Mada Hajimatte sura Inai,セカイはまだ始まってすらいない,せかいはまだはじまってすらいない
Terekyasutaa Biibooi,テレキャスタービーボーイ,てれきゃすたーびーぼーい
Arisama,アリサマ,ありさま
Ego Rokku,エゴロック,えごろっく
Ankuroozu Hyuuman,アンクローズ・ヒューマン,あんくろーずひゅーまん
Hitori Yurari,ヒトリユラリ,ひとりゆらり
Waa Waa Waarudo,ワーワーワールド,わーわーわーるど
Heisei Sayonara Baibai,ヘイセイサヨナラバイバイ,へいせいさよならばいばい
Miruku Kuraun on Sonnechika,ミルククラウン・オン・ソーネチカ,みるくくらうんおんそーねちか
Sutera,ステラ,すてら
Ikasama Dansu,イカサマダンス,いかさまだんす
Marui Unabara,まるいうなばら,まるいうなばら
Andeddo Arisu,アンデッドアリス,あんでっどありす
Ponkotsu Za Waarudo,ポンコツザワールド,ぽんこつざわーるど
Setsuna no Uzu,刹那の渦,せつなのうず
Ano Natsu ga Houwa Suru.,あの夏が飽和する。,あのなつがほうわする
Nijiiro Sutooriizu,ニジイロストーリーズ,にじいろすとーりーず
Ravu Dauto Enputi Gaaru,ラヴダウト・エンプティガール,らゔだうとえんぷてぃがーる
Ravitto,ラヴィット,らゔぃっと
Karumia Douruzu,かるみあどーるず,かるみあどーるず
Kugutsu Asobi,クグツアソビ,くぐつあそび
ane mone guricchi,あねもねぐりっち,あねもねぐりっち
Goo Mai Wei!,ごーまいうぇい!,ごーまいうぇい
Varukiria no Houkou,ヴァルキリアの咆哮,ゔぁるきりあのほうこう
Yuuyami Sagashi,ゆう闇さがし,ゆうやみさがし
Sedamu,セダム,せだむ
Envii Beibii,エンヴィーベイビー,えんゔぃーべいびー
Hanii to no Deeto ,ハニーとのデート,はにーとのでーと
Shuredingaigaa no Koneko,シュレディンガイガーのこねこ,しゅれでぃんがいがーのこねこ
Nigechimaou ze,逃げちまおうぜ,にげちまおうぜ
Vanpaia,ヴァンパイア,ゔぁんぱいあ
Paraiso Paraiso,パライソ・パライソ,ぱらいそぱらいそ
Donaa Songu,ドナーソング,どなーそんぐ
Hibi ni Kieru,日々に消える,ひびにきえる
Romaji: Reijinesuman,レイジネスマン,れいじねすまん
Separeito,セパレイト,せぱれいと
Majikaru Dokuta,マジカルドクター,まじかるどくたー
Shinema,シネマ,しねま
Ginga Dentou,銀河電燈,ぎんがでんとう
Futekisetsu Shukujo,不適切淑女,ふてきせつしゅくじょ
Non Buresu Oburiiju,ノンブレス・オブリージュ,のんぶれすおぶりーじゅ
Angurei Deizu,アングレイデイズ,あんぐれいでいず
Tondemo Wandaazu,トンデモワンダーズ,とんでもわんだーず
Mao,マオ,まお
Attouteki Zetsubou-chan,圧倒的絶望ちゃん,あっとうてきぜつぼうちゃん
,リグレットメッセージ,りぐれっとめっせーじ
,リンリンシグナル,りんりんしぐなる
,ミラクルペイント,みらくるぺいんと
,1925,
,アブストラクト・ナンセンス,あぶすとらくとなんせんす
,サイバーサンダーサイダー,さいばーさんだーさいだー
,ピアノ×フォルテ×スキャンダル,ぴあのふぉるてすきゃんだる
,インビジブル,いんびじぶる
,トゥインクル,とぅいんくる
,パンプキン・シンドローム,ぱんぷきんしんどろーむ
,ディスコティック★ラヴ,でぃすこてぃっくらゔ
,エンクロージャー,えんくろーじゃー
,タイガーランペイジ,たいがーらんぺいじ
,リミッター,りみったー
,クローバー,くろーばー
,アンリアル・コミュニケーション,あんりあるこみゅにけーしょん
,ハローアゲイン,はろーあげいん
,トゥルリラタリラトゥルラ,とぅるりらたりらとぅるら
,ロッテンガールグロテスクロマンス,ろってんがーるぐろてすくろまんす
,ボーナスステージ,ぼーなすすてーじ
,テレパシズム,てれぱしずむ
,ベイビーユー,べいびーゆー
,'コスメティックラブ!!,こすめてぃっくらぶ
,ナルシスティックユニゾン,なるしすてぃっくゆにぞん
,グリーンストレート ,ぐりーんすとれーと
,マーメイド,まーめいど
,スーサイドガール・サイレントボーイ,すーさいどがーるさいれんとぼーい
,ポスタリゼーション!,ぽすたりぜーしょん
,アドレサンス,あどれさんす
,アンハッピーリフレイン,あんはっぴーりふれいん
,ルカルカ★ナイトフィーバー,るかるかないとふぃーばー
,アンサー,あんさー
,アウト オブ エデン,あうとおぶえでん
,マカロン,まかろん
,*ハロー、プラネット。,はろーぷらねっと
,デイジー,でいじー
,14,
,えれくとりっく・えんじぇぅ,えれくとりっくえんじぇぅ
,メグメグ☆ファイアーエンドレスナイト,めぐめぐふぁいあーえんどれすないと
,からくりピエロ,からくりぴえろ
,ハッピーマリッジイエロー,はっぴーまりっじいえろー
,ハッピーシンセサイザ,はっぴーしんせさいざ
,チェックメイト,ちぇっくめいと
,ヘッドフォンアクター,へっどふぉんあくたー
,ナイト&シガレット,ないとしがれっと
,,
,ノイジー・ワーミー,のいじーわーみー
,ライフライン,らいふらいん
,モノクロ∞ブルースカイ,ものくろぶるーすかい
,シンデレラシンドローム,しんでれらしんどろーむ
,1913,
,ジエンド,じえんど
,ワールド・コーリング,わーるどこーりんぐ
,リンカーネイション,りんかーねいしょん
,タイムリミット,たいむりみっと
,サウンド,さうんど
,クローバー♣クラブ,くろーばーくらぶ
,ノイジーラバーソウル,のいじーらばーそうる
,3331,
,ハローラフター,はろーらふたー
,ファインダー,ふぁいんだー
,ルートスフィア,るーとすふぃあ
,ドレミファロンド,どれみふぁろんど
,ナイトウォーカー,ないとうぉーかー
,,
,ディス・イズ・ラブソング,でぃすいずらぶそんぐ
,トキヲ・ファンカ,ときをふぁんか
,ロンリーチャイルド,ろんりーちゃいるど
,アメリカ,あめりか
,クラウドライダー,くらうどらいだー
,キャラメルティアドロップ,きゃらめるてぃあどろっぷ
,ビバハピ,びばはぴ
,ブルームーン,ぶるーむーん
,ブラウン,ぶらうん
,トレモロフライ,とれもろふらい
,カムパネルラ,かむぱねるら
,シルバーバレット,しるばーばれっと
,ハートビート・クロックタワー,はーとびーとくろっくたわー
,ダンサーインザダーク,だんさーいんざだーく
,パーフェクト・ジャージ・ディストーション,ぱーふぇくとじゃーじでぃすとーしょん
,,
,,
,,
,スペクタクルチューン,すぺくたくるちゅーん
,クライヤ,くらいや
,ダンスダンスデカダンス,だんすだんすでかだんす
,トイカケ,といかけ
,@,
,ワープアンドワープ,わーぷあんどわーぷ
,プラスチックケージ,ぷらすちっくけーじ
,ブリキノダンス,ぶりきのだんす
,システマティック・ラヴ,しすてまてぃっくらゔ
,エゴイスティック,えごいすてぃっく
,ユカユカ☆ヘヴンリーナイト,ゆかゆかへゔんりーないと
,ロンリースター,ろんりーすたー
,54273,
,ぼかろほりっく,ぼかろほりっく
,キャラメルマキアート,きゃらめるまきあーと
,フルチカゾン,ふるちかぞん
,ブルータワー,ぶるーたわー
,ラディカルラディカル,らでぃかるらでぃかる
,パステルイマジネーション,ぱすてるいまじねーしょん
,ネクストネスト,ねくすとねすと
,インカーネイション,いんかーねいしょん
,,
,ラストソング,らすとそんぐ
,アンチビート,あんちびーと
,ハイファイレイヴァー,はいふぁいれいゔぁー
,ショットガン・ラヴァーズ,しょっとがんらゔぁーず
,ブラックホールアーティスト,ぶらっくほーるあーてぃすと
,バイビーベイビーサヨウナラ,ばいびーべいびーさようなら
,ジェンガ,じぇんが
,トウキョウト・ロック・シティ,とうきょうとろっくしてぃ
,サマータイムレコード,さまーたいむれこーど
,ハートブレイク・ヘッドライン,はーとぶれいくへっどらいん
,シザーハンズ,しざーはんず
,メランコリックシューゲイザー,めらんこりっくしゅーげいざー
,エレクトロサチュレイタ,えれくとろさちゅれいた
,ファッキン・フライデー,ふぁっきんふらいでー
,フランベルジェ,ふらんべるじぇ
,ラブアトミック・トランスファー,らぶあとみっくとらんすふぁー
,リスキーゲーム,りすきーげーむ
,5150,
,ペイガニズム,ぺいがにずむ
,エスケープ・フロム・ディストピア,えすけーぷふろむでぃすとぴあ
,ネガポジ*コンティニューズ,ねがぽじこんてぃにゅーず
,アウトバーンカミカゼ,あうとばーんかみかぜ
,ギャングアタック,ぎゃんぐあたっく
,コロナ,ころな
,シザーロイド,しざーろいど
,アンチグラビティーズ,あんちぐらびてぃーず
,トラベリングムード,とらべりんぐむーど
,,
,エデン,えでん
,ワンツーハロー,わんつーはろー
,サムライソウル,さむらいそうる
,ワールド・オブ・パラドクス,わーるどおぶぱらどくす
,クレヨン,くれよん
,ガラスティックハート,がらすてぃっくはーと
,モーニングコール,もーにんぐこーる
,,
,ルシッドドリーミング,るしっどどりーみんぐ
,ペイメント,ぺいめんと
,スマイリー^2 (スマイリー×スマイリー),すまいりーすまいりーすまいりー
,リトルパレード,りとるぱれーど
,チルダマチルダ,ちるだまちるだ
,バスストップシケィン,ばすすとっぷしけぃん
,ミスタアクレイヂイ,みすたあくれいぢい
,アカシック・レコード,あかしっくれこーど
,イレヴンレイヴガール,いれゔんれいゔがーる
,ドール,どーる
,プリンセスシンドローム,ぷりんせすしんどろーむ
,ベジタブル・ビューティフル,べじたぶるびゅーてぃふる
,5:55,
,ジャッジメント,じゃっじめんと
,ラスボス,らすぼす
,リープ,りーぷ
,シャララ,しゃらら
,ノイズキャンセラー,のいずきゃんせらー
,ユアハイネス☆マイプリンセス,ゆあはいねすまいぷりんせす
,アリアドネ,ありあどね
,8ギガメモリー,ぎがめもりー
,スペルオブハロウズ,すぺるおぶはろうず
,サンセットラブスーサイド,さんせっとらぶすーさいど
,スウィイトポイズンファクトリィ,すうぃいとぽいずんふぁくとりぃ
,パンプキンヘッドスプーキィダンス,ぱんぷきんへっどすぷーきぃだんす
,ボーダーランズ!,ぼーだーらんず
,クロノ・ストーリー,くろのすとーりー
,マダム・メリーゴーランド,まだむめりーごーらんど
,トラベルトラブル,とらべるとらぶる
,リップクリ-ム,りっぷくりむ
,ヘイトフルワンダーランド,へいとふるわんだーらんど
,テストチューブプリンセス,てすとちゅーぶぷりんせす
,モーションブラー,もーしょんぶらー
,ハロウィンパティスリトリカトルカ,はろうぃんぱてぃすりとりかとるか
,レディインザシンギングルウム,れでぃいんざしんぎんぐるうむ
,モアモアワールド,もあもあわーるど
,ガールズ・ビィ・アンビシャス!!,がーるずびぃあんびしゃす
,ハロウィンモンスタァパーティナイト,はろうぃんもんすたぁぱーてぃないと
,ダァカァハロウィンヤムヤミギリア,だぁかぁはろうぃんやむやみぎりあ
,ガラスハートスフィア,がらすはーとすふぃあ
,24/7,
,シーザー・アンロック,しーざーあんろっく
,ステイブルー,すていぶるー
,ワンコール・ラブコール,わんこーるらぶこーる
,249.51,
,ロジックギア,ろじっくぎあ
,リスキーダイス,りすきーだいす
,7/8,
,9192631770,
,プレパラートデイズ,ぷれぱらーとでいず
,ミュージックミュージック,みゅーじっくみゅーじっく
,バトるロイヤルバレンタイン!,ばとるろいやるばれんたいん
,ホォカスポゥカスクッキング,ほぉかすぽぅかすくっきんぐ
,ストレンジマスカレエドハロウィン,すとれんじますかれえどはろうぃん
,ブレンダー・ブレンダー,ぶれんだーぶれんだー
,7,
,ヴァンパイア・ガール,ゔぁんぱいあがーる
,デッドエンドストリート,でっどえんどすとりーと
,タロンギ,たろんぎ
,ハッピー・トリガー・ハッピー,はっぴーとりがーはっぴー
,±,
,マリオネット,まりおねっと
,ザタワーオブデカダン,ざたわーおぶでかだん
,スウィートレイニーロンリネス,すうぃーとれいにーろんりねす
,フロッグダンス,ふろっぐだんす
,リバァスドールガーデン,りばぁすどーるがーでん
,ハロー、ナイトライツ,はろーないとらいつ
,アフターワールド,あふたーわーるど
,ジ・オープン,じおーぷん
,ドレミファミックス,どれみふぁみっくす
,セパレイティヴ・ラブ,せぱれいてぃゔらぶ
,メリーゴーランド,めりーごーらんど
,クワイエットプログラム,くわいえっとぷろぐらむ
,ライアーダンス,らいあーだんす
,ブラインドテラー,ぶらいんどてらー
,メルヘンポップカラーゴブリン,めるへんぽっぷからーごぶりん
,ホワイト・デイ,ほわいとでい
,リングポップラブ,りんぐぽっぷらぶ
,チョコレートイズラブバレット,ちょこれーといずらぶばれっと
,ポルカドットエイリアン,ぽるかどっとえいりあん
,メルティングスノウマンズラブソング,めるてぃんぐすのうまんずらぶそんぐ
,ビターラブスイートラブ,びたーらぶすいーとらぶ
,ゴシックロリィタドレスアップズ,ごしっくろりぃたどれすあっぷず
,ウェンディ,うぇんでぃ
,? ? ?,
,,
,,
,パズルガール,ぱずるがーる
,ソープラグーン,そーぷらぐーん
,ブラッディーメアリー,ぶらっでぃーめありー
,バンカーバスター,ばんかーばすたー
,あだると・ぱっち,あだるとぱっち
,ゴッドオブマリー,ごっどおぶまりー
,モノクロームシャングリラ,ものくろーむしゃんぐりら
,チャイニーズドグマ,ちゃいにーずどぐま
,パンデミックラブディストーション,ぱんでみっくらぶでぃすとーしょん
,インパクトデスエンティティー,いんぱくとですえんてぃてぃー
,スイートフルデイズ,すいーとふるでいず
,リボルバードラゴン,りぼるばーどらごん
,キャンディライフ☆,きゃんでぃらいふ
,"""ジャック・オ・ランタン""",じゃっくおらんたん
,ポップンガール@コミュニケーション,ぽっぷんがーるこみゅにけーしょん
,500001,
,エルゴノミックヒーロー,えるごのみっくひーろー
,,
,,
,ゴシックロリィタドレスアップズ2,ごしっくろりぃたどれすあっぷず
,ハーフムーンラビット,はーふむーんらびっと
,ハッピィハロウィンミュシカズ,はっぴぃはろうぃんみゅしかず
,カオスインマイヘッド,かおすいんまいへっど
,トラッシュ・アンド・トラッシュ!,とらっしゅあんどとらっしゅ
,サイコティックラウンジ,さいこてぃっくらうんじ
,カレーパラダイス,かれーぱらだいす
,メギド,めぎど
,フォーリンロジカルショウ,ふぉーりんろじかるしょう
,アローン,あろーん
,8,
,スリーコード ラヴレター,すりーこーどらゔれたー
,ハズルーズ・レイジバッグ,はずるーずれいじばっぐ
,エリカ,えりか
,ハイドアンド・シーク,はいどあんどしーく
,スターメイト,すたーめいと
,スリンキーハート,すりんきーはーと
,パラドキシカル・パラダイム,ぱらどきしかるぱらだいむ
,7305,
,マーメイド,まーめいど
,マイソング,まいそんぐ
,マイペース,まいぺーす
,マイライフ,まいらいふ
,スカーレット,すかーれっと
,ビースト・ダンス,びーすとだんす
,∞,
,ウェイリング・ベイビーズ,うぇいりんぐべいびーず
,ソリチュード・サマー,そりちゅーどさまー
,ソーシャルマッドネス,そーしゃるまっどねす
,,
,86,
,チェリーハント,ちぇりーはんと
,アンノウン・マザーグース,あんのうんまざーぐーす
,,
,アンハッピーバースデイ,あんはっぴーばーすでい
,1,
,999,
,ミシュマシュパンプキンナイト,みしゅましゅぱんぷきんないと
,,
,,
,フィクサー,ふぃくさー
, ,
,ビーストインザビューティ,びーすといんざびゅーてぃ
,ハンドメイド・アニバーサリー,はんどめいどあにばーさりー
,シンクロナイザー,しんくろないざー
,メーベル,めーべる
,,
,ジャガーノート,じゃがーのーと
,レディーレ,れでぃーれ
,アウトサイダー,あうとさいだー
,ステイルメイト,すているめいと
,グリーンライツ・セレナーデ,ぐりーんらいつせれなーで
,ベジタリアン ,べじたりあん
,フラジール,ふらじーる
,ターミナル,たーみなる
,プロトディスコ,ぷろとでぃすこ
,トーキョーゲットー,とーきょーげっとー
,ノスタルジックドリームガール,のすたるじっくどりーむがーる
,ユニバース,ゆにばーす
,エンドロール,えんどろーる
,ベロニカ,べろにか
,トーデス・トリープ,とーですとりーぷ
,スーサイドパレヱド,すーさいどぱれゑど
,?,
,メリーバッドエンド,めりーばっどえんど
,ドリームレス・ドリームス,どりーむれすどりーむす
,ドリームキラー,どりーむきらー
,マイナスレッテル,まいなすれってる
,,
,ハイスペックニート,はいすぺっくにーと
,6.25,
,バニカ・コンチェルト!!,ばにかこんちぇると
,ソング オブ サードピリオド,そんぐおぶさーどぴりおど
,ベイビー・ネイビー・ブルー,べいびーねいびーぶるー
,ワンダーガールとラビリンスゲート,わんだーがーるとらびりんすげーと
,,
,グリーンライツ・セレナーデ,ぐりーんらいつせれなーで
,カメリア,かめりあ
,,
,ロンリーダンス,ろんりーだんす
,〇,
,シャリューゲ,しゃりゅーげ
,アヤカシ,あやかし
,アスター,あすたー
,ヴィンテージ・モディファイ,ゔぃんてーじもでぃふぁい
,タイトル,たいとる
,メルト,めると
,2717,
,ピーピープープー,ぴーぴーぷーぷー
,バンシー・ストライクス,ばんしーすとらいくす
,,
,,
,,
,,
,2018,
,6,
,アユミ☆マジカルショータイム,あゆみまじかるしょーたいむ
, ,
,,
,スターライト,すたーらいと
,マイネームイズラヴソング,まいねーむいずらゔそんぐ
, ,
,8/8/18,
,トラボティック・ワールド,とらぼてぃっくわーるど
,,
,ポテト,ぽてと
,ヴィラン,ゔぃらん
,ビターチョコデコレーション,びたーちょこでこれーしょん
,20/20,
,ドライドライフラワー,どらいどらいふらわー
,-15-,
,シンクロナイズドローム,しんくろないずどろーむ
,ノンテンダーアラウド,のんてんだーあらうど
,ティアードクライシス,てぃあーどくらいしす
,コネクショネレジー,こねくしょねれじー
,ウィーニーウォーカー,うぃーにーうぉーかー
,アーライピー,あーらいぴー
,ゾイトロープ,ぞいとろーぷ
,オートファジー,おーとふぁじー
,8424,
,タイニーバニー,たいにーばにー
,「 」,
,「 」,
,スパイラル・デイズ,すぱいらるでいず
,ポジティブ・パレード,ぽじてぃぶぱれーど
,カラフルコネクタ,からふるこねくた
,,
,,
,,
,アイディスマイル,あいでぃすまいる
,「1」,
